broker_folder,markdown_file,document_sha1,processed_at,raw_json_path,broker_name,publish_date,announcement_stage,procurement_category,project_subcategory,project_name,procurement_method,procurement_action,procurement_scope_summary,budget_amount_yuan,ceiling_price_yuan,winning_amount_yuan,bid_deadline_at,service_period_months,delivery_period_days,winning_supplier
boci_securities,110d71e3bcc3816b2f1a3760.md,88ae310bc0c03c7038cad9fd8dfbfdc6aefe4594,2026-06-25T08:25:12.250904+00:00,D:\Auto_capture_info\documents\structured_announcements\raw_json\boci_securities\110d71e3bcc3816b2f1a3760.json,中银国际证券,,采购招标,其他,工程装修与物业,中银证券烟台营业部办公场地装修,邀请招标,,,,,,,,,
boci_securities,4df9730a995603860629cc82.md,9630e793567c149aa679a8c9862185696eeb21ba,2026-06-25T08:25:12.250628+00:00,D:\Auto_capture_info\documents\structured_announcements\raw_json\boci_securities\4df9730a995603860629cc82.json,中银国际证券,,采购招标,IT软硬件,网络与信息安全,中银国际证券股份有限公司SDWAN产品国产化改造项目【SDWAN控制器软件License】,竞争性谈判,,,,,,,,,
boci_securities,593035416f7c7ca79d37c0a4.md,070a5a764703abce9998ea82f0fd17e24c8f12f1,2026-06-25T08:25:12.251391+00:00,D:\Auto_capture_info\documents\structured_announcements\raw_json\boci_securities\593035416f7c7ca79d37c0a4.json,中银证券,,采购招标,专业及金融服务,人力与外包服务,中银证券驾驶员外包服务整合采购项目（第二次）,竞争性磋商,,,,,,,,,
boci_securities,6c28548ef543894119b34706.md,b9bcc0ac52dfb754268f58e37522308af738e0dc,2026-06-25T08:25:12.250851+00:00,D:\Auto_capture_info\documents\structured_announcements\raw_json\boci_securities\6c28548ef543894119b34706.json,中银国际证券,2026-05-19,采购招标,专业及金融服务,法律与合规服务,中银国际证券股份有限公司关于聘请律师事务所为公募基金产品管理相关事宜提供法律服务项目,公开招标,,,,,,,,,
boci_securities,770c184f0574c7c0b1cbbcbc.md,dbdb3b43ad08ba832ea838c80460609e5aa05420,2026-06-25T08:25:12.253728+00:00,D:\Auto_capture_info\documents\structured_announcements\raw_json\boci_securities\770c184f0574c7c0b1cbbcbc.json,中银国际证券,,采购招标,其他,行政与办公后勤,上海虹口区东长治路证券营业部采购保洁服务,公开招标,,,,,,,,,
boci_securities,abf3ad55e9ecb623e3724a10.md,fade5f90737392766150a3a3232ab43ac5eba1e3,2026-06-25T08:25:12.252210+00:00,D:\Auto_capture_info\documents\structured_announcements\raw_json\boci_securities\abf3ad55e9ecb623e3724a10.json,中银国际证券,,采购招标,其他,工程装修与物业,深圳龙翔大道营业部扩租办公场所装修工程项目,公开招标,,,,,,,,,
boci_securities,b9bd45543855c5c43de292e2.md,2c9188caee067580f32cbbd14c67bca05bb97adb,2026-06-25T08:25:12.253154+00:00,D:\Auto_capture_info\documents\structured_announcements\raw_json\boci_securities\b9bd45543855c5c43de292e2.json,中银国际证券,2026-05-27,采购招标,IT软硬件,基础算力与云存储,中银证券2026年数据备份介质统一采购项目,询价,,,,,,,,,
boci_securities,dfd6056cd2f5366dffc5e1c7.md,f19b20461660b0f1b1cb93164328bd36c53a95e7,2026-06-25T08:25:12.256198+00:00,D:\Auto_capture_info\documents\structured_announcements\raw_json\boci_securities\dfd6056cd2f5366dffc5e1c7.json,中银证券,,采购招标,专业及金融服务,人力与外包服务,中银证券驾驶员外包服务整合采购项目,竞争性磋商,,,,,,,,,
boci_securities,eb456effca8105d6e8048c35.md,2fb32d7a5d0d09065d82b97acac78dc86c38cda3,2026-06-25T08:25:12.256095+00:00,D:\Auto_capture_info\documents\structured_announcements\raw_json\boci_securities\eb456effca8105d6e8048c35.json,中银国际证券,,采购招标,专业及金融服务,法律与合规服务,中银证券聘请非诉讼常年法律顾问项目,竞争性磋商,,,,,,,,,
caitong_securities,063f439230bc970e85fc7213.md,75429fd4568d591ef2ef6482f5fcd211e3ce6ab7,2026-06-25T08:25:12.256014+00:00,D:\Auto_capture_info\documents\structured_announcements\raw_json\caitong_securities\063f439230bc970e85fc7213.json,财通证券,2026-06-05,结果公示,专业及金融服务,营销与投研数据,2026年资讯及日常运营内容采购项目,单一来源,,,,,,,,,上海财联社金融科技有限公司
caitong_securities,0f6247d06feabd528b987e11.md,5d9f3d02b3f671735874eda23f5438c71cea49c3,2026-06-25T08:25:12.257523+00:00,D:\Auto_capture_info\documents\structured_announcements\raw_json\caitong_securities\0f6247d06feabd528b987e11.json,财通证券,2026-06-12,结果公示,专业及金融服务,营销与投研数据,2026年继续采购同花顺股票热度因子数据项目,单一来源,,,,,,,,,浙江同花顺智能科技有限公司
caitong_securities,100f5a025833ae213d59821c.md,9e77ca547a756c10c2601eb8cf3643461419919a,2026-06-25T08:25:12.257605+00:00,D:\Auto_capture_info\documents\structured_announcements\raw_json\caitong_securities\100f5a025833ae213d59821c.json,财通证券,2026-06-24,结果公示,其他,其他未分类,财通证券2026年工会会员文旅消费券采购项目,公开招标,,,,,,,,,杭州福之福电子商务有限公司
caitong_securities,15c788f7297a3aba94284080.md,bcbb84e1516e1026636c1b501ccd10e31c83590e,2026-06-25T08:25:12.260849+00:00,D:\Auto_capture_info\documents\structured_announcements\raw_json\caitong_securities\15c788f7297a3aba94284080.json,财通证券,2026-06-23,结果公示,其他,行政与办公后勤,财通证券股份有限公司2026—2028年上海富汇大厦绿植租摆采购项目,公开招标,,,,,,,,,上海坤石园林绿化工程有限公司
caitong_securities,2c315268a3d25cd4852e921d.md,f4a5ca76960c06c48d8d5703263c5e4cabb693c9,2026-06-25T08:25:12.261645+00:00,D:\Auto_capture_info\documents\structured_announcements\raw_json\caitong_securities\2c315268a3d25cd4852e921d.json,财通证券,2026-06-23,结果公示,专业及金融服务,营销与投研数据,财通证券2026年危机公关咨询服务项目,公开招标,,,,,296000,,,,北京中视正宣文化发展有限公司
caitong_securities,3a92e47e47d3765742a84c05.md,2e92032ea99c72d0baa4f903a34ca3c5c77f29c9,2026-06-25T08:25:12.261134+00:00,D:\Auto_capture_info\documents\structured_announcements\raw_json\caitong_securities\3a92e47e47d3765742a84c05.json,财通证券,2026-06-16,采购招标,专业及金融服务,法律与合规服务,2026年常年法律顾问供应商入围项目,公开招标,,,,,,,,,
caitong_securities,3c17d922d76cc817f4d3f88d.md,3950619c33d6a976e3ebd41ae56e8a0dc130b418,2026-06-25T08:25:12.261700+00:00,D:\Auto_capture_info\documents\structured_announcements\raw_json\caitong_securities\3c17d922d76cc817f4d3f88d.json,财通证券,2026-06-16,结果公示,IT软硬件,业务系统与软件,2026年企业微信会话存档授权费和外部联系人费用项目,单一来源,,,,,,,,,深圳市腾讯计算机系统有限公司
caitong_securities,43a019180a2e24690d231b96.md,d46364e43f7ef07eb3fa1f4a879bc770f3207aab,2026-06-25T08:25:12.265462+00:00,D:\Auto_capture_info\documents\structured_announcements\raw_json\caitong_securities\43a019180a2e24690d231b96.json,财通证券,2026-06-02,结果公示,专业及金融服务,营销与投研数据,杭州庆春路营业部2026年高临论坛咨询服务采购项目,单一来源,,,,,,,,,高临管理咨询（上海）有限公司
caitong_securities,46fc4b428de6391c5d8de053.md,4420ba472443c55dc4ec5395444b125059fbe626,2026-06-25T08:25:12.263288+00:00,D:\Auto_capture_info\documents\structured_announcements\raw_json\caitong_securities\46fc4b428de6391c5d8de053.json,财通证券,2026-05-29,结果公示,IT软硬件,业务系统与软件,其他(技术平台)-AI 基础大模型服务-AI AGENT 平台订阅,单一来源,,,,,,,,,北京火山引擎科技有限公司
caitong_securities,4aecbfeab361dfd6257e60c3.md,0fbce26c6cf94b3366e3bea2f73333f9f961f196,2026-06-25T08:25:12.262196+00:00,D:\Auto_capture_info\documents\structured_announcements\raw_json\caitong_securities\4aecbfeab361dfd6257e60c3.json,财通证券,2026-06-15,采购招标,专业及金融服务,法律与合规服务,2026年常年法律顾问供应商入围项目,公开招标,,,,,,,,,
caitong_securities,622264e5837816183c74121f.md,0c1b2116e11c4666fbb4242025b3bdcc5ea64b97,2026-06-25T08:25:12.266355+00:00,D:\Auto_capture_info\documents\structured_announcements\raw_json\caitong_securities\622264e5837816183c74121f.json,财通证券,2026-06-23,结果公示,IT软硬件,业务系统与软件,其他项目（监管）-上交所新固定收益系统市场接口优化项目（改造）,单一来源,,,,,,,,,恒生电子股份有限公司
caitong_securities,669b01ccf8b1bbe800ff673f.md,7ea9c7e428fc3e161399b4ede599521bac17608c,2026-06-25T08:25:12.268201+00:00,D:\Auto_capture_info\documents\structured_announcements\raw_json\caitong_securities\669b01ccf8b1bbe800ff673f.json,财通证券,2026-06-04,结果公示,IT软硬件,IT运维与外包,新三板督导助手2026-2027年度运维服务项目,单一来源,,,,,,,,,北京财证通信息技术有限公司
caitong_securities,6be49475f3ab3e89e5803f0a.md,4a695fad6239056e07257f5f747f9b3160e00121,2026-06-25T08:25:12.267998+00:00,D:\Auto_capture_info\documents\structured_announcements\raw_json\caitong_securities\6be49475f3ab3e89e5803f0a.json,财通证券,2026-06-23,结果公示,IT软硬件,业务系统与软件,其他项目(监管)-通达信系统(滨江机房)交易等模块信创改造项目,单一来源,,,,,,,,,深圳市财富趋势科技股份有限公司
caitong_securities,77e8b34a18cb9797fbd7cd37.md,96ae41dd7339fa8331126c4298ab6aac94c93501,2026-06-25T08:25:12.266996+00:00,D:\Auto_capture_info\documents\structured_announcements\raw_json\caitong_securities\77e8b34a18cb9797fbd7cd37.json,财通证券,2026-06-24,结果公示,IT软硬件,业务系统与软件,UF3.0受益所有人功能改造,单一来源,,,,,,,,,恒生电子股份有限公司
caitong_securities,7a98ed98fc6ea8b3a060deb5.md,e1cd5132417ad8970d2cf852bbb6c3e87ac0c4b8,2026-06-25T08:25:12.267596+00:00,D:\Auto_capture_info\documents\structured_announcements\raw_json\caitong_securities\7a98ed98fc6ea8b3a060deb5.json,财通证券,2026-06-15,采购招标,IT软硬件,网络与信息安全,存量业务系统XC改造配套网络设备采购项目,询价采购,,,,,,,,,
caitong_securities,7d304a84a46a96cda2b8cd2d.md,ebb891a7d4dde76ae00a5b27ffe777d018017a63,2026-06-25T08:25:12.269298+00:00,D:\Auto_capture_info\documents\structured_announcements\raw_json\caitong_securities\7d304a84a46a96cda2b8cd2d.json,财通证券,2026-05-25,结果公示,IT软硬件,业务系统与软件,深沪多资产ETF项目（改造）,单一来源,,,,,,,,,恒生电子股份有限公司
caitong_securities,7d304a84a46a96cda2b8cd2d.md,ebb891a7d4dde76ae00a5b27ffe777d018017a63,2026-06-25T08:25:12.269298+00:00,D:\Auto_capture_info\documents\structured_announcements\raw_json\caitong_securities\7d304a84a46a96cda2b8cd2d.json,财通证券,2026-05-25,结果公示,IT软硬件,业务系统与软件,深沪多资产ETF项目（改造）,单一来源,,,,,,,,,深圳华锐分布式技术股份有限公司
caitong_securities,7d304a84a46a96cda2b8cd2d.md,ebb891a7d4dde76ae00a5b27ffe777d018017a63,2026-06-25T08:25:12.269298+00:00,D:\Auto_capture_info\documents\structured_announcements\raw_json\caitong_securities\7d304a84a46a96cda2b8cd2d.json,财通证券,2026-05-25,结果公示,IT软硬件,业务系统与软件,深沪多资产ETF项目（改造）,单一来源,,,,,,,,,福建新意科技有限公司
caitong_securities,8278aff9617ad4d68c21d13a.md,7083146710b4b074a6b1cb2c72a2974242d3bc5a,2026-06-25T08:25:12.271422+00:00,D:\Auto_capture_info\documents\structured_announcements\raw_json\caitong_securities\8278aff9617ad4d68c21d13a.json,财通证券,2026-06-24,采购招标,IT软硬件,基础算力与云存储,2026年NAS存储设备更新项目（重新招标）,公开招标,,,,,,,,,
caitong_securities,a453f4bda6a33aa9f8f7609e.md,260f1e880da5f22d1bac646f056966b101891796,2026-06-25T08:25:12.270690+00:00,D:\Auto_capture_info\documents\structured_announcements\raw_json\caitong_securities\a453f4bda6a33aa9f8f7609e.json,财通证券,2026-06-24,采购招标,IT软硬件,IT运维与外包,2026年网络维保服务费项目,竞争性谈判,,,,,,,,,
caitong_securities,a7d8875c0122cd25e5c8dfe0.md,68caadf7ed35a25912d909405c71b4dca46b00dd,2026-06-25T08:25:12.271079+00:00,D:\Auto_capture_info\documents\structured_announcements\raw_json\caitong_securities\a7d8875c0122cd25e5c8dfe0.json,财通证券,2026-06-25,结果公示,IT软硬件,基础算力与云存储,2026年数据中心信创超融合软件扩容（追加）项目-标项一,询价采购,,,,,568000,,,,上海先云网络科技有限公司
caitong_securities,a7d8875c0122cd25e5c8dfe0.md,68caadf7ed35a25912d909405c71b4dca46b00dd,2026-06-25T08:25:12.271079+00:00,D:\Auto_capture_info\documents\structured_announcements\raw_json\caitong_securities\a7d8875c0122cd25e5c8dfe0.json,财通证券,2026-06-25,结果公示,IT软硬件,基础算力与云存储,2026年数据中心信创超融合软件扩容（追加）项目-标项二,询价采购,,,,,303000,,,,浙江爱特电子技术股份有限公司
caitong_securities,ae90888b3c61fa8759429e4d.md,f2f2ecc85c8313c57b2930af92357da5d142820d,2026-06-25T08:25:12.281404+00:00,D:\Auto_capture_info\documents\structured_announcements\raw_json\caitong_securities\ae90888b3c61fa8759429e4d.json,财通证券,2026-06-12,采购招标,IT软硬件,IT运维与外包,财通证券股份有限公司其他（技术平台）-用户业务感知技术服务(重新招标)项目,公开招标,,,,,,,,,
caitong_securities,b1b09e9f9c67559cc2e70383.md,9d7f14700486ef36f06665b37c0670bcd98f51cb,2026-06-25T08:25:12.273332+00:00,D:\Auto_capture_info\documents\structured_announcements\raw_json\caitong_securities\b1b09e9f9c67559cc2e70383.json,财通证券,2026-06-02,结果公示,专业及金融服务,营销与投研数据,杭州庆春路营业部2026年弘则弥道（上海）咨询服务采购项目,单一来源,,,,,,,,,弘则弥道（上海）投资咨询有限公司
caitong_securities,b4e9dfcad685c9735e0c3d40.md,cbd2987a7ceff4b407a5edc8921f2d17789d72c7,2026-06-25T08:25:12.273950+00:00,D:\Auto_capture_info\documents\structured_announcements\raw_json\caitong_securities\b4e9dfcad685c9735e0c3d40.json,财通证券,2026-06-17,采购招标,其他,其他未分类,杭州总部生产类报废资产处置项目,公开招标,,,,,,,,,
caitong_securities,c28d24822c82fe47b85db3ab.md,7e1eb5ee0008ddb9a13353ae62dc3683d03f556c,2026-06-25T08:25:12.276184+00:00,D:\Auto_capture_info\documents\structured_announcements\raw_json\caitong_securities\c28d24822c82fe47b85db3ab.json,财通证券,2026-06-22,采购招标,IT软硬件,网络与信息安全,财通证券股份有限公司上海外部机房建设项目网络设备采购项目,询价采购,,,,,,,,,
caitong_securities,cbe112badb0a56f3b3c622af.md,70e9eaf3f508af968d264b47b9b496d7844634bd,2026-06-25T08:25:12.276243+00:00,D:\Auto_capture_info\documents\structured_announcements\raw_json\caitong_securities\cbe112badb0a56f3b3c622af.json,财通证券,2026-06-02,结果公示,专业及金融服务,营销与投研数据,杭州庆春路营业部2026年弘则弥道（上海）咨询服务采购项目,单一来源,,,,,,,,,弘则弥道（上海）投资咨询有限公司
caitong_securities,cd611b80520c9c18bf40d6eb.md,da604fdd9c8698469f40f73c52394564b3c1f56e,2026-06-25T08:25:12.276995+00:00,D:\Auto_capture_info\documents\structured_announcements\raw_json\caitong_securities\cd611b80520c9c18bf40d6eb.json,财通证券,2026-06-24,结果公示,专业及金融服务,营销与投研数据,财通证券2026年上证报品宣、高端资讯及机构对接合作项目,单一来源采购,,,,,1190000,,,,上海证券信息有限公司
caitong_securities,dace05ff9608cbc8f9738240.md,b67213ab0d747357157d8b352daf83935d7c93a3,2026-06-25T08:25:12.276853+00:00,D:\Auto_capture_info\documents\structured_announcements\raw_json\caitong_securities\dace05ff9608cbc8f9738240.json,财通证券,2026-06-23,采购招标,专业及金融服务,法律与合规服务,2026年常年法律顾问供应商入围项目,公开招标,,,,,,,,,
caitong_securities,dafd34c0973fad1b827e12cc.md,8a535f3db03a8192ae4690c1d7aacb95719c8678,2026-06-25T08:25:12.288426+00:00,D:\Auto_capture_info\documents\structured_announcements\raw_json\caitong_securities\dafd34c0973fad1b827e12cc.json,财通证券,2026-06-24,结果公示,IT软硬件,业务系统与软件,公司员工培训工作室课件播放一体机采购项目,政企直购,,,,,132000,,,,神州数码数云科技有限公司
caitong_securities,dcd0c49dccced979dde64398.md,fbcbe68717c72498adcce9e3ff8d3cfb1da8ade1,2026-06-25T08:25:12.290214+00:00,D:\Auto_capture_info\documents\structured_announcements\raw_json\caitong_securities\dcd0c49dccced979dde64398.json,财通证券,2026-06-16,采购招标,专业及金融服务,人力与外包服务,财通证券2026-2028年公司补充医保服务商采购项目,公开招标,,,,,,,,,
caitong_securities,e13f74491f350fb0fcab1e3d.md,37ff82f970825f7bf017fa7ef5c52b179a799b7e,2026-06-25T08:25:12.288477+00:00,D:\Auto_capture_info\documents\structured_announcements\raw_json\caitong_securities\e13f74491f350fb0fcab1e3d.json,财通证券,2026-06-22,结果公示,IT软硬件,网络与信息安全,2026数据中心WAF订阅服务采购项目,竞争性谈判,,,,,,,,,上海迈望信息技术有限公司
caitong_securities,f6f9c367b58b931990c08f05.md,28625bf33def5856868cadf33fb7ca223bf151c0,2026-06-25T08:25:12.290260+00:00,D:\Auto_capture_info\documents\structured_announcements\raw_json\caitong_securities\f6f9c367b58b931990c08f05.json,财通证券,2026-06-25,流标废标,IT软硬件,IT运维与外包,财通证券股份有限公司其他（技术平台）-用户业务感知技术服务(重新招标)项目,公开招标,,,,,,,,,
changjiang_securities,0e1398e80b0a6dc57de54876.md,88df98b9a3fcffd4ca994d6cea85904fb52e147d,2026-06-25T08:25:12.291741+00:00,D:\Auto_capture_info\documents\structured_announcements\raw_json\changjiang_securities\0e1398e80b0a6dc57de54876.json,长江证券,2026-05-06,采购招标,其他,工程装修与物业,长江证券CBD数据中心机房E改造工程项目,公开招标,,,,,,,,,
changjiang_securities,161c4f610fc091d7c2c18cf5.md,e7d460b1b9b2e87136aa1470d9a715bd61422e16,2026-06-25T08:25:12.293168+00:00,D:\Auto_capture_info\documents\structured_announcements\raw_json\changjiang_securities\161c4f610fc091d7c2c18cf5.json,长江证券,2025-11-21,采购招标,专业及金融服务,审计与咨询服务,遴选公司债券承销商项目,公开招标,,,,,,,,,
changjiang_securities,864aca4c81d2e66b187d20ff.md,1301af84e7c49afa135ab1e9675779fe587fe0e1,2026-06-25T08:25:12.294234+00:00,D:\Auto_capture_info\documents\structured_announcements\raw_json\changjiang_securities\864aca4c81d2e66b187d20ff.json,长江证券,2025-09-19,采购招标,专业及金融服务,审计与咨询服务,开发运维一体化能力成熟度四级咨询评估服务采购项目,公开招标,,,,,,,,,
changjiang_securities,9748c7fce84197a79e0220ea.md,34bb3653db941b80294875664c8bfd5e5537d2ce,2026-06-25T08:25:12.297485+00:00,D:\Auto_capture_info\documents\structured_announcements\raw_json\changjiang_securities\9748c7fce84197a79e0220ea.json,长江证券,2026-01-14,采购招标,其他,工程装修与物业,长江证券网点装修标准手册项目,公开招标,,,,,,,,,
changjiang_securities,a7f4d4d1e7bb41ca12377e48.md,3820ece4761f9018dd6c0ef35bd422b538bc62c5,2026-06-25T08:25:12.297828+00:00,D:\Auto_capture_info\documents\structured_announcements\raw_json\changjiang_securities\a7f4d4d1e7bb41ca12377e48.json,长江证券,2025-09-25,采购招标,其他,工程装修与物业,长江证券大厦部分区域综合防水维修改造项目,公开招标,,,,,,,,,
changjiang_securities,c319fc853d7a185b65c96649.md,3c37525e1da44aa16d0da624cdea1d3cb181c64a,2026-06-29T01:23:01.361735+00:00,D:\Auto_capture_info\documents\structured_announcements\raw_json\changjiang_securities\c319fc853d7a185b65c96649.json,,,,,,,,,,,,,,,,
changjiang_securities,c883850d909c45e9ee155c9b.md,09cbbd03584d56d84b8993ed0df697440334025a,2026-06-25T08:25:12.297515+00:00,D:\Auto_capture_info\documents\structured_announcements\raw_json\changjiang_securities\c883850d909c45e9ee155c9b.json,长江证券,2026-06-14,采购招标,IT软硬件,网络与信息安全,长江证券App安全服务采购项目,公开招标,,,,,,,,,
changjiang_securities,cbabfb789ff642aa1d6a847f.md,5f55211c9c19bfa4d14e08881e0d388b4fb49e90,2026-06-25T08:25:12.298302+00:00,D:\Auto_capture_info\documents\structured_announcements\raw_json\changjiang_securities\cbabfb789ff642aa1d6a847f.json,长江证券,2025-11-14,采购招标,专业及金融服务,营销与投研数据,长江证券文化品牌宣传片制作项目,公开招标,,,,,,,,,
changjiang_securities,e522fc2f8e4761f1b1082127.md,252a83bc53b9ee33d3f672cf7c05f29b812f2435,2026-06-25T08:25:12.298702+00:00,D:\Auto_capture_info\documents\structured_announcements\raw_json\changjiang_securities\e522fc2f8e4761f1b1082127.json,长江证券,2026-04-16,采购招标,IT软硬件,业务系统与软件,人力资源管理系统升级改造项目,公开招标,,,,,,,,,
changjiang_securities,fe408caf0ded8f0d367fd6a5.md,9f4b586aa1fd7e78e9a930579af536a2a92ea0a3,2026-06-25T08:25:12.298766+00:00,D:\Auto_capture_info\documents\structured_announcements\raw_json\changjiang_securities\fe408caf0ded8f0d367fd6a5.json,长江证券,2026-04-21,采购招标,其他,工程装修与物业,长江证券股份有限公司光谷数据中心机房工程设计项目,公开招标,,,,,,,,,
chengtong_securities,087aab647fb4ab4531cae554.md,d903269c48c457d722f1708a9ff6de0df2d9ba16,2026-06-25T08:25:12.304727+00:00,D:\Auto_capture_info\documents\structured_announcements\raw_json\chengtong_securities\087aab647fb4ab4531cae554.json,诚通证券,2026-04-23,采购招标,IT软硬件,业务系统与软件,2026年第一批中间件采购项目,公开招标,,,,,,,,,
chengtong_securities,0a28810fb2c3a7b44c22cb37.md,f3460a5c6637944a5db2c8ffddd5e3fe570f037f,2026-06-25T08:25:12.305179+00:00,D:\Auto_capture_info\documents\structured_announcements\raw_json\chengtong_securities\0a28810fb2c3a7b44c22cb37.json,诚通证券,2025-07-28,采购招标,IT软硬件,基础算力与云存储,诚通证券2025年数据备份平台项目,公开招标,,,,,,,,,
chengtong_securities,178e00bd6a9fae02d6bd7ad4.md,148a4ec691768874f17506f21f13e8472f49cbf7,2026-06-25T08:25:12.305485+00:00,D:\Auto_capture_info\documents\structured_announcements\raw_json\chengtong_securities\178e00bd6a9fae02d6bd7ad4.json,诚通证券,2026-04-29,结果公示,IT软硬件,基础算力与云存储,诚通证券2026年第一批设备采购项目-标包一,公开招标,,,,,,,,,北京银信长远科技股份有限公司
chengtong_securities,178e00bd6a9fae02d6bd7ad4.md,148a4ec691768874f17506f21f13e8472f49cbf7,2026-06-25T08:25:12.305485+00:00,D:\Auto_capture_info\documents\structured_announcements\raw_json\chengtong_securities\178e00bd6a9fae02d6bd7ad4.json,诚通证券,2026-04-29,结果公示,IT软硬件,基础算力与云存储,诚通证券2026年第一批设备采购项目-标包三,公开招标,,,,,,,,,北京先进数通信息技术股份公司
chengtong_securities,178e00bd6a9fae02d6bd7ad4.md,148a4ec691768874f17506f21f13e8472f49cbf7,2026-06-25T08:25:12.305485+00:00,D:\Auto_capture_info\documents\structured_announcements\raw_json\chengtong_securities\178e00bd6a9fae02d6bd7ad4.json,诚通证券,2026-04-29,结果公示,IT软硬件,基础算力与云存储,诚通证券2026年第一批设备采购项目-标包二,公开招标,,,,,,,,,北京银信长远科技股份有限公司
chengtong_securities,178e00bd6a9fae02d6bd7ad4.md,148a4ec691768874f17506f21f13e8472f49cbf7,2026-06-25T08:25:12.305485+00:00,D:\Auto_capture_info\documents\structured_announcements\raw_json\chengtong_securities\178e00bd6a9fae02d6bd7ad4.json,诚通证券,2026-04-29,结果公示,IT软硬件,基础算力与云存储,诚通证券2026年第一批设备采购项目-标包五,公开招标,,,,,,,,,北京先进数通信息技术股份公司
chengtong_securities,178e00bd6a9fae02d6bd7ad4.md,148a4ec691768874f17506f21f13e8472f49cbf7,2026-06-25T08:25:12.305485+00:00,D:\Auto_capture_info\documents\structured_announcements\raw_json\chengtong_securities\178e00bd6a9fae02d6bd7ad4.json,诚通证券,2026-04-29,流标废标,IT软硬件,基础算力与云存储,诚通证券2026年第一批设备采购项目-标包四,公开招标,,,,,,,,,
chengtong_securities,221e95b1ab1b73e543d47779.md,65603a57c236a7bbbfe46233f75a5de7c536745e,2026-06-25T08:25:12.304798+00:00,D:\Auto_capture_info\documents\structured_announcements\raw_json\chengtong_securities\221e95b1ab1b73e543d47779.json,诚通证券,2026-05-22,结果公示,IT软硬件,IT运维与外包,诚通证券2026年IT专业技术服务项目,公开招标,,,,,,,,,中电信数智科技有限公司
chengtong_securities,221e95b1ab1b73e543d47779.md,65603a57c236a7bbbfe46233f75a5de7c536745e,2026-06-25T08:25:12.304798+00:00,D:\Auto_capture_info\documents\structured_announcements\raw_json\chengtong_securities\221e95b1ab1b73e543d47779.json,诚通证券,2026-05-22,结果公示,IT软硬件,IT运维与外包,诚通证券2026年IT专业技术服务项目,公开招标,,,,,,,,,中电金信软件有限公司
chengtong_securities,2614bbf0dede535910ab198a.md,fee2104a2a7cf0018fc48ec796c552f2d1d88027,2026-06-25T08:25:12.305254+00:00,D:\Auto_capture_info\documents\structured_announcements\raw_json\chengtong_securities\2614bbf0dede535910ab198a.json,诚通证券,2026-05-08,采购招标,IT软硬件,基础算力与云存储,2026年第一批设备补充采购项目,公开招标,,,,,,,,,
chengtong_securities,42de57d489d18955e8ac682b.md,b7c596a5e1e12381c3aff00b3d4d72b11c80ee8a,2026-06-25T08:25:12.304957+00:00,D:\Auto_capture_info\documents\structured_announcements\raw_json\chengtong_securities\42de57d489d18955e8ac682b.json,诚通证券,2026-06-10,结果公示,IT软硬件,基础算力与云存储,诚通证券2026年第一批设备补充采购项目,公开招标,,,,,,,,,北京神州新桥科技有限公司
chengtong_securities,5932c25c9d0738540d76d1bd.md,6225426b8691892c20c4768e90a5821c49bfe0a1,2026-06-25T08:25:12.308536+00:00,D:\Auto_capture_info\documents\structured_announcements\raw_json\chengtong_securities\5932c25c9d0738540d76d1bd.json,诚通证券,2025-08-14,采购招标,IT软硬件,基础算力与云存储,诚通证券2025年信创设备集中采购项目-标包一：第一类服务器,公开招标,,,,,,,,,
chengtong_securities,5932c25c9d0738540d76d1bd.md,6225426b8691892c20c4768e90a5821c49bfe0a1,2026-06-25T08:25:12.308536+00:00,D:\Auto_capture_info\documents\structured_announcements\raw_json\chengtong_securities\5932c25c9d0738540d76d1bd.json,诚通证券,2025-08-14,采购招标,IT软硬件,网络与信息安全,诚通证券2025年信创设备集中采购项目-标包三：网络设备,公开招标,,,,,,,,,
chengtong_securities,5932c25c9d0738540d76d1bd.md,6225426b8691892c20c4768e90a5821c49bfe0a1,2026-06-25T08:25:12.308536+00:00,D:\Auto_capture_info\documents\structured_announcements\raw_json\chengtong_securities\5932c25c9d0738540d76d1bd.json,诚通证券,2025-08-14,采购招标,IT软硬件,基础算力与云存储,诚通证券2025年信创设备集中采购项目-标包二：第二类服务器,公开招标,,,,,,,,,
chengtong_securities,604c1ba64368c38364d49b93.md,e57e2a0180c324bc98e7891a9154d1714fe5c65f,2026-06-25T08:25:12.312388+00:00,D:\Auto_capture_info\documents\structured_announcements\raw_json\chengtong_securities\604c1ba64368c38364d49b93.json,诚通证券,2026-06-05,采购招标,IT软硬件,基础算力与云存储,2026年第一批超融合软件采购项目,公开招标,,,,,,,,,
chengtong_securities,73a08cdcc605beeb3f9e05c5.md,079f50b47de9a5e33c58a319e30c064c32c1a5ff,2026-06-25T08:25:12.312069+00:00,D:\Auto_capture_info\documents\structured_announcements\raw_json\chengtong_securities\73a08cdcc605beeb3f9e05c5.json,诚通证券,2025-08-25,结果公示,IT软硬件,基础算力与云存储,诚通证券2025年数据备份平台项目,公开招标,,,,,,,,,北京华胜天成科技股份有限公司
chengtong_securities,80b056ba4d0bae04db2e2ff9.md,487974bc1421e9508244e0f0b5f1a86dca5facdd,2026-06-25T08:25:12.311913+00:00,D:\Auto_capture_info\documents\structured_announcements\raw_json\chengtong_securities\80b056ba4d0bae04db2e2ff9.json,诚通证券,2025-08-13,采购招标,IT软硬件,基础算力与云存储,诚通证券分支机构重要设备信创化替换项目,公开招标,,,,,,,,,
chengtong_securities,8f1b86699523bab6490a5c28.md,ebdf51d9b7cfa6aad844d28e446bede158efd3a4,2026-06-25T08:25:12.312699+00:00,D:\Auto_capture_info\documents\structured_announcements\raw_json\chengtong_securities\8f1b86699523bab6490a5c28.json,诚通证券,2025-09-12,结果公示,IT软硬件,基础算力与云存储,诚通证券信创多云运营管理平台项目,公开招标,,,,,,,,,江苏博云科技股份有限公司
chengtong_securities,8f53c8c4728815e63fd228ff.md,38d8f909e7051fe565d6967d0d63ff5e2d961c49,2026-06-25T08:25:12.316144+00:00,D:\Auto_capture_info\documents\structured_announcements\raw_json\chengtong_securities\8f53c8c4728815e63fd228ff.json,诚通证券,2026-04-02,采购招标,IT软硬件,基础算力与云存储,2026年第一批设备采购项目-标包一：第一类信创服务器（物理机，不限定芯片类型）,公开招标,,,,,,,,,
chengtong_securities,8f53c8c4728815e63fd228ff.md,38d8f909e7051fe565d6967d0d63ff5e2d961c49,2026-06-25T08:25:12.316144+00:00,D:\Auto_capture_info\documents\structured_announcements\raw_json\chengtong_securities\8f53c8c4728815e63fd228ff.json,诚通证券,2026-04-02,采购招标,IT软硬件,基础算力与云存储,2026年第一批设备采购项目-标包三：第三类信创服务器（海光）,公开招标,,,,,,,,,
chengtong_securities,8f53c8c4728815e63fd228ff.md,38d8f909e7051fe565d6967d0d63ff5e2d961c49,2026-06-25T08:25:12.316144+00:00,D:\Auto_capture_info\documents\structured_announcements\raw_json\chengtong_securities\8f53c8c4728815e63fd228ff.json,诚通证券,2026-04-02,采购招标,IT软硬件,基础算力与云存储,2026年第一批设备采购项目-标包二：第二类信创服务器（部署超融合软件，不限定芯片类型）,公开招标,,,,,,,,,
chengtong_securities,8f53c8c4728815e63fd228ff.md,38d8f909e7051fe565d6967d0d63ff5e2d961c49,2026-06-25T08:25:12.316144+00:00,D:\Auto_capture_info\documents\structured_announcements\raw_json\chengtong_securities\8f53c8c4728815e63fd228ff.json,诚通证券,2026-04-02,采购招标,IT软硬件,网络与信息安全,2026年第一批设备采购项目-标包五：信创网络设备,公开招标,,,,,,,,,
chengtong_securities,8f53c8c4728815e63fd228ff.md,38d8f909e7051fe565d6967d0d63ff5e2d961c49,2026-06-25T08:25:12.316144+00:00,D:\Auto_capture_info\documents\structured_announcements\raw_json\chengtong_securities\8f53c8c4728815e63fd228ff.json,诚通证券,2026-04-02,采购招标,IT软硬件,基础算力与云存储,2026年第一批设备采购项目-标包四：第四类信创服务器（鲲鹏）,公开招标,,,,,,,,,
chengtong_securities,b6c3c8f5bed21e7c4c06dbf9.md,fe583f69ed38e6420edef9bb7bb61d2e114322b7,2026-06-25T08:25:12.317557+00:00,D:\Auto_capture_info\documents\structured_announcements\raw_json\chengtong_securities\b6c3c8f5bed21e7c4c06dbf9.json,诚通证券,,采购招标,其他,其他未分类,人员公示,,,,,,,,,,
chengtong_securities,c9dd6773fcec152cd5bd6056.md,83a39a266e4f635406929b7109ddad6cf9a50df1,2026-06-25T08:25:12.317841+00:00,D:\Auto_capture_info\documents\structured_announcements\raw_json\chengtong_securities\c9dd6773fcec152cd5bd6056.json,诚通证券,2025-09-24,结果公示,IT软硬件,基础算力与云存储,诚通证券2025年信创设备集中采购项目-标包一,公开招标,,,,,,,,,北京神州新桥科技有限公司
chengtong_securities,c9dd6773fcec152cd5bd6056.md,83a39a266e4f635406929b7109ddad6cf9a50df1,2026-06-25T08:25:12.317841+00:00,D:\Auto_capture_info\documents\structured_announcements\raw_json\chengtong_securities\c9dd6773fcec152cd5bd6056.json,诚通证券,2025-09-24,结果公示,IT软硬件,基础算力与云存储,诚通证券2025年信创设备集中采购项目-标包三,公开招标,,,,,,,,,北京先进数通信息技术股份公司
chengtong_securities,c9dd6773fcec152cd5bd6056.md,83a39a266e4f635406929b7109ddad6cf9a50df1,2026-06-25T08:25:12.317841+00:00,D:\Auto_capture_info\documents\structured_announcements\raw_json\chengtong_securities\c9dd6773fcec152cd5bd6056.json,诚通证券,2025-09-24,结果公示,IT软硬件,基础算力与云存储,诚通证券2025年信创设备集中采购项目-标包二,公开招标,,,,,,,,,北京银信长远科技股份有限公司
chengtong_securities,d06f1b8015ed314b779aef0d.md,1ff003be8e4893c433778fa3a94659f5c3b97a90,2026-06-25T08:25:12.318517+00:00,D:\Auto_capture_info\documents\structured_announcements\raw_json\chengtong_securities\d06f1b8015ed314b779aef0d.json,诚通证券,2026-05-28,结果公示,IT软硬件,基础算力与云存储,诚通证券2026年第一批中间件采购项目,公开招标,,,,,,,,,深圳华云信息系统科技股份有限公司
chengtong_securities,db4222bac952f4c22e3d1a44.md,d075962acba2073c870afc83add4c250b7168f05,2026-06-25T08:25:12.319639+00:00,D:\Auto_capture_info\documents\structured_announcements\raw_json\chengtong_securities\db4222bac952f4c22e3d1a44.json,诚通证券,2025-09-24,流标废标,IT软硬件,网络与信息安全,分支机构重要设备信创化替换项目,,,,,,,,,,
chengtong_securities,dc89de3dff66abd721629405.md,be2ea30d22e620439178215ad0220b3def8e8606,2026-06-25T08:25:12.324580+00:00,D:\Auto_capture_info\documents\structured_announcements\raw_json\chengtong_securities\dc89de3dff66abd721629405.json,诚通证券,2026-05-20,采购招标,IT软硬件,基础算力与云存储,2026年第一批数据库采购项目-标包一：泛型数据库,公开招标,,,,,,,,,
chengtong_securities,dc89de3dff66abd721629405.md,be2ea30d22e620439178215ad0220b3def8e8606,2026-06-25T08:25:12.324580+00:00,D:\Auto_capture_info\documents\structured_announcements\raw_json\chengtong_securities\dc89de3dff66abd721629405.json,诚通证券,2026-05-20,采购招标,IT软硬件,基础算力与云存储,2026年第一批数据库采购项目-标包三：达梦数据库,公开招标,,,,,,,,,
chengtong_securities,dc89de3dff66abd721629405.md,be2ea30d22e620439178215ad0220b3def8e8606,2026-06-25T08:25:12.324580+00:00,D:\Auto_capture_info\documents\structured_announcements\raw_json\chengtong_securities\dc89de3dff66abd721629405.json,诚通证券,2026-05-20,采购招标,IT软硬件,基础算力与云存储,2026年第一批数据库采购项目-标包二：高斯数据库,公开招标,,,,,,,,,
chengtong_securities,dc89de3dff66abd721629405.md,be2ea30d22e620439178215ad0220b3def8e8606,2026-06-25T08:25:12.324580+00:00,D:\Auto_capture_info\documents\structured_announcements\raw_json\chengtong_securities\dc89de3dff66abd721629405.json,诚通证券,2026-05-20,采购招标,IT软硬件,基础算力与云存储,2026年第一批数据库采购项目-标包五：TD数据库,公开招标,,,,,,,,,
chengtong_securities,dc89de3dff66abd721629405.md,be2ea30d22e620439178215ad0220b3def8e8606,2026-06-25T08:25:12.324580+00:00,D:\Auto_capture_info\documents\structured_announcements\raw_json\chengtong_securities\dc89de3dff66abd721629405.json,诚通证券,2026-05-20,采购招标,IT软硬件,基础算力与云存储,2026年第一批数据库采购项目-标包四：OB数据库,公开招标,,,,,,,,,
chengtong_securities,e3954ec8728da3e21f7312d7.md,f6cc5061a165afceb68d39e122318265ac03c1f8,2026-06-25T08:25:12.320475+00:00,D:\Auto_capture_info\documents\structured_announcements\raw_json\chengtong_securities\e3954ec8728da3e21f7312d7.json,诚通证券,2026-04-17,采购招标,IT软硬件,IT运维与外包,诚通证券2026年IT专业技术服务项目,公开招标,,,,,,,,,
chengtong_securities,f893d8c8c187ad2e69ca9b0f.md,53363b572c1b487cc30b664ef3977577096530c3,2026-06-25T08:25:12.323584+00:00,D:\Auto_capture_info\documents\structured_announcements\raw_json\chengtong_securities\f893d8c8c187ad2e69ca9b0f.json,诚通证券,2025-08-08,采购招标,IT软硬件,基础算力与云存储,诚通证券信创多云运营管理平台项目,公开招标,,,,,,,,,
china_galaxy_securities,319adf407f1240fd91453ba5.md,1b6f612f9edd97642f6ed17d23c180422dc1d5f3,2026-06-25T08:25:12.323302+00:00,D:\Auto_capture_info\documents\structured_announcements\raw_json\china_galaxy_securities\319adf407f1240fd91453ba5.json,中国银河证券,2026-04-02,结果公示,IT软硬件,基础算力与云存储,2026年阿里与腾讯金融云服务续租项目,竞争性谈判,,,,,,,,,腾讯云计算(北京)有限责任公司
china_galaxy_securities,34b9d1bd70b2b2d5e2be8761.md,1b6fdf3f870e544bc0a86bd7da35934daef7dda8,2026-06-25T08:25:12.324051+00:00,D:\Auto_capture_info\documents\structured_announcements\raw_json\china_galaxy_securities\34b9d1bd70b2b2d5e2be8761.json,中国银河证券,2026-04-02,结果公示,IT软硬件,基础算力与云存储,2026年阿里与腾讯金融云服务续租项目,竞争性谈判,,,,,,,,,阿里云计算有限公司
china_galaxy_securities,37f6d802932bdc565bf359f7.md,70cd157dc14f2d079514fe94ebafb175b9ca5c8a,2026-06-25T08:25:12.326441+00:00,D:\Auto_capture_info\documents\structured_announcements\raw_json\china_galaxy_securities\37f6d802932bdc565bf359f7.json,中国银河证券,2026-04-02,结果公示,IT软硬件,业务系统与软件,2026年智能中台信创建设项目,邀请招标,,,,,,,,,腾讯云计算（北京）有限责任公司
china_galaxy_securities,47ecd7290dd357a0ca595993.md,b2dca5c0d51d84f1bfc9effe6912ff45381582f0,2026-06-25T08:25:12.328706+00:00,D:\Auto_capture_info\documents\structured_announcements\raw_json\china_galaxy_securities\47ecd7290dd357a0ca595993.json,中国银河证券,2026-04-29,结果公示,IT软硬件,业务系统与软件,债券募集说明书智能撰写系统建设项目,竞争性谈判,,,,,,,,,北京庖丁科技有限公司
china_galaxy_securities,6a0c26621726fc19b1219669.md,d8fafe0f5f0113bb3dedb47fba10cc62687bcf92,2026-06-25T08:25:12.327986+00:00,D:\Auto_capture_info\documents\structured_announcements\raw_json\china_galaxy_securities\6a0c26621726fc19b1219669.json,中国银河证券,2026-04-29,结果公示,专业及金融服务,人力与外包服务,2026年员工人事档案审核服务供应商选聘项目,竞争性谈判,,,,,,,,,中智项目外包服务有限公司
china_galaxy_securities,78ba7bff8383bf35972830fa.md,b0f5a546b4f51b8ca825e9daefcb137d4f4df64a,2026-06-25T08:25:12.329416+00:00,D:\Auto_capture_info\documents\structured_announcements\raw_json\china_galaxy_securities\78ba7bff8383bf35972830fa.json,中国银河证券,2026-04-29,结果公示,其他,其他未分类,2026至2027年融资融券模拟交易大赛活动奖品供应商选聘,邀请招标,,,,,,,,,上海海牙湾贸易有限公司
china_galaxy_securities,a1ba14de1f9fc210588c7f5b.md,c90c96ad285e541176a21df646155b66fa63af0d,2026-06-25T08:25:12.330397+00:00,D:\Auto_capture_info\documents\structured_announcements\raw_json\china_galaxy_securities\a1ba14de1f9fc210588c7f5b.json,中国银河证券,2026-04-29,结果公示,专业及金融服务,营销与投研数据,2026年短视频拍摄与剪辑服务采购,竞争性谈判,,,,,,,,,北京和光同影传媒有限公司
china_galaxy_securities,cf44a88548976a8280e3ad0f.md,cdd2560d1dd0b6081bf81653e223c19371b1ee77,2026-06-25T08:25:12.331006+00:00,D:\Auto_capture_info\documents\structured_announcements\raw_json\china_galaxy_securities\cf44a88548976a8280e3ad0f.json,中国银河证券,2026-04-02,结果公示,专业及金融服务,人力与外包服务,2026年创新投资总部运营人员外包服务采购招标,邀请招标,,,,,,,,,北京百思特捷迅科技有限公司、杭州衡泰技术股份有限公司
china_galaxy_securities,e6d3ac32273871eb813e3465.md,e088e95a65e78ce0d66f7f7d4a098286d0950917,2026-06-25T08:25:12.331258+00:00,D:\Auto_capture_info\documents\structured_announcements\raw_json\china_galaxy_securities\e6d3ac32273871eb813e3465.json,中国银河证券,2026-04-29,结果公示,IT软硬件,网络与信息安全,信创AD系统采购招标,邀请招标,,,,,,,,,深圳市联软科技股份有限公司
china_galaxy_securities,e75bf757b4ca2db21d2c246e.md,80a2c7cb8008897c0d4213a5e1d3a60f2c178de2,2026-06-25T08:25:12.332343+00:00,D:\Auto_capture_info\documents\structured_announcements\raw_json\china_galaxy_securities\e75bf757b4ca2db21d2c246e.json,中国银河证券,2026-04-29,结果公示,专业及金融服务,营销与投研数据,2026年研究业务品牌设计服务采购招标,邀请招标,,,,,,,,,北京亿创飞扬文化传播有限公司
citic_securities,010b8bc7bafffb8c2b74d6a5.md,aa7bb3116a8f2d9ce92becb20335334a70a1c86d,2026-06-29T01:23:26.498331+00:00,D:\Auto_capture_info\documents\structured_announcements\raw_json\citic_securities\010b8bc7bafffb8c2b74d6a5.json,中信证券,2026-06-24,结果公示,IT软硬件,IT运维与外包,中信证券2026-2029年度新意法人结算等系统运维服务,单一来源,,,,,,,,,福建新意科技有限公司
citic_securities,018e74d18de1a07f81ea2766.md,ffadc87a230e98eb0e62cce0173e182e45fb6935,2026-06-25T08:25:12.339053+00:00,D:\Auto_capture_info\documents\structured_announcements\raw_json\citic_securities\018e74d18de1a07f81ea2766.json,中信证券,2026-03-25,结果公示,IT软硬件,基础算力与云存储,关于中信证券股份有限公司香港机柜租用采购的请示,单一来源,,,,,,,,,中企网络通信技术有限公司
citic_securities,01face40b4fd34b590dda2cb.md,532f438523363627b3b62bba96dd5f074d19c23e,2026-06-25T08:25:12.345587+00:00,D:\Auto_capture_info\documents\structured_announcements\raw_json\citic_securities\01face40b4fd34b590dda2cb.json,中信证券,2026-04-07,结果公示,IT软硬件,业务系统与软件,关于ISDA保证金管理项目Acadia系统采购的请示,单一来源,,,,,,,,,AcadiaSoft Inc
citic_securities,021a302958196f7e2bc572b0.md,134f343b6a48bcf5eadf3f007678bead76a78a63,2026-06-25T08:25:12.345024+00:00,D:\Auto_capture_info\documents\structured_announcements\raw_json\citic_securities\021a302958196f7e2bc572b0.json,中信证券,2026-06-10,结果公示,其他,行政与办公后勤,关于AED急救设备和相关培训集中采购的请示,竞争性磋商,,,,,,,,,北京盛世腾图科贸有限公司
citic_securities,04bae93129fcd1bfd5356565.md,61129878975a5119496d0527ca884f6fa058c1ad,2026-06-25T08:25:12.346156+00:00,D:\Auto_capture_info\documents\structured_announcements\raw_json\citic_securities\04bae93129fcd1bfd5356565.json,中信期货,2026-04-09,结果公示,IT软硬件,基础算力与云存储,关于向上海电信采购互联网线路的申请,单一来源,,,,,,,,,中国电信股份有限公司上海分公司
citic_securities,04fc0ce1a7ed0b118b2ba72b.md,cd3ded7c1898b9a9f199139d694380904755a894,2026-06-25T08:25:12.342616+00:00,D:\Auto_capture_info\documents\structured_announcements\raw_json\citic_securities\04fc0ce1a7ed0b118b2ba72b.json,中信期货,2026-05-06,结果公示,IT软硬件,网络与信息安全,深圳卓越机房2026年搬迁项目路由器采购,询价,,,,,,,,,上海华讯网络系统有限公司
citic_securities,08b4014613c511f35fe70b75.md,3714e9359e8549fd905de89dcc6dedc67004a13c,2026-06-25T08:25:12.342695+00:00,D:\Auto_capture_info\documents\structured_announcements\raw_json\citic_securities\08b4014613c511f35fe70b75.json,中信证券,2026-04-01,结果公示,专业及金融服务,其他未分类,关于公司董监高责任险选聘保险公司立项的申请,竞争性磋商,,,,,,,,,中国平安财产保险股份有限公司广东分公司;中国人民财产保险股份有限公司上海市分公司;中国太平洋财产保险股份有限公司苏州分公司
citic_securities,0d148807f2915d7ac23dd2d3.md,83c6e897e5eee9ce7f0f64954e6a3ea0c1be6255,2026-06-25T08:25:12.346035+00:00,D:\Auto_capture_info\documents\structured_announcements\raw_json\citic_securities\0d148807f2915d7ac23dd2d3.json,中信证券,2026-05-06,结果公示,IT软硬件,基础算力与云存储,关于在酒仙桥机房扩容统一存储和存储交换机项目采购的请示,竞争性磋商,,,,,,,,,北京先进数通信息技术股份公司
citic_securities,0e9243ae5f050f00e2081b29.md,724883e7c17b25f79d880fc946e047e807ad4026,2026-06-25T08:25:12.346669+00:00,D:\Auto_capture_info\documents\structured_announcements\raw_json\citic_securities\0e9243ae5f050f00e2081b29.json,中信期货,2026-05-25,结果公示,IT软硬件,IT运维与外包,关于向上海联通采购线路升速服务的申请,单一来源,,,,,,,,,中国联合网络通信有限公司上海市分公司
citic_securities,0e9298eda8e0e75c2a926d40.md,5a4db3658cb30b42548ce3f5bb2d78e7fdce64a8,2026-06-25T08:25:12.349074+00:00,D:\Auto_capture_info\documents\structured_announcements\raw_json\citic_securities\0e9298eda8e0e75c2a926d40.json,中信证券,2026-06-02,结果公示,IT软硬件,网络与信息安全,关于网上交易系统信创密管机的采购申请,单一来源,,,,,,,,,三未信安科技股份有限公司
citic_securities,0fc52647faa3884e727304c3.md,2ac63c72bdff1587becc11a304e202dca5f7d1f2,2026-06-25T08:25:12.348861+00:00,D:\Auto_capture_info\documents\structured_announcements\raw_json\citic_securities\0fc52647faa3884e727304c3.json,中信期货,2026-05-25,结果公示,IT软硬件,基础算力与云存储,CAP账户平台2026年建设项目TDSQL信创数据库软件采购,单一来源,,,,,,,,,腾讯云计算（北京）有限责任公司
citic_securities,12bb526fd1c094f018ea4a62.md,688679c31c3fd1dead3840a420d63fac652bdacb,2026-06-25T08:25:12.349635+00:00,D:\Auto_capture_info\documents\structured_announcements\raw_json\citic_securities\12bb526fd1c094f018ea4a62.json,中信期货,2026-04-08,结果公示,IT软硬件,网络与信息安全,2026年托管机房搬迁防火墙采购项目,询价,,,,,,,,,上海华讯网络系统有限公司
citic_securities,14f4745267518bbcf2b89a3e.md,afc9ae8708e022f872da2a630a7470e7d4f072d4,2026-06-25T08:25:12.362933+00:00,D:\Auto_capture_info\documents\structured_announcements\raw_json\citic_securities\14f4745267518bbcf2b89a3e.json,中信期货,2026-05-28,结果公示,IT软硬件,基础算力与云存储,关于向上海联通采购线路升速的申请,单一来源,,,,,,,,,中国联合网络通信有限公司上海市分公司
citic_securities,18663ee1cc810c014e647659.md,2a4d0e085c408d0414666086d41839a784bda64d,2026-06-25T08:25:12.351397+00:00,D:\Auto_capture_info\documents\structured_announcements\raw_json\citic_securities\18663ee1cc810c014e647659.json,中信证券,2026-05-18,结果公示,IT软硬件,业务系统与软件,关于托管部私募信息披露系统信创改造项目的采购申请,竞争性磋商,,,,,,,,,上海吉贝克信息技术有限公司
citic_securities,18f02d0a5a6e939a19940964.md,2250341dd25687b70f14a7c38e835ab88de3dd63,2026-06-25T08:25:12.351487+00:00,D:\Auto_capture_info\documents\structured_announcements\raw_json\citic_securities\18f02d0a5a6e939a19940964.json,中信证券,2026-05-20,结果公示,IT软硬件,基础算力与云存储,关于东莞至香港超低延时线路项目的采购申请,竞争性磋商,,,,,,,,,中国移动通信集团上海有限公司
citic_securities,1a5843ec6830887df70d7c16.md,cbdff9b37d893deaec41a4c54b46ffdba03e1e60,2026-06-25T08:25:12.352892+00:00,D:\Auto_capture_info\documents\structured_announcements\raw_json\citic_securities\1a5843ec6830887df70d7c16.json,中信证券,2026-05-08,结果公示,IT软硬件,业务系统与软件,关于智能策略交易系统的采购申请,竞争性磋商,,,,,,,,,成都高御信息科技有限公司
citic_securities,1a7a6cc0702fa386b9ebbe87.md,aff0e16fd305c08bf9ccb4cc4f0e1673377b438f,2026-06-25T08:25:12.362978+00:00,D:\Auto_capture_info\documents\structured_announcements\raw_json\citic_securities\1a7a6cc0702fa386b9ebbe87.json,中信期货,2026-05-28,结果公示,IT软硬件,基础算力与云存储,关于向上海联通采购线路的申请,单一来源,,,,,,,,,中国联合网络通信有限公司上海市分公司
citic_securities,1d21304ee32fa243a1977f2a.md,7de73e33f23b3a7bf00bab192199cab91c0dd974,2026-06-25T08:25:12.364377+00:00,D:\Auto_capture_info\documents\structured_announcements\raw_json\citic_securities\1d21304ee32fa243a1977f2a.json,中信期货,2026-06-16,结果公示,IT软硬件,网络与信息安全,2026年4月份托管机房搬迁TSN一层设备采购,询价,,,,,,,,,上海云选信息技术有限公司
citic_securities,1d8a2beaf37e6b7a61930050.md,f78aac0516648194f4fdac35f9c51916a9bc09de,2026-06-25T08:25:12.364324+00:00,D:\Auto_capture_info\documents\structured_announcements\raw_json\citic_securities\1d8a2beaf37e6b7a61930050.json,中信证券,2026-06-12,结果公示,IT软硬件,业务系统与软件,深圳分公司关于新设深圳红岭北路证券营业部立项的请示,竞争性磋商,,,,,,,,,深圳市金证科技股份有限公司
citic_securities,1dd7cfbdf876b6d26751d12a.md,4fb12fb101ced71d8bd643fc2f27dae06c395f08,2026-06-25T08:25:12.364904+00:00,D:\Auto_capture_info\documents\structured_announcements\raw_json\citic_securities\1dd7cfbdf876b6d26751d12a.json,中信期货,2026-06-22,结果公示,专业及金融服务,营销与投研数据,2026年澎博博易系列合同续签,单一来源,,,,,,,,,上海澎博财经资讯有限公司
citic_securities,206ed4bc0b2cfadb4b4e4150.md,d070dc45b1ba4245024825a3f7ffc3ac9a6872da,2026-06-25T08:25:12.364529+00:00,D:\Auto_capture_info\documents\structured_announcements\raw_json\citic_securities\206ed4bc0b2cfadb4b4e4150.json,中信期货,2026-04-22,结果公示,IT软硬件,业务系统与软件,2026年量投GTS全球交易系统续签采购,单一来源,,,,,,,,,量投科技（上海）股份有限公司
citic_securities,209e4f539967880fd846549c.md,5b4436ca6465d4c6ba2152b0cf4643169c6542aa,2026-06-25T08:25:12.365956+00:00,D:\Auto_capture_info\documents\structured_announcements\raw_json\citic_securities\209e4f539967880fd846549c.json,中信期货,2026-05-06,结果公示,IT软硬件,基础算力与云存储,关于扩容大连联通专线的申请,单一来源,,,,,,,,,中国联合网络通信有限公司大连市分公司
citic_securities,21902e0c4e1bc14289038291.md,6bf483ac4283c9c51849af24446238adb01c515f,2026-06-25T08:25:12.367789+00:00,D:\Auto_capture_info\documents\structured_announcements\raw_json\citic_securities\21902e0c4e1bc14289038291.json,中信证券,2026-04-28,结果公示,IT软硬件,基础算力与云存储,关于深圳万国互联网线路延续性采购项目的采购申请,单一来源,,,,,,,,,万国数据服务有限公司
citic_securities,24861dcf6c2dba3ffc9473c8.md,645a923d0d81421a5a1bf7320130508462c59e23,2026-06-25T08:25:12.368887+00:00,D:\Auto_capture_info\documents\structured_announcements\raw_json\citic_securities\24861dcf6c2dba3ffc9473c8.json,中信证券,2026-04-15,结果公示,IT软硬件,业务系统与软件,关于股权投资管理平台建设的采购项目,竞争性磋商,,,,,,,,,北京安信立融科技股份有限公司
citic_securities,277022bf4fbe37719ab51327.md,4b2bcfacab54075ff5aee5e4831f6ddba654590e,2026-06-25T08:25:12.369485+00:00,D:\Auto_capture_info\documents\structured_announcements\raw_json\citic_securities\277022bf4fbe37719ab51327.json,中信证券,2026-06-02,结果公示,IT软硬件,IT运维与外包,关于2026年中信证券桌面运维服务项目的采购申请,竞争性磋商,,,,,,,,,护航科技股份有限公司
citic_securities,28ab947a98cf37c8e03dc75a.md,65ec0625bb4bb6e1916ac5d053c5ee702ddf9eab,2026-06-25T08:25:12.379428+00:00,D:\Auto_capture_info\documents\structured_announcements\raw_json\citic_securities\28ab947a98cf37c8e03dc75a.json,中信证券,2026-04-22,结果公示,IT软硬件,IT运维与外包,关于东莞及深圳区域互联网线路的采购申请,单一来源,,,,,,,,,中国移动通信集团广东有限公司深圳分公司
citic_securities,29e17da56426f474acf66dc3.md,4cf61fa1c9983537b95766978b85da20653fdba5,2026-06-25T08:25:12.372250+00:00,D:\Auto_capture_info\documents\structured_announcements\raw_json\citic_securities\29e17da56426f474acf66dc3.json,中信期货,2026-04-28,结果公示,IT软硬件,基础算力与云存储,信息技术部2026年度一季度服务器采购申请,询价,,,,,,,,,上海天正信息科技有限公司
citic_securities,2c99c88cdb8789aec3236ab1.md,e1d761d76776eaeab78f65b609f15b7eb8ee82ff,2026-06-25T08:25:12.369959+00:00,D:\Auto_capture_info\documents\structured_announcements\raw_json\citic_securities\2c99c88cdb8789aec3236ab1.json,中信期货,2026-05-06,结果公示,IT软硬件,基础算力与云存储,新采购四台商用服务器-用于上交所&唐镇机房搬迁,询价,,,,,,,,,上海思鸿信息技术有限公司
citic_securities,2f43ca3c1da866a291e4bfea.md,57f74d99ff430fb14fc62c8bb460c9d3a462b91e,2026-06-25T08:25:12.372647+00:00,D:\Auto_capture_info\documents\structured_announcements\raw_json\citic_securities\2f43ca3c1da866a291e4bfea.json,中信期货,2026-05-19,结果公示,IT软硬件,网络与信息安全,中信期货2026年2月信创防火墙集中采购,竞争性磋商,,,,,,,,,云南南天电子信息产业股份有限公司
citic_securities,321fe24d87f4d3206354bd69.md,3406470c7fbf3e8c4531cbf58f833915d7dadae9,2026-06-25T08:25:12.375731+00:00,D:\Auto_capture_info\documents\structured_announcements\raw_json\citic_securities\321fe24d87f4d3206354bd69.json,中信证券,2026-06-02,结果公示,专业及金融服务,营销与投研数据,关于路孚特境外实时行情系统（RTDS）订阅容量扩容的采购申请,单一来源,,,,,,,,,路孚特信息服务（中国）有限公司
citic_securities,33169b484d2100d365f32eb7.md,25d6994d1e548293ff9f63dd7f9dd42905dc5865,2026-06-25T08:25:12.379277+00:00,D:\Auto_capture_info\documents\structured_announcements\raw_json\citic_securities\33169b484d2100d365f32eb7.json,中信期货,2026-06-16,结果公示,IT软硬件,基础算力与云存储,采购七台商用服务器用于中信证券做市团队中金所搬迁后并行需要,询价,,,,,,,,,上海至信信息科技有限公司
citic_securities,33260c03f1e5a9f85f408c72.md,2254fdbd1f0abb2f117d35a4e7603db9f1113f84,2026-06-25T08:25:12.381218+00:00,D:\Auto_capture_info\documents\structured_announcements\raw_json\citic_securities\33260c03f1e5a9f85f408c72.json,中信期货,2026-05-28,结果公示,IT软硬件,基础算力与云存储,关于向上海联通采购相关线路的申请,单一来源,,,,,,,,,中国联合网络通信有限公司上海市分公司
citic_securities,3338814e0599ed74c2608f52.md,15bedd4bcc01cf941f25939846bd2b24a5d1a541,2026-06-25T08:25:12.380839+00:00,D:\Auto_capture_info\documents\structured_announcements\raw_json\citic_securities\3338814e0599ed74c2608f52.json,中信期货,2026-04-20,结果公示,IT软硬件,基础算力与云存储,发起CTP现货、CTP股票期权数据库2026年EOS设备替换项目之1台至强5代CPU服务器采购项目的申请,询价,,,,,,,,,上海合联电子科技有限公司
citic_securities,348058e6fd8f5e9edab0bf6c.md,d1b31577063013a73b26a7f7e48c784067c01af7,2026-06-25T08:25:12.381063+00:00,D:\Auto_capture_info\documents\structured_announcements\raw_json\citic_securities\348058e6fd8f5e9edab0bf6c.json,中信证券,2026-05-08,结果公示,IT软硬件,基础算力与云存储,2026年统一备份系统分布式存储采购项目,询价,,,,,,,,,深圳华锐分布式技术股份有限公司
citic_securities,367801e166be200150e1bac2.md,ebeb0172ab9e9c34b62a4379ca6bd2f8c2f8a193,2026-06-25T08:25:12.382568+00:00,D:\Auto_capture_info\documents\structured_announcements\raw_json\citic_securities\367801e166be200150e1bac2.json,中信期货,2026-05-21,结果公示,IT软硬件,基础算力与云存储,上海第四数据中心2025年建设项目IDC租赁服务,邀请招标,,,,,,,,,万国数据服务有限公司
citic_securities,37154286bfe758ff85991673.md,2cb29cfc5fa84d40e99049a5829f0d575aa4d496,2026-06-25T08:25:12.383569+00:00,D:\Auto_capture_info\documents\structured_announcements\raw_json\citic_securities\37154286bfe758ff85991673.json,中信期货,2026-05-18,结果公示,IT软硬件,IT运维与外包,线缆耗材框架协议2026年度入围项目,询价,,,,,,,,,引澜科技（上海）有限公司
citic_securities,39e933e79f1e58bd5eef4347.md,f8ced7cd0fc075fcccf6aeae2776635d6726c0f8,2026-06-25T08:25:12.385959+00:00,D:\Auto_capture_info\documents\structured_announcements\raw_json\citic_securities\39e933e79f1e58bd5eef4347.json,中信期货,2026-03-24,结果公示,IT软硬件,基础算力与云存储,关于向广东联通增租广州白云北机房的采购申请,单一来源,,,,,,,,,中国联合网络通信有限公司广东省分公司
citic_securities,3cd15ebaf042d81696d0205a.md,31a750dcaa1fbdd798c3a52104b6b0c9b61194b2,2026-06-25T08:25:12.385293+00:00,D:\Auto_capture_info\documents\structured_announcements\raw_json\citic_securities\3cd15ebaf042d81696d0205a.json,中信证券,2026-06-17,结果公示,IT软硬件,业务系统与软件,关于2026年电子化投保上半年优化项目采购申请,单一来源,,,,,,,,,恒生电子股份有限公司
citic_securities,3d8c9e73e535ca2e740b9add.md,ef09879026c8f2c3b5439cde6c1b73eaee151c0d,2026-06-25T08:25:12.385156+00:00,D:\Auto_capture_info\documents\structured_announcements\raw_json\citic_securities\3d8c9e73e535ca2e740b9add.json,中信证券,2026-06-02,结果公示,专业及金融服务,营销与投研数据,关于2026年通联量化投资数据采购的请示,单一来源,,,,,,,,,通联数据股份公司
citic_securities,3ea5a6ff202890c6aac3753b.md,8c2312a92419cfad7acc691bb311c78e9a43972c,2026-06-25T08:25:12.385836+00:00,D:\Auto_capture_info\documents\structured_announcements\raw_json\citic_securities\3ea5a6ff202890c6aac3753b.json,中信期货,2026-06-03,结果公示,IT软硬件,基础算力与云存储,关于采购长途专线的申请,单一来源,,,,,,,,,上海儒峙信息技术有限公司
citic_securities,3f8d358b66693941cc80cf79.md,2166c21d08501097b576aaecca495c009ddc9c4f,2026-06-25T08:25:12.386145+00:00,D:\Auto_capture_info\documents\structured_announcements\raw_json\citic_securities\3f8d358b66693941cc80cf79.json,中信期货,2026-04-02,结果公示,专业及金融服务,营销与投研数据,关于研究所申请伍德麦肯兹网页账号续费,单一来源,,,,,,,,,伍德麦肯兹（北京）咨询有限公司
citic_securities,424d36ec1900272c2f322f64.md,66b304059b1291035ec8793c70ee2348b17292f6,2026-06-25T08:25:12.387566+00:00,D:\Auto_capture_info\documents\structured_announcements\raw_json\citic_securities\424d36ec1900272c2f322f64.json,中信期货,2026-04-10,结果公示,专业及金融服务,营销与投研数据,中证资本场外权益研究服务采购立项,竞争性磋商,,,,,,,,,弘则弥道（上海）投资咨询有限公司
citic_securities,42a7f873968353d63133083f.md,b442e2ee3cb61599bb5ff61dfca3de2dfe65ce26,2026-06-25T08:25:12.393164+00:00,D:\Auto_capture_info\documents\structured_announcements\raw_json\citic_securities\42a7f873968353d63133083f.json,中信证券,2026-05-27,结果公示,IT软硬件,基础算力与云存储,关于2026年上海金桥机房互联网线路扩容项目采购的请示,单一来源,,,,,,,,,中国移动通信集团上海有限公司
citic_securities,4339a00d3fe64c1f454a621d.md,236b5e563a7ebab93ca02573bd6bb221bb6aad2e,2026-06-29T01:23:31.487763+00:00,D:\Auto_capture_info\documents\structured_announcements\raw_json\citic_securities\4339a00d3fe64c1f454a621d.json,中信证券,2026-06-24,结果公示,IT软硬件,基础算力与云存储,关于境内外一体化资产负债管理平台数据库ArgoDB灾备环境搭建项目采购的请示,单一来源,,,,,,,,,星环信息科技（上海）股份有限公司
citic_securities,44a7aa7e99efd986aa6137b9.md,c027dc704dbccac3d56e75a0d3e4e2cf4818998a,2026-06-25T08:25:12.390816+00:00,D:\Auto_capture_info\documents\structured_announcements\raw_json\citic_securities\44a7aa7e99efd986aa6137b9.json,中信期货,2026-03-30,结果公示,IT软硬件,基础算力与云存储,（恒生）期货机构交易系统2025年信创改造硬件采购项目,询价,,,,,,,,,深圳市金证科技股份有限公司
citic_securities,46630976e7e555dd576002b2.md,476770f91decbb486bf6876116651d1d5082bba3,2026-06-25T08:25:12.391602+00:00,D:\Auto_capture_info\documents\structured_announcements\raw_json\citic_securities\46630976e7e555dd576002b2.json,中信证券,2026-03-25,结果公示,IT软硬件,IT运维与外包,关于2025年-2026年oracle技术服务采购的请示,询价,,,,,,,,,北京神州数码有限公司
citic_securities,468c16e5cc43a11ed357c020.md,e6ddbdd8499b6e499bfd72d7b8a7acbca932cb9e,2026-06-25T08:25:12.391774+00:00,D:\Auto_capture_info\documents\structured_announcements\raw_json\citic_securities\468c16e5cc43a11ed357c020.json,中信证券,2026-03-30,结果公示,IT软硬件,IT运维与外包,关于2026年外包估值业务相关系统系统维护和专人驻场服务采购的请示,单一来源,,,,,,,,,深圳市赢时胜信息技术股份有限公司
citic_securities,4782b8d03a83610db32d1679.md,b8872324629a395176b48e8cf4116b3c0e9e4215,2026-06-25T08:25:12.399399+00:00,D:\Auto_capture_info\documents\structured_announcements\raw_json\citic_securities\4782b8d03a83610db32d1679.json,中信证券,2026-05-11,结果公示,IT软硬件,IT运维与外包,关于中信证券租用腾讯会议账号服务项目的采购申请,询价,,,,,,,,,神州数码（中国）有限公司
citic_securities,49a716feb78936e80016552d.md,80905cacbcb40bb0feb48038a3e71da70e2004bd,2026-06-25T08:25:12.392489+00:00,D:\Auto_capture_info\documents\structured_announcements\raw_json\citic_securities\49a716feb78936e80016552d.json,中信证券,2026-03-24,结果公示,专业及金融服务,营销与投研数据,关于对冲基金数据库服务项目的采购申请,单一来源,,,,,,,,,"PivotalPath, Inc."
citic_securities,4ba698dbd3b37905a72a7803.md,adcc015fe342b2b2c99212867a8c1c5f28c3ac36,2026-06-25T08:25:12.399619+00:00,D:\Auto_capture_info\documents\structured_announcements\raw_json\citic_securities\4ba698dbd3b37905a72a7803.json,中信证券,2026-04-17,结果公示,IT软硬件,业务系统与软件,关于清算投保报送系统信创改造项目软件采购立项的请示,单一来源,,,,,,,,,福建新意科技有限公司
citic_securities,4cc32f99b2973a00dc8363af.md,582928bb319848c6d789f3e0a3a6f8b5ad25dbfa,2026-06-25T08:25:12.401863+00:00,D:\Auto_capture_info\documents\structured_announcements\raw_json\citic_securities\4cc32f99b2973a00dc8363af.json,中信证券,,采购招标,IT软硬件,业务系统与软件,中信证券股份有限公司企微运营平台项目,,,,,,,,,,
citic_securities,4e550f899018741ea8d5096c.md,ed53faa506bf0e9758b8a01561590068ec013b7c,2026-06-25T08:25:12.402751+00:00,D:\Auto_capture_info\documents\structured_announcements\raw_json\citic_securities\4e550f899018741ea8d5096c.json,中信期货,2026-04-02,结果公示,IT软硬件,IT运维与外包,容器云平台2026年度驻场运维服务采购项目,单一来源,,,,,,,,,杭州谐云科技有限公司
citic_securities,4ee8c7b5e0a6d22779c39f86.md,7fd68d7ca6b3a0e02b762e46a84b00de25b92ca6,2026-06-25T08:25:12.401454+00:00,D:\Auto_capture_info\documents\structured_announcements\raw_json\citic_securities\4ee8c7b5e0a6d22779c39f86.json,中信证券,2026-05-12,结果公示,IT软硬件,IT运维与外包,关于2026年短信系统短信通道服务项目的采购申请,其他,,,,,,,,,中国移动通信集团广东有限公司深圳分公司
citic_securities,5208dd9e3f1571d73e924a00.md,ec7de6868741b99f9f5b47e1a913aadadb12a70a,2026-06-25T08:25:12.401391+00:00,D:\Auto_capture_info\documents\structured_announcements\raw_json\citic_securities\5208dd9e3f1571d73e924a00.json,中信证券,2026-05-07,结果公示,其他,行政与办公后勤,关于采购低值印刷品的请示,竞争性磋商,,,,,,,,,北京佳美印图文设计有限公司
citic_securities,5545e4e3317341c73ab33264.md,c20fa72e0ca034fca9ac3e41c066da3093adfa90,2026-06-25T08:25:12.405247+00:00,D:\Auto_capture_info\documents\structured_announcements\raw_json\citic_securities\5545e4e3317341c73ab33264.json,中信证券,2026-04-30,结果公示,IT软硬件,基础算力与云存储,关于东莞及深圳区域互联网线路的采购申请,单一来源,,,,,,,,,中国电信股份有限公司深圳分公司
citic_securities,555c83864e615dd270f9660e.md,a62a75c96b43c6aebd69ae91c0d81a48c5b0f86f,2026-06-25T08:25:12.411115+00:00,D:\Auto_capture_info\documents\structured_announcements\raw_json\citic_securities\555c83864e615dd270f9660e.json,中信期货,2026-03-31,结果公示,IT软硬件,基础算力与云存储,关于新增天港机房第三批报盘、行情线路的申请,单一来源,,,,,,,,,中国移动通信集团辽宁有限公司大连分公司;中国联合网络通信有限公司大连市分公司;中国电信集团有限公司大连分公司
citic_securities,5595f97dda27403b2f236d87.md,e5c4f84a1c925228ff14c0d46a1583c3053fef3d,2026-06-25T08:25:12.410945+00:00,D:\Auto_capture_info\documents\structured_announcements\raw_json\citic_securities\5595f97dda27403b2f236d87.json,中信期货,2026-06-04,结果公示,IT软硬件,基础算力与云存储,虚拟主机托管资源管理平台虚拟化资源2026年建设项目,竞争性磋商,,,,,,,,,上海缔诚计算机信息技术有限公司
citic_securities,581b944337b4b036d84d94e5.md,7035e87064de45070ec5d9825d3579a98b974394,2026-06-25T08:25:12.411304+00:00,D:\Auto_capture_info\documents\structured_announcements\raw_json\citic_securities\581b944337b4b036d84d94e5.json,中信证券,2026-06-01,结果公示,IT软硬件,业务系统与软件,关于飞书2026年延续性采购的请示,单一来源,,,,,,,,,北京飞书科技有限公司
citic_securities,587e56d5d40bce20f604b725.md,2bd5bf5f96c6b07b15f46ea2eaeac5f45b844851,2026-06-25T08:25:12.411688+00:00,D:\Auto_capture_info\documents\structured_announcements\raw_json\citic_securities\587e56d5d40bce20f604b725.json,中信证券,2026-04-27,结果公示,IT软硬件,业务系统与软件,关于中信证券2026年量化比赛系统采购的请示,竞争性磋商,,,,,,,,,北京睿智融科控股股份有限公司
citic_securities,58d510b080d7bef9a5dd95e0.md,3b3f5d31d64dd09dc0d74f25fcdf2933625c39ad,2026-06-25T08:25:12.411489+00:00,D:\Auto_capture_info\documents\structured_announcements\raw_json\citic_securities\58d510b080d7bef9a5dd95e0.json,中信证券,2026-05-13,结果公示,IT软硬件,基础算力与云存储,关于清北阿里云互联网线路延续性采购项目的采购申请,单一来源,,,,,,,,,阿里云计算有限公司
citic_securities,5c9f38782aff1ddfda5c07a7.md,00d0731c0f2b8da40cc2b7d49901349e0f51912a,2026-06-25T08:25:12.412422+00:00,D:\Auto_capture_info\documents\structured_announcements\raw_json\citic_securities\5c9f38782aff1ddfda5c07a7.json,中信金石投资,2026-04-13,结果公示,专业及金融服务,法律与合规服务,中信金石投资常年法律顾问采购,竞争性磋商,,,,,,,,,北京市中伦律师事务所;北京市金杜律师事务所;国浩律师(上海)事务所
citic_securities,5cbe6454c8d9e1ff526f3da8.md,9a367fd8b1d311658af081434d6d471cc500f10e,2026-06-25T08:25:12.412010+00:00,D:\Auto_capture_info\documents\structured_announcements\raw_json\citic_securities\5cbe6454c8d9e1ff526f3da8.json,中信证券,2026-04-20,结果公示,IT软硬件,基础算力与云存储,关于酒仙桥机房新增集中交易专网线路采购的请示,竞争性磋商,,,,,,,,,中信数字科技集团有限公司
citic_securities,5f2e0a8be91c1a019a9c22c1.md,744135ea3631f58b3ed1840b7e235f12d9aeca6f,2026-06-25T08:25:12.416831+00:00,D:\Auto_capture_info\documents\structured_announcements\raw_json\citic_securities\5f2e0a8be91c1a019a9c22c1.json,中信证券,2026-06-03,结果公示,IT软硬件,基础算力与云存储,关于2026年上海通联机房机柜租赁的采购申请,单一来源,,,,,,,,,数码通信息产业（集团）有限公司
citic_securities,608544ec2faaf8df124a7194.md,28fb0fd41aa8467df4ae22eb0d4554a3450d3f54,2026-06-25T08:25:12.416775+00:00,D:\Auto_capture_info\documents\structured_announcements\raw_json\citic_securities\608544ec2faaf8df124a7194.json,中信证券,2026-05-28,结果公示,专业及金融服务,营销与投研数据,关于金融量化分析终端系统项目采购的请示,单一来源,,,,,,,,,深圳市天软科技开发有限公司
citic_securities,629e20d0a912a293688d9f22.md,874e9870102ec36567e35dc328a16cdc9a676cd0,2026-06-25T08:25:12.417922+00:00,D:\Auto_capture_info\documents\structured_announcements\raw_json\citic_securities\629e20d0a912a293688d9f22.json,中信期货,2026-03-25,结果公示,IT软硬件,基础算力与云存储,行情服务平台银行间债券实时非展示行情2026年建设项目,询价,,,,,,,,,上海至信信息科技有限公司
citic_securities,6375624091830a8c99b7e29e.md,dc100f6ca1d5a1bab11157c040b854b73ffa303e,2026-06-25T08:25:12.418144+00:00,D:\Auto_capture_info\documents\structured_announcements\raw_json\citic_securities\6375624091830a8c99b7e29e.json,中信期货,2026-04-30,结果公示,IT软硬件,业务系统与软件,中信期货开放平台系统2026年度建设项目,竞争性磋商,,,,,,,,,神州数码融信软件有限公司
citic_securities,63e65138c99716f49806082a.md,29bde46853331cf95e82712c6d3207dc37717b37,2026-06-25T08:25:12.420606+00:00,D:\Auto_capture_info\documents\structured_announcements\raw_json\citic_securities\63e65138c99716f49806082a.json,中信期货,2026-04-01,结果公示,IT软硬件,业务系统与软件,信创台式办公终端2026年度初次采购,询价,,,,,,,,,上海希翔智能科技有限公司
citic_securities,67898043ac64bd79b9a8a743.md,511a08fd03e57b9759d43e5f24586c25ae825031,2026-06-25T08:25:12.420448+00:00,D:\Auto_capture_info\documents\structured_announcements\raw_json\citic_securities\67898043ac64bd79b9a8a743.json,中信证券,2026-04-22,结果公示,IT软硬件,业务系统与软件,关于数据质量管理功能模块优化升级的采购申请,单一来源,,,,,,,,,深圳市长亮科技股份有限公司
citic_securities,6af1b2c77600d37acce7791f.md,786312618868778790ce82e6033fe6372186e739,2026-06-25T08:25:12.418105+00:00,D:\Auto_capture_info\documents\structured_announcements\raw_json\citic_securities\6af1b2c77600d37acce7791f.json,中信证券,,采购招标,IT软硬件,基础算力与云存储,中信证券股份有限公司信创一体机采购项目,公开招标,,,,,,,,,
citic_securities,6df5c0ca734c924573e5485d.md,729a684bb61b3f2f6e1607a5a64a5ba8fbbbac23,2026-06-25T08:25:12.421197+00:00,D:\Auto_capture_info\documents\structured_announcements\raw_json\citic_securities\6df5c0ca734c924573e5485d.json,中信证券,2026-06-11,结果公示,其他,工程装修与物业,关于中信证券北京21世纪大厦3层B座309、310装修改造立项的请示,竞争性磋商,,,,,,,,,北京塑美建筑装饰工程有限公司
citic_securities,6e65c0fd0d8050498f2a1453.md,9424c051fde719ce159a4260a540c87e2d22d6c7,2026-06-25T08:25:12.420494+00:00,D:\Auto_capture_info\documents\structured_announcements\raw_json\citic_securities\6e65c0fd0d8050498f2a1453.json,中信证券,2026-05-19,结果公示,IT软硬件,基础算力与云存储,关于2026年上海金桥机房互联网线路扩容项目采购的请示,单一来源,,,,,,,,,中国联合网络通信有限公司上海市分公司
citic_securities,6fa0387da9441d953625eb77.md,c3ec790bbc9e58ed9cac69c58c6a13fd45dfff05,2026-06-25T08:25:12.424930+00:00,D:\Auto_capture_info\documents\structured_announcements\raw_json\citic_securities\6fa0387da9441d953625eb77.json,中信证券,2026-04-28,结果公示,IT软硬件,基础算力与云存储,关于2026杭州滨盛路机房移动互联网线路的采购申请,单一来源,,,,,,,,,中国移动通信集团浙江有限公司
citic_securities,70aa5585949304132bbea5cd.md,44cea4c449a342e69d58ce2e011bd4a1b26c28cc,2026-06-25T08:25:12.424409+00:00,D:\Auto_capture_info\documents\structured_announcements\raw_json\citic_securities\70aa5585949304132bbea5cd.json,中信期货,2026-03-26,结果公示,IT软硬件,业务系统与软件,统一运维平台2026年度综合优化及信创改造项目,单一来源,,,,,,,,,广州嘉为科技有限公司
citic_securities,74212e70fa9d09afbcf38365.md,18051bbf1fa691c354851d27970567bbff04e428,2026-06-25T08:25:12.427495+00:00,D:\Auto_capture_info\documents\structured_announcements\raw_json\citic_securities\74212e70fa9d09afbcf38365.json,中信期货,2026-05-13,结果公示,IT软硬件,网络与信息安全,2026年3月份托管机房搬迁TSN设备采购,询价,,,,,,,,,上海瞻鑫信息科技发展有限公司
citic_securities,7559f32ed78811c90d0cd982.md,d00d0f5dc53b51f90eb25fdb17d1f24594a5fd51,2026-06-25T08:25:12.429644+00:00,D:\Auto_capture_info\documents\structured_announcements\raw_json\citic_securities\7559f32ed78811c90d0cd982.json,中信期货,2026-05-19,结果公示,IT软硬件,网络与信息安全,中信期货2026年2月信创防火墙集中采购,竞争性磋商,,,,,,,,,上海科普特信息系统有限公司
citic_securities,771c43ecd9865d12c8a9f6a1.md,4bfde6093219109e706a1a4d7caddd10da9ee2b9,2026-06-25T08:25:12.429853+00:00,D:\Auto_capture_info\documents\structured_announcements\raw_json\citic_securities\771c43ecd9865d12c8a9f6a1.json,中信期货,2026-04-16,结果公示,IT软硬件,网络与信息安全,第四数据中心信创WAF设备2026年采购申请,询价,,,,,,,,,上海迈望信息技术有限公司
citic_securities,77226ff689f7e00f34efe932.md,01685eb7ca97157a6b5dc3559d61cf68b549a56d,2026-06-25T08:25:12.429703+00:00,D:\Auto_capture_info\documents\structured_announcements\raw_json\citic_securities\77226ff689f7e00f34efe932.json,中信证券,2026-05-28,结果公示,IT软硬件,网络与信息安全,关于2026年堡垒机和数据库安全设备的采购申请,竞争性磋商,,,,,,,,,北京安泰金志科技有限公司
citic_securities,778f45e638e41726b0a68fcd.md,186dfaaa05232b44dd460acc7b005b8c1648abe5,2026-06-25T08:25:12.431643+00:00,D:\Auto_capture_info\documents\structured_announcements\raw_json\citic_securities\778f45e638e41726b0a68fcd.json,中信证券,2026-04-13,结果公示,IT软硬件,基础算力与云存储,关于2026年中信数科和中企通信线路服务项目采购的请示,单一来源,,,,,,,,,中企网络通信技术有限公司
citic_securities,7bd56758fba526a4314f4ff2.md,c7bc1642c273c30128f7a5e187131de06064db92,2026-06-25T08:25:12.432635+00:00,D:\Auto_capture_info\documents\structured_announcements\raw_json\citic_securities\7bd56758fba526a4314f4ff2.json,中信期货,2026-06-10,结果公示,IT软硬件,网络与信息安全,关于新增上海地区的上期所报盘线的申请,单一来源,,,,,,,,,中国联合网络通信有限公司上海市分公司
citic_securities,8059b6a16353de9f8470a4bf.md,7500e95a0774cd276c34c3e5ead1a50b2d6f709a,2026-06-29T01:23:36.259132+00:00,D:\Auto_capture_info\documents\structured_announcements\raw_json\citic_securities\8059b6a16353de9f8470a4bf.json,中信期货,2026-06-24,结果公示,IT软硬件,网络与信息安全,网络安全重大活动2026年保障项目,竞争性磋商,,,,,,,,,北京神州绿盟科技有限公司
citic_securities,88d408252cbd99c79030e7be.md,889f9d5096991751550bf51929702d1446073efe,2026-06-25T08:25:12.433282+00:00,D:\Auto_capture_info\documents\structured_announcements\raw_json\citic_securities\88d408252cbd99c79030e7be.json,中信期货,2026-06-16,结果公示,IT软硬件,网络与信息安全,2026年4月份低延迟防火墙设备采购项目,询价,,,,,,,,,云南南天电子信息产业股份有限公司
citic_securities,8e42146182889208d0d2e85d.md,220a595182e98c6dc225c7a2457395d0621f74c8,2026-06-25T08:25:12.435811+00:00,D:\Auto_capture_info\documents\structured_announcements\raw_json\citic_securities\8e42146182889208d0d2e85d.json,中信期货,2026-06-16,结果公示,IT软硬件,IT运维与外包,关于采购低时延线路服务的申请,单一来源,,,,,,,,,上海儒峙信息技术有限公司
citic_securities,8fc9415301280e92f99525e7.md,b9338b2ec2102e30eebe1c08d5468d8bbbeb77d3,2026-06-25T08:25:12.436627+00:00,D:\Auto_capture_info\documents\structured_announcements\raw_json\citic_securities\8fc9415301280e92f99525e7.json,中信期货,2026-06-23,结果公示,IT软硬件,业务系统与软件,中信期货APP系统期货基本面分析2025年建设项目,竞争性磋商,,,,,,,,,浙江同花顺智能科技有限公司
citic_securities,903d66bab440fb85d6dd5fe2.md,e9f5f4077f9911951a5dd88072c744055077fab3,2026-06-25T08:25:12.437144+00:00,D:\Auto_capture_info\documents\structured_announcements\raw_json\citic_securities\903d66bab440fb85d6dd5fe2.json,中信证券,,采购招标,专业及金融服务,营销与投研数据,中信证券股份有限公司有色金属行业数据项目,,,,,,,,,,
citic_securities,90c1bbb1615855030cf131f2.md,15926dbd48d0e3a1cc467d9b8260199cbbd556a8,2026-06-29T01:23:40.726266+00:00,D:\Auto_capture_info\documents\structured_announcements\raw_json\citic_securities\90c1bbb1615855030cf131f2.json,中信证券,2026-06-24,结果公示,IT软硬件,IT运维与外包,关于2026年度自营统计平台现场技术支持服务采购的请示,单一来源,,,,,,,,,福建新意科技有限公司
citic_securities,91e76de86e0a21b0893d28a2.md,7832d66b64b7e4eaffa6a16b4e660c0370622181,2026-06-25T08:25:12.436506+00:00,D:\Auto_capture_info\documents\structured_announcements\raw_json\citic_securities\91e76de86e0a21b0893d28a2.json,中信证券,2026-06-04,结果公示,IT软硬件,业务系统与软件,关于XTS快速交易2026年软件许可的采购申请,单一来源,,,,,,,,,南京艾科朗克信息科技有限公司
citic_securities,934c3d1ad5293131a78162a1.md,c3c2bafdc979f307f5cd54b92e19563ce31ba2f7,2026-06-25T08:25:12.438315+00:00,D:\Auto_capture_info\documents\structured_announcements\raw_json\citic_securities\934c3d1ad5293131a78162a1.json,中信证券,2026-05-29,结果公示,IT软硬件,IT运维与外包,总部门禁设备更换、门禁系统功能定制开发及全球门禁一体化功能开发项目,询价,,,,,,,,,北京汇辰芯智科技有限公司
citic_securities,9386afaddde88457945a0fa9.md,45a2f6e3138feb67f0dd7f8c57113a059399cc6c,2026-06-25T08:25:12.441996+00:00,D:\Auto_capture_info\documents\structured_announcements\raw_json\citic_securities\9386afaddde88457945a0fa9.json,中信证券,2026-04-02,结果公示,专业及金融服务,人力与外包服务,关于中信证券投服会计业务服务项目采购申请,竞争性磋商,,,,,,,,,深圳市赢时胜信息技术股份有限公司
citic_securities,9a8e8761eebd322ea5c8c7b3.md,04baba705ce77d69206eda6ca263e0558f83b83e,2026-06-25T08:25:12.442691+00:00,D:\Auto_capture_info\documents\structured_announcements\raw_json\citic_securities\9a8e8761eebd322ea5c8c7b3.json,中信期货,2026-03-25,结果公示,IT软硬件,基础算力与云存储,场内业务部超频服务器采购申请,询价,,,,,,,,,上海思鸿信息技术有限公司
citic_securities,9aaa89109984ff56474ea0dc.md,1101fa857dda4f276537904f459fc95f20acbb39,2026-06-25T08:25:12.445439+00:00,D:\Auto_capture_info\documents\structured_announcements\raw_json\citic_securities\9aaa89109984ff56474ea0dc.json,中信证券,2026-06-16,结果公示,IT软硬件,业务系统与软件,2026年净资本报表优化与并表新规实施,单一来源,,,,,,,,,恒生电子股份有限公司
citic_securities,9b3a85a1feb6c496751cebc5.md,263b73766a83540587cef9fd82ba001f65872748,2026-06-29T01:23:46.271956+00:00,D:\Auto_capture_info\documents\structured_announcements\raw_json\citic_securities\9b3a85a1feb6c496751cebc5.json,中信证券,2026-06-25,结果公示,专业及金融服务,营销与投研数据,中信证券2026-2028年度信息披露服务供应商选聘项目立项申请,竞争性磋商,,,,,,,,,Toppan Nexus Holdings Limited
citic_securities,9daba0ae990b38d1fdb65259.md,734ebeebcd5c5bcd7cc237ec135a2fcba2f5403b,2026-06-25T08:25:12.446517+00:00,D:\Auto_capture_info\documents\structured_announcements\raw_json\citic_securities\9daba0ae990b38d1fdb65259.json,中信证券,2026-04-22,结果公示,IT软硬件,业务系统与软件,关于固定资产管理系统2026年开发采购的请示,单一来源,,,,,,,,,北京易点易动科技有限公司
citic_securities,9db5c704274fc688484eaa38.md,d8570057a3699357efed25b52e59d236ed81ff2c,2026-06-25T08:25:12.447060+00:00,D:\Auto_capture_info\documents\structured_announcements\raw_json\citic_securities\9db5c704274fc688484eaa38.json,中信期货,2026-04-20,结果公示,其他,行政与办公后勤,中信期货2026-2027年全国快递服务框架协议采购项目,单一来源,,,,,,,,,北京顺丰速运有限公司
citic_securities,a1c2b126ae00c8b65dc2e836.md,889f9d5096991751550bf51929702d1446073efe,2026-06-25T08:25:12.449233+00:00,D:\Auto_capture_info\documents\structured_announcements\raw_json\citic_securities\a1c2b126ae00c8b65dc2e836.json,中信期货,2026-06-16,结果公示,IT软硬件,网络与信息安全,2026年4月份低延迟防火墙设备采购项目,询价,,,,,,,,,云南南天电子信息产业股份有限公司
citic_securities,a86ace1f0b603dbb36f3977d.md,36727fe63d7ddaa72abcc7544ed5b8c48d03aa32,2026-06-25T08:25:12.447239+00:00,D:\Auto_capture_info\documents\structured_announcements\raw_json\citic_securities\a86ace1f0b603dbb36f3977d.json,中信证券,2026-05-28,结果公示,IT软硬件,基础算力与云存储,关于建设上海地区客户托管数据中心的采购申请,竞争性磋商,,,,,,,,,中国联合网络通信有限公司
citic_securities,a8bb883dde34ef9b270755fb.md,e253031fff57d30d0ee8fc60cf3c523f455cd5ff,2026-06-25T08:25:12.446682+00:00,D:\Auto_capture_info\documents\structured_announcements\raw_json\citic_securities\a8bb883dde34ef9b270755fb.json,中信证券,2026-06-03,结果公示,IT软硬件,基础算力与云存储,关于艾科朗克经纪XTS现货系统信创节点建设采购的请示,询价,,,,,,,,,北京嘉运达科技开发股份有限公司
citic_securities,ac3576672da21ecf57403df3.md,61129878975a5119496d0527ca884f6fa058c1ad,2026-06-25T08:25:12.449181+00:00,D:\Auto_capture_info\documents\structured_announcements\raw_json\citic_securities\ac3576672da21ecf57403df3.json,中信期货,2026-04-09,结果公示,IT软硬件,基础算力与云存储,关于向上海电信采购互联网线路的申请,单一来源,,,,,,,,,中国电信股份有限公司上海分公司
citic_securities,acb5a6c2e5da1b0bb9ac987f.md,5ff1547783a3ac948083a66a97f8db42a012b5a3,2026-06-25T08:25:12.453941+00:00,D:\Auto_capture_info\documents\structured_announcements\raw_json\citic_securities\acb5a6c2e5da1b0bb9ac987f.json,中信期货,2026-04-08,结果公示,IT软硬件,业务系统与软件,2026年二季度办公电脑采购项目,询价,,,,,,,,,上海盛予科贸有限公司
citic_securities,ae1ec568cfe1a4d51b8d8e42.md,72cacb2323d3b6b5307c2f64141365b37b5cc5c4,2026-06-25T08:25:12.453755+00:00,D:\Auto_capture_info\documents\structured_announcements\raw_json\citic_securities\ae1ec568cfe1a4d51b8d8e42.json,中信证券,2026-04-03,结果公示,其他,工程装修与物业,关于中信金石基金申请京城大厦房屋装修施工采购立项的请示,竞争性磋商,,,,,,,,,中信装饰装修工程有限公司
citic_securities,b42cfa83f9f14626064c3a70.md,9d6ad45506018b3491e705e77b86d06cd802d978,2026-06-25T08:25:12.452968+00:00,D:\Auto_capture_info\documents\structured_announcements\raw_json\citic_securities\b42cfa83f9f14626064c3a70.json,中信证券,2026-06-04,结果公示,专业及金融服务,营销与投研数据,关于上海司尔亚司（CEIC）数据终端产品采购的请示,单一来源,,,,,,,,,上海司尔亚司数据信息有限公司
citic_securities,b527e35606bed9424d00e448.md,2fa91327948559c13fa1080257fd182433a590b4,2026-06-25T08:25:12.453191+00:00,D:\Auto_capture_info\documents\structured_announcements\raw_json\citic_securities\b527e35606bed9424d00e448.json,中信期货,2026-06-15,结果公示,IT软硬件,IT运维与外包,沪郑连三地机房2026年综合运维项目,竞争性磋商,,,,,,,,,河南云维信息技术有限公司
citic_securities,b67dcb577417d5113f8c86dd.md,903c748ba4eec4856eac9694b52f062dddbc5a02,2026-06-25T08:25:12.453497+00:00,D:\Auto_capture_info\documents\structured_announcements\raw_json\citic_securities\b67dcb577417d5113f8c86dd.json,中信期货,2026-05-18,结果公示,专业及金融服务,营销与投研数据,关于SMM有色网网页版数据终端及API接口采购的申请,单一来源,,,,,,,,,上海有色网信息科技股份有限公司
citic_securities,b79097ccd5745d0b7bddc986.md,dfa72bb01d467a4b61dcff026e0b3cc9823a16ff,2026-06-25T08:25:12.462685+00:00,D:\Auto_capture_info\documents\structured_announcements\raw_json\citic_securities\b79097ccd5745d0b7bddc986.json,中信期货,2026-03-24,结果公示,IT软硬件,基础算力与云存储,量化业务托管机房搬迁2026年第二批超频机采购,询价,,,,,,,,,上海思鸿信息技术有限公司
citic_securities,b8642e652f2ae337280fc118.md,2bd28aadd48aafff3af484dad0830e9ed231c70a,2026-06-25T08:25:12.457321+00:00,D:\Auto_capture_info\documents\structured_announcements\raw_json\citic_securities\b8642e652f2ae337280fc118.json,中信证券,2026-04-02,结果公示,IT软硬件,基础算力与云存储,关于2026杭州滨盛路机房电信互联网线路的采购申请,单一来源,,,,,,,,,中国电信股份有限公司杭州分公司
citic_securities,ba36d466079a3f0fef4a759f.md,7402b32f5a8fe6caa69cfcaea3cf2a868647ed5a,2026-06-25T08:25:12.459159+00:00,D:\Auto_capture_info\documents\structured_announcements\raw_json\citic_securities\ba36d466079a3f0fef4a759f.json,中信证券,2026-04-22,结果公示,IT软硬件,基础算力与云存储,关于广州至东莞专线扩容的采购申请,单一来源,,,,,,,,,广州驰程信息科技有限公司
citic_securities,bc49ec8f0f7cf3f35d69f40a.md,88371da4adc0af9b4c24c5fd7e9e7eaca1fca07e,2026-06-25T08:25:12.458652+00:00,D:\Auto_capture_info\documents\structured_announcements\raw_json\citic_securities\bc49ec8f0f7cf3f35d69f40a.json,中信证券,2026-05-20,结果公示,IT软硬件,IT运维与外包,浙江分公司温岭万昌中路证券营业部关于经营场所迁址立项的请示,竞争性磋商,,,,,,,,,浙江威星电子系统软件股份有限公司
citic_securities,bc6b20a48caba18258c49990.md,e64468f2da6e0b542c255aba160516426d444f74,2026-06-25T08:25:12.462285+00:00,D:\Auto_capture_info\documents\structured_announcements\raw_json\citic_securities\bc6b20a48caba18258c49990.json,中信期货,2026-06-03,结果公示,IT软硬件,网络与信息安全,分支机构组网设备2026年老旧替换项目采购,询价,,,,,,,,,深圳市桑威科技有限公司
citic_securities,bcc1dd1e19a3732e688d74f8.md,a87d6a6d30fb08eda76806860c2085dab693b380,2026-06-25T08:25:12.461434+00:00,D:\Auto_capture_info\documents\structured_announcements\raw_json\citic_securities\bcc1dd1e19a3732e688d74f8.json,中信期货,2026-04-29,结果公示,专业及金融服务,营销与投研数据,中信期货2026年银行间债券实时非展示行情服务采购项目,单一来源,,,,,,,,,宁波森浦信息技术有限公司
citic_securities,bebe4e99fa1e99c1ee459c25.md,a5ee8f68dd54d33d5266f69cc29c78bce3f0fc39,2026-06-25T08:25:12.463898+00:00,D:\Auto_capture_info\documents\structured_announcements\raw_json\citic_securities\bebe4e99fa1e99c1ee459c25.json,中信证券,2026-04-01,结果公示,IT软硬件,IT运维与外包,关于RPA平台授权及驻场支持服务项目的采购请示,单一来源,,,,,,,,,珠海金智维人工智能股份有限公司
citic_securities,c100779fbd6826130f9242f8.md,1c5541684d1ce68d022aee7b122b1f6579350583,2026-06-25T08:25:12.463789+00:00,D:\Auto_capture_info\documents\structured_announcements\raw_json\citic_securities\c100779fbd6826130f9242f8.json,中信证券,2026-06-18,结果公示,IT软硬件,业务系统与软件,关于异常交易监控系统2026年优化及维护的采购申请,单一来源,,,,,,,,,恒生电子股份有限公司
citic_securities,c26ce0699551990be7969956.md,55b0baa7c2995c745b1bd195d1c9cd114db8f713,2026-06-25T08:25:12.469879+00:00,D:\Auto_capture_info\documents\structured_announcements\raw_json\citic_securities\c26ce0699551990be7969956.json,中信证券,,采购招标,IT软硬件,业务系统与软件,中信证券股份有限公司智能获客管理平台项目,公开招标,,,,,,,,,
citic_securities,c28b112c2ff828f26965b2a0.md,8521312198055a769ad0d80ac78bc1328a2be843,2026-06-25T08:25:12.465706+00:00,D:\Auto_capture_info\documents\structured_announcements\raw_json\citic_securities\c28b112c2ff828f26965b2a0.json,中信证券,,采购招标,IT软硬件,业务系统与软件,中信证券股份有限公司企点商通数据接口开发服务采购项目,,,,,,,,,,
citic_securities,c3012a0a67bdafb3f5821cad.md,4c8f5fb6f5f53fd7117c61b174c61c47632f99ee,2026-06-25T08:25:12.470872+00:00,D:\Auto_capture_info\documents\structured_announcements\raw_json\citic_securities\c3012a0a67bdafb3f5821cad.json,中信证券,2026-06-04,结果公示,其他,行政与办公后勤,关于公司新租办公区（瑞城商业中心）软装家具及一层员工椅、会议家具、更衣柜采购立项的请示,竞争性磋商,,,,,,,,,科尔卡诺集团有限公司
citic_securities,c418e62f3681a8bb4b13db12.md,dd7be3459e4caa1eebe0b0437602c1f68d878f9a,2026-06-25T08:25:12.466369+00:00,D:\Auto_capture_info\documents\structured_announcements\raw_json\citic_securities\c418e62f3681a8bb4b13db12.json,中信证券,2026-06-16,结果公示,其他,行政与办公后勤,关于公司总部茶水间矿泉水服务商采购的立项申请,竞争性磋商,,,,,,,,,北京盛鸿圆商贸有限公司
citic_securities,c517b77705eff7956d526dc7.md,90b391dd091fb1cf69b74c26de6d054a8ea0d77a,2026-06-25T08:25:12.466419+00:00,D:\Auto_capture_info\documents\structured_announcements\raw_json\citic_securities\c517b77705eff7956d526dc7.json,中信期货,2026-05-28,结果公示,IT软硬件,基础算力与云存储,关于向上海联通采购线路升速的申请,单一来源,,,,,,,,,中国联合网络通信有限公司上海市分公司
citic_securities,c8fe68cb8357ad9e75191357.md,37e5b6c479bf910a57eb82234f0b3bdf96e627c0,2026-06-25T08:25:12.468782+00:00,D:\Auto_capture_info\documents\structured_announcements\raw_json\citic_securities\c8fe68cb8357ad9e75191357.json,中信证券,2026-04-30,结果公示,IT软硬件,业务系统与软件,关于资管反洗钱系统信创改造项目采购的请示,单一来源,,,,,,,,,恒生电子股份有限公司
citic_securities,cda034d9a338e169fd6b1486.md,ec5f9542c685968c68ae86d00c68aff2899d2326,2026-06-25T08:25:12.468324+00:00,D:\Auto_capture_info\documents\structured_announcements\raw_json\citic_securities\cda034d9a338e169fd6b1486.json,中信期货,2026-04-16,结果公示,IT软硬件,网络与信息安全,关于采购上海地区第一批上期所报盘线路,单一来源,,,,,,,,,中国联合网络通信有限公司上海市分公司;中国移动通信集团上海有限公司
citic_securities,d0dedbc75f563c2d81f6bb72.md,2a92d0bea205ebd6b8a2d26cdbd1b10181652fe5,2026-06-25T08:25:12.469765+00:00,D:\Auto_capture_info\documents\structured_announcements\raw_json\citic_securities\d0dedbc75f563c2d81f6bb72.json,中信证券,2026-04-17,结果公示,IT软硬件,IT运维与外包,关于2026年移动终端兼容性测试与远程真机调测服务项目采购的请示,竞争性磋商,,,,,,,,,北京云测信息技术有限公司;上海泽众软件科技有限公司;
citic_securities,d2e2c2d9e51ad867271df8e0.md,c367c6f0b78d6f659f88586bf23da8121e517973,2026-06-25T08:25:12.470585+00:00,D:\Auto_capture_info\documents\structured_announcements\raw_json\citic_securities\d2e2c2d9e51ad867271df8e0.json,中信证券,2026-04-28,结果公示,专业及金融服务,法律与合规服务,关于公司境内外常年法律顾问选聘的立项申请,竞争性磋商,,,,,,,,,高伟绅律师事务所北京代表处
citic_securities,d3f9397b380e4a87dcd4ab8d.md,07b8080ae41c3f2144744707d4eded5b8313135b,2026-06-25T08:25:12.470468+00:00,D:\Auto_capture_info\documents\structured_announcements\raw_json\citic_securities\d3f9397b380e4a87dcd4ab8d.json,中信期货,2026-06-16,结果公示,专业及金融服务,营销与投研数据,钢联数据源2026年续采项目,单一来源,,,,,,,,,上海钢联电子商务股份有限公司
citic_securities,d4dd36b2f86a138c1a61ba2e.md,36426bac77d9e633e2ed71c8e218215f8192088d,2026-06-25T08:25:12.472077+00:00,D:\Auto_capture_info\documents\structured_announcements\raw_json\citic_securities\d4dd36b2f86a138c1a61ba2e.json,中信证券,2026-04-23,结果公示,IT软硬件,IT运维与外包,关于终端管理系统采购与续约采购的请示,竞争性磋商,,,,,,,,,北京祥云天地科技有限公司
citic_securities,d61d05a0ef16978a6992ddc6.md,ce60af72c74f71059f73f8fa7216a1615beec0cc,2026-06-25T08:25:12.474462+00:00,D:\Auto_capture_info\documents\structured_announcements\raw_json\citic_securities\d61d05a0ef16978a6992ddc6.json,中信期货,2026-03-30,结果公示,IT软硬件,IT运维与外包,IT项目管理系统2026年维护项目,单一来源,,,,,,,,,北京神州数字科技有限公司
citic_securities,d6d1cc513bf6e71192ae968c.md,317a83e22900cf60523c4c9e63a530652e5d10a2,2026-06-25T08:25:12.477343+00:00,D:\Auto_capture_info\documents\structured_announcements\raw_json\citic_securities\d6d1cc513bf6e71192ae968c.json,中信期货,2026-05-15,结果公示,IT软硬件,网络与信息安全,网络安全等级保护2026年测评项目采购申请,竞争性磋商,,,,,,,,,深圳市网安计算机安全检测技术有限公司
citic_securities,d6e03559bb5b3c1c7fdda2ef.md,f1fdc16e2c579a50bad008e4873f50f4870b100a,2026-06-25T08:25:12.477917+00:00,D:\Auto_capture_info\documents\structured_announcements\raw_json\citic_securities\d6e03559bb5b3c1c7fdda2ef.json,中信证券,2026-04-08,结果公示,专业及金融服务,营销与投研数据,单一来源采购IQVIA全球医药数据库的请示,单一来源,,,,,,,,,艾昆纬企业管理咨询（上海）有限公司
citic_securities,d885c88abdfc6e4c6f6bc7ca.md,acca10568fba4989b0d859a9e3033d5841a3da40,2026-06-25T08:25:12.477970+00:00,D:\Auto_capture_info\documents\structured_announcements\raw_json\citic_securities\d885c88abdfc6e4c6f6bc7ca.json,中信证券,2026-05-12,结果公示,其他,工程装修与物业,浙江分公司台州分公司关于办公场地全面改造的立项申请,竞争性磋商,,,,,,,,,浙江威勒智能科技有限公司
citic_securities,dc92bf651c9a30419ddf9fb0.md,6fbcd6f20634dbd1ae17bbeef0f86f12a1b8f79a,2026-06-25T08:25:12.479146+00:00,D:\Auto_capture_info\documents\structured_announcements\raw_json\citic_securities\dc92bf651c9a30419ddf9fb0.json,中信证券,2026-06-03,结果公示,IT软硬件,网络与信息安全,关于清北新增关基互联网采购项目的采购申请,竞争性磋商,,,,,,,,,中国移动通信集团北京有限公司
citic_securities,dd2a8f366889e01dff499156.md,627139aafed7111c3514776e2dbc7f483194f3d7,2026-06-25T08:25:12.481709+00:00,D:\Auto_capture_info\documents\structured_announcements\raw_json\citic_securities\dd2a8f366889e01dff499156.json,中信证券,2026-05-12,结果公示,IT软硬件,基础算力与云存储,关于股衍CSMM做市系统存储扩容采购的请示,竞争性磋商,,,,,,,,,北京先进数通信息技术股份公司
citic_securities,dd39187e3519315a2ad3ce0d.md,b5dcf7855982680f9fd19a97010d6ced5a8fd06e,2026-06-25T08:25:12.478611+00:00,D:\Auto_capture_info\documents\structured_announcements\raw_json\citic_securities\dd39187e3519315a2ad3ce0d.json,中信证券,2026-03-25,结果公示,其他,工程装修与物业,关于瑞城商业中心扶梯更新改造的采购立项请示,单一来源,,,,,,,,,迅达（中国）电梯有限公司
citic_securities,ddb66365d2d2cb3dcecbe3da.md,6b5cdfc3d2514d041d096fb3ac4f3d3fe053d4f1,2026-06-25T08:25:12.484079+00:00,D:\Auto_capture_info\documents\structured_announcements\raw_json\citic_securities\ddb66365d2d2cb3dcecbe3da.json,中信证券,2026-05-28,结果公示,IT软硬件,业务系统与软件,关于综合办公平台架构升级项目软件许可及实施服务采购的请示,单一来源,,,,,,,,,深圳市蓝凌软件股份有限公司
citic_securities,e045e2a655437abf2e3412d9.md,aff0e16fd305c08bf9ccb4cc4f0e1673377b438f,2026-06-25T08:25:12.482890+00:00,D:\Auto_capture_info\documents\structured_announcements\raw_json\citic_securities\e045e2a655437abf2e3412d9.json,中信期货,2026-05-28,结果公示,IT软硬件,基础算力与云存储,关于向上海联通采购线路的申请,单一来源,,,,,,,,,中国联合网络通信有限公司上海市分公司
citic_securities,e366c467d86d7b20867326f9.md,11f6be035c19fff7076cd19149136154ef1c61e1,2026-06-25T08:25:12.482760+00:00,D:\Auto_capture_info\documents\structured_announcements\raw_json\citic_securities\e366c467d86d7b20867326f9.json,中信证券,2026-05-11,结果公示,专业及金融服务,人力与外包服务,统一客户联络中心关于采购单向视频开户人工回访业务外包服务的立项请示,竞争性磋商,,,,,,,,,北京鸿联九五信息产业有限公司
citic_securities,e5386973c6b3320a3739fc85.md,caddeb2a15060eeb832839c6998e3a5992a93d3e,2026-06-25T08:25:12.484503+00:00,D:\Auto_capture_info\documents\structured_announcements\raw_json\citic_securities\e5386973c6b3320a3739fc85.json,中信期货,2026-04-14,结果公示,IT软硬件,网络与信息安全,2026年托管机房搬迁防火墙采购项目,询价,,,,,,,,,上海科普特信息系统有限公司
citic_securities,e77ab5d88dd26bc059713c0d.md,c089e9fb223f2cf2a8791a34196ce33d0e868803,2026-06-25T08:25:12.483210+00:00,D:\Auto_capture_info\documents\structured_announcements\raw_json\citic_securities\e77ab5d88dd26bc059713c0d.json,中信证券,2026-06-02,结果公示,IT软硬件,业务系统与软件,关于GP4投资会计系统信创改造项目采购估值系统的请示,竞争性磋商,,,,,,,,,深圳市赢时胜信息技术股份有限公司
citic_securities,e8a3cee4e4b53717df10d222.md,53216d92d59e227fa38253edef274ab7d3b7b8ca,2026-06-25T08:25:12.484349+00:00,D:\Auto_capture_info\documents\structured_announcements\raw_json\citic_securities\e8a3cee4e4b53717df10d222.json,中信期货,2026-06-16,结果公示,IT软硬件,IT运维与外包,关于向数码通采购通讯线路服务的申请,单一来源,,,,,,,,,数码通信息产业(集团)有限公司
citic_securities,e8c48390d7dabfcc86daebac.md,c02e86811e6517445716a2225e12a31692f2c40f,2026-06-25T08:25:12.489128+00:00,D:\Auto_capture_info\documents\structured_announcements\raw_json\citic_securities\e8c48390d7dabfcc86daebac.json,中信期货,2026-04-02,结果公示,IT软硬件,业务系统与软件,易达柜台框架协议签署,单一来源,,,,,,,,,上海汉霖信息科技有限公司
citic_securities,ebd65ae0f182f43a7d6ccb96.md,994840afff3c29c14fb400417437fbd1ba09d520,2026-06-25T08:25:12.491487+00:00,D:\Auto_capture_info\documents\structured_announcements\raw_json\citic_securities\ebd65ae0f182f43a7d6ccb96.json,中信证券,2026-04-28,结果公示,专业及金融服务,法律与合规服务,关于公司境内外常年法律顾问选聘的立项申请,竞争性磋商,,,,,,,,,北京市金杜律师事务所
citic_securities,ed29aeff1bfdc6e460dedbaf.md,8d5921f78ac3c4a6784a3a63223ec1d654bc15ed,2026-06-25T08:25:12.491286+00:00,D:\Auto_capture_info\documents\structured_announcements\raw_json\citic_securities\ed29aeff1bfdc6e460dedbaf.json,中信证券,2026-06-01,结果公示,IT软硬件,基础算力与云存储,关于2026年上海金桥机房互联网线路扩容项目采购的请示,单一来源,,,,,,,,,数码通信息产业（集团）有限公司
citic_securities,f268c960d322dd1547baf623.md,974c08519bdf1c5a03267cb26e83fc3afe073e5e,2026-06-25T08:25:12.491050+00:00,D:\Auto_capture_info\documents\structured_announcements\raw_json\citic_securities\f268c960d322dd1547baf623.json,中信期货,2026-05-06,结果公示,专业及金融服务,营销与投研数据,期货资讯数据2026年采购项目,竞争性磋商,,,,,,,,,广州金十信息科技有限公司
citic_securities,f5ccea9284d285d5b16a77cf.md,53b1242d088d1085949ec32bd71b7702a15a266e,2026-06-25T08:25:12.491729+00:00,D:\Auto_capture_info\documents\structured_announcements\raw_json\citic_securities\f5ccea9284d285d5b16a77cf.json,中信证券,2026-06-15,结果公示,IT软硬件,IT运维与外包,关于容器平台ETCD修复及高可用加固项目的采购申请,竞争性磋商,,,,,,,,,网鼎明天科技有限公司
citic_securities,f6565acd99a775e7123c1581.md,5aecff33b1eb6a4142b02c3f8ee3b9dc1b4df952,2026-06-25T08:25:12.514025+00:00,D:\Auto_capture_info\documents\structured_announcements\raw_json\citic_securities\f6565acd99a775e7123c1581.json,中信证券,2026-06-02,结果公示,IT软硬件,业务系统与软件,关于权益投资部Axioma优化器许可2026年采购申请,单一来源,,,,,,,,,Axioma (HK) Limited
citic_securities,f67164a59ae2596b6ecabc38.md,b9d106edd1aee0d350f77822cf42c81313457c41,2026-06-25T08:25:12.491604+00:00,D:\Auto_capture_info\documents\structured_announcements\raw_json\citic_securities\f67164a59ae2596b6ecabc38.json,中信证券,2026-05-27,结果公示,IT软硬件,业务系统与软件,关于自营统计平台信创改造产品模块开发服务采购的请示,单一来源,,,,,,,,,福建新意科技有限公司
citic_securities,f95d957379ed192c782555c1.md,04a89f13ae7309958331dddec394c91161dce451,2026-06-25T08:25:12.511044+00:00,D:\Auto_capture_info\documents\structured_announcements\raw_json\citic_securities\f95d957379ed192c782555c1.json,中信证券,2026-06-22,结果公示,IT软硬件,IT运维与外包,2026-2027年度恒生TA系统运维服务项目,单一来源,,,,,,,,,恒生电子股份有限公司
citic_securities,fad56900cad7b32a16ae1fc9.md,0abb045e3aabd6abcc68c2486b41bf2b324c4e87,2026-06-25T08:25:12.502363+00:00,D:\Auto_capture_info\documents\structured_announcements\raw_json\citic_securities\fad56900cad7b32a16ae1fc9.json,中信证券,2026-04-27,结果公示,IT软硬件,基础算力与云存储,关于2026年北京移动东坝IDC及互联网项目采购的请示,单一来源,,,,,,,,,中国移动通信集团北京有限公司
citic_securities,ff8322502841537729f4952a.md,02b83b6fb84c51fd7fbf3d0f437a53426b408652,2026-06-25T08:25:12.511467+00:00,D:\Auto_capture_info\documents\structured_announcements\raw_json\citic_securities\ff8322502841537729f4952a.json,中信期货,2026-06-03,结果公示,IT软硬件,基础算力与云存储,关于采购长途专线的申请,单一来源,,,,,,,,,数码通信息产业（集团）有限公司
citic_securities,ffd3130bef87656c471e36e4.md,2c2cba44eb6370956117e3d3ecf3f78a584e8d7f,2026-06-25T08:25:12.512063+00:00,D:\Auto_capture_info\documents\structured_announcements\raw_json\citic_securities\ffd3130bef87656c471e36e4.json,中信证券,2026-05-18,结果公示,IT软硬件,业务系统与软件,固定收益柜台系统2026年结算项目,单一来源,,,,,,,,,深圳市金证科技股份有限公司
dongguan_securities,002662269e3f2bbfd84eeaef.md,3bda4edeaa14f711884df5bff24cd60dc8094a64,2026-06-25T08:25:12.511250+00:00,D:\Auto_capture_info\documents\structured_announcements\raw_json\dongguan_securities\002662269e3f2bbfd84eeaef.json,东莞证券,2026-01-15,结果公示,专业及金融服务,营销与投研数据,东莞证券2026年Wind金融终端采购项目,单一来源,,,,,,,,,
dongguan_securities,1b927654c83f6748087ebd8a.md,00b4e2431745f3cd2c659c205a9a2778391575b4,2026-06-25T08:25:12.511523+00:00,D:\Auto_capture_info\documents\structured_announcements\raw_json\dongguan_securities\1b927654c83f6748087ebd8a.json,东莞证券,2025-09-05,结果公示,IT软硬件,业务系统与软件,东莞证券掌证宝沪深港通交易信息披露机制调整项目,,,,,,,,,,
dongguan_securities,2129ab5d4851c7c6e0582617.md,3f0a87cef8db04606ccd50db1d8939405787ce12,2026-06-25T08:25:12.515132+00:00,D:\Auto_capture_info\documents\structured_announcements\raw_json\dongguan_securities\2129ab5d4851c7c6e0582617.json,东证招标,,采购招标,其他,其他未分类,东证招标,,,,,,,,,,
dongguan_securities,3c0545296c36b4b4b43e7e66.md,c92949e9c9fb337a237db9b856f3098beeff26d0,2026-06-25T08:25:12.515674+00:00,D:\Auto_capture_info\documents\structured_announcements\raw_json\dongguan_securities\3c0545296c36b4b4b43e7e66.json,东莞证券,2025-12-12,结果公示,IT软硬件,基础算力与云存储,东莞证券XC容器云平台扩容节点维护服务,,,,,,,,,,
dongguan_securities,57f3f0f4bc38687131a73a54.md,d2b1d99d31e2c0c46c17b9440cd932c6d525a0e2,2026-06-29T01:23:51.011403+00:00,D:\Auto_capture_info\documents\structured_announcements\raw_json\dongguan_securities\57f3f0f4bc38687131a73a54.json,,,,,,,,,,,,,,,,
dongguan_securities,61cfc4a6abf313eab9e6f1e7.md,64c324efcd27564114d1efeec0efa21e978a50a3,2026-06-25T08:25:12.526028+00:00,D:\Auto_capture_info\documents\structured_announcements\raw_json\dongguan_securities\61cfc4a6abf313eab9e6f1e7.json,东莞证券,2026-01-06,结果公示,IT软硬件,IT运维与外包,东莞证券信息系统服务2026-2028年度合作项目,,,,,,,,,,
dongguan_securities,6e5d454bb333e7a4474b5c87.md,c9ddb4815342668f9d92a8ae03602484d3f9372e,2026-06-25T08:25:12.525248+00:00,D:\Auto_capture_info\documents\structured_announcements\raw_json\dongguan_securities\6e5d454bb333e7a4474b5c87.json,东莞证券,2025-12-29,结果公示,专业及金融服务,营销与投研数据,东莞证券中央媒体资源采购项目（中国证券报）,,,,,,,,,,
dongguan_securities,8579414c99e518f3c61074e2.md,879cfd876dfc0b1170a70ec95a866ed91fd4d978,2026-06-25T08:25:12.524506+00:00,D:\Auto_capture_info\documents\structured_announcements\raw_json\dongguan_securities\8579414c99e518f3c61074e2.json,东莞证券,2026-03-24,结果公示,其他,其他未分类,东莞证券第十一届投资大赛及第三届ETF大赛奖品采购,,,,,,,,,,
dongguan_securities,9600c7a6ce607a31175b075f.md,a4ba82efd867c6e4d0ab349c5feaf17e10ef1240,2026-06-25T08:25:12.534714+00:00,D:\Auto_capture_info\documents\structured_announcements\raw_json\dongguan_securities\9600c7a6ce607a31175b075f.json,东莞证券,2025-12-24,结果公示,专业及金融服务,营销与投研数据,2026年同花顺iFinD金融终端采购项目,单一来源,,,,,,,,,
dongguan_securities,9a5f9f55779feca42cf079ae.md,6db2851b90fd473fffe2923f775c49798b70d1db,2026-06-29T01:23:51.805358+00:00,D:\Auto_capture_info\documents\structured_announcements\raw_json\dongguan_securities\9a5f9f55779feca42cf079ae.json,,,,,,,,,,,,,,,,
dongguan_securities,a02cdbc58e3e4e01841fffa5.md,d9f81cc194328de4b432971395dc6c4f5b9ef6e1,2026-06-25T08:25:12.528767+00:00,D:\Auto_capture_info\documents\structured_announcements\raw_json\dongguan_securities\a02cdbc58e3e4e01841fffa5.json,东莞证券,2025-09-19,结果公示,IT软硬件,业务系统与软件,东莞证券同花顺APP技术服务项目,,,,,,,,,,
dongguan_securities,a50d3a2364101fff4b99c3cf.md,5755a02377af35ac5045946eaf2efc2e70cb22f7,2026-06-29T01:23:55.214269+00:00,D:\Auto_capture_info\documents\structured_announcements\raw_json\dongguan_securities\a50d3a2364101fff4b99c3cf.json,东莞证券,2026-06-29,采购招标,其他,其他未分类,退市整理板块每日风险提示公告,,,,,,,,,,
dongguan_securities,ad0dedc0343c1691d33692d7.md,2f53b48ee3bc8a41b14ed74e9232eebf69f99562,2026-06-25T08:25:12.529742+00:00,D:\Auto_capture_info\documents\structured_announcements\raw_json\dongguan_securities\ad0dedc0343c1691d33692d7.json,东证,,采购招标,其他,其他未分类,东证招标,,,,,,,,,,
dongguan_securities,c4774c0c96aa9df80f0543cb.md,503fc5864346fdb184dd7898cb6a1a123384e32b,2026-06-25T08:25:12.541297+00:00,D:\Auto_capture_info\documents\structured_announcements\raw_json\dongguan_securities\c4774c0c96aa9df80f0543cb.json,东莞证券,2025-12-24,结果公示,专业及金融服务,营销与投研数据,东莞证券中央媒体资源采购项目（证券时报）,,,,,,,,,,
dongguan_securities,c8feabe21c74b444516dba31.md,90458f347233319a6f9cc08e6461c20fcd79cc55,2026-06-25T08:25:12.531518+00:00,D:\Auto_capture_info\documents\structured_announcements\raw_json\dongguan_securities\c8feabe21c74b444516dba31.json,东莞证券,2025-12-01,结果公示,IT软硬件,业务系统与软件,东莞证券财富通网上交易系统适老化功能模块和条件单功能模块采购项目,单一来源,,,,,,,,,
everbright_securities,1d05fdc9535203b0ab9c44e6.md,25d9bd85e68dba383f854fe0100cb49654a83bda,2026-06-25T08:25:12.533451+00:00,D:\Auto_capture_info\documents\structured_announcements\raw_json\everbright_securities\1d05fdc9535203b0ab9c44e6.json,光大期货,2026-04-30,结果公示,IT软硬件,基础算力与云存储,2台超频服务器采购,单一来源,,,,,,,,,上海东融贸易有限公司
everbright_securities,34f1efe6f6815e6715806b48.md,ba796e82c46eae8775c3537f38a033de41aaba50,2026-06-25T08:25:12.534855+00:00,D:\Auto_capture_info\documents\structured_announcements\raw_json\everbright_securities\34f1efe6f6815e6715806b48.json,光大证券,,采购招标,其他,工程装修与物业,光大证券总部大楼装修改造第三方审图项目,,,,,,,,,,
everbright_securities,37c565d53acf29d56fadb138.md,540d6e22f02760c44d929d4167a8055ece7aab12,2026-06-25T08:25:12.533611+00:00,D:\Auto_capture_info\documents\structured_announcements\raw_json\everbright_securities\37c565d53acf29d56fadb138.json,光大证券,2024-01-26,采购招标,其他,工程装修与物业,武汉新华路营业部新址装修工程（装饰项目）,公开招标,,,,,,,,,
everbright_securities,4dfe574024067217a64609b6.md,21d9a72034160489f6a9a7c6508bfcc02de58060,2026-06-25T08:25:12.533889+00:00,D:\Auto_capture_info\documents\structured_announcements\raw_json\everbright_securities\4dfe574024067217a64609b6.json,光大光子投资管理有限公司,2026-04-02,结果公示,IT软硬件,业务系统与软件,融航期货交易平台采购项目,单一来源,,,,,,,,,上海融航信息技术股份有限公司
everbright_securities,51d4c69b4fdba01e6e59c02d.md,467016965db341ca3ed8e507835b572022ce1bb8,2026-06-25T08:25:12.544535+00:00,D:\Auto_capture_info\documents\structured_announcements\raw_json\everbright_securities\51d4c69b4fdba01e6e59c02d.json,光大期货,2026-03-31,结果公示,IT软硬件,业务系统与软件,ATP内外盘套利交易系统,单一来源,,,,,,,,,深圳奥统平技术有限公司
everbright_securities,54729e382d7cdcb62b2b137a.md,58fc4bd03bcf22df81246e9227fd1f194ecafabb,2026-06-25T08:25:12.539853+00:00,D:\Auto_capture_info\documents\structured_announcements\raw_json\everbright_securities\54729e382d7cdcb62b2b137a.json,,2026-05-21,采购招标,其他,其他未分类,未命名项目,,,,,,,,,,
everbright_securities,5573692b2a34121c82b34e27.md,4c99e98c2b175efc5716eb65c0e7de51f31b89d9,2026-06-25T08:25:12.553033+00:00,D:\Auto_capture_info\documents\structured_announcements\raw_json\everbright_securities\5573692b2a34121c82b34e27.json,光大证券,2024-01-08,采购招标,IT软硬件,基础算力与云存储,光大证券基础环境-数据库存储信创_2023_设备更新,公开招标,,,,,,,,,
everbright_securities,60a7a62151db01ae72ae8d40.md,327a00e3b7b1607c940545e5fc9ed087e0acba5e,2026-06-25T08:25:12.541676+00:00,D:\Auto_capture_info\documents\structured_announcements\raw_json\everbright_securities\60a7a62151db01ae72ae8d40.json,光大证券,2024-04-29,采购招标,其他,行政与办公后勤,宁海气象北路营业部新址装修工程（家具项目）,公开招标,,,,,,,,,
everbright_securities,633fa4a9ac5eb708a4850acf.md,655e2b157cf2688b240cb3c9b1b5907fba129010,2026-06-25T08:25:12.546071+00:00,D:\Auto_capture_info\documents\structured_announcements\raw_json\everbright_securities\633fa4a9ac5eb708a4850acf.json,光大期货,2026-03-16,结果公示,IT软硬件,业务系统与软件,2026年度融航AMS资管平台采购项目,单一来源,,,,,,,,,上海融航信息技术股份有限公司
everbright_securities,68d9ca0f14cb9c618b56d8da.md,7359b010430a7af3fc599e70f6d0ab21542cd453,2026-06-25T08:25:12.548278+00:00,D:\Auto_capture_info\documents\structured_announcements\raw_json\everbright_securities\68d9ca0f14cb9c618b56d8da.json,光大光子投资管理有限公司,2026-04-02,结果公示,专业及金融服务,营销与投研数据,光大光子2026年万得终端数据服务采购项目,单一来源,,,,,,,,,万得信息技术股份有限公司
everbright_securities,7264e96769519c74852a0d8f.md,61b73f13b232506f2cc20ea61053a3fce4918368,2026-06-25T08:25:12.547171+00:00,D:\Auto_capture_info\documents\structured_announcements\raw_json\everbright_securities\7264e96769519c74852a0d8f.json,光大期货,2026-05-13,结果公示,IT软硬件,业务系统与软件,易达期货期权交易系统,单一来源,,,,,,,,,上海汉霖信息科技有限公司
everbright_securities,79bc07e240697d965934dcab.md,74fb58bca97f40ebf4c11c76e59e166ab1576f62,2026-06-25T08:25:12.551154+00:00,D:\Auto_capture_info\documents\structured_announcements\raw_json\everbright_securities\79bc07e240697d965934dcab.json,光大期货,2026-03-17,结果公示,IT软硬件,基础算力与云存储,郑州电信机房运营商线路采购项目,单一来源,,,,,,,,,中国电信集团有限公司郑州分公司
everbright_securities,7b01f4da248f5020077040d6.md,6dc15bd1c05193e5cedad7346ae86dd19e5ef1a3,2026-06-25T08:25:12.551693+00:00,D:\Auto_capture_info\documents\structured_announcements\raw_json\everbright_securities\7b01f4da248f5020077040d6.json,光大证券,2024-01-29,采购招标,IT软硬件,网络与信息安全,光大证券基础环境_安全互联网信息系统渗透测试_2023_服务,公开招标,,,,,,,,,
everbright_securities,7ee70820474bbf6e90c13126.md,c122a7e6364b3168cd28b06302285240790a4bde,2026-06-25T08:25:12.553680+00:00,D:\Auto_capture_info\documents\structured_announcements\raw_json\everbright_securities\7ee70820474bbf6e90c13126.json,光大证券,,采购招标,其他,工程装修与物业,光大证券总部大楼装修改造结构检测项目,公开招标,,,,,,,,,
everbright_securities,806d76aa96c367029254cae1.md,e38849810e49f8312c4e81a2d76b85fa99ae8538,2026-06-25T08:25:12.553626+00:00,D:\Auto_capture_info\documents\structured_announcements\raw_json\everbright_securities\806d76aa96c367029254cae1.json,光大期货,2026-05-08,结果公示,IT软硬件,业务系统与软件,博易APP技术服务采购项目,单一来源,,,,,,,,,上海澎博网络数据信息咨询有限公司
everbright_securities,8f36977b79517a3e0134f953.md,17949517d4dcc876e618ff4d4b8306eb4da209d5,2026-06-25T08:25:12.553483+00:00,D:\Auto_capture_info\documents\structured_announcements\raw_json\everbright_securities\8f36977b79517a3e0134f953.json,光大期货,2026-02-04,结果公示,IT软硬件,业务系统与软件,易达期货期权交易系统采购项目,单一来源,,,,,,,,,上海汉霖信息科技有限公司
everbright_securities,95b768918af5749f3d569bd8.md,98c35069ff73b7c3a39bee46da67b0cefa7ba198,2026-06-25T08:25:12.554182+00:00,D:\Auto_capture_info\documents\structured_announcements\raw_json\everbright_securities\95b768918af5749f3d569bd8.json,光大证券,2024-01-26,采购招标,其他,行政与办公后勤,武汉新华路营业部新址装修工程（家具项目）,公开招标,,,,,,,,,
everbright_securities,b52854b79a9c3d2bd45fe983.md,850efd9090a33f2fcfb7dcfcd3d1f5923542d4b5,2026-06-25T08:25:12.555164+00:00,D:\Auto_capture_info\documents\structured_announcements\raw_json\everbright_securities\b52854b79a9c3d2bd45fe983.json,光大期货,2026-03-12,结果公示,IT软硬件,业务系统与软件,博易云“网上行情系统”技术服务采购项目,单一来源,,,,,,,,,上海澎博网络数据信息咨询有限公司
everbright_securities,b5a43fc486fde41af53c2b0d.md,cea2574a5525b12efd47e58b1cc5eb152d923000,2026-06-25T08:25:12.563077+00:00,D:\Auto_capture_info\documents\structured_announcements\raw_json\everbright_securities\b5a43fc486fde41af53c2b0d.json,光大期货,2026-02-25,结果公示,IT软硬件,业务系统与软件,顶点HTS股票期权交易系统软件采购,单一来源,,,,,,,,,福建顶点软件股份有限公司
everbright_securities,b85f0a2110a6842cba001fab.md,37dbf498a7c97c292a965e8d0436a448fa698d01,2026-06-25T08:25:12.564946+00:00,D:\Auto_capture_info\documents\structured_announcements\raw_json\everbright_securities\b85f0a2110a6842cba001fab.json,光大期货,2023-03-10,采购招标,IT软硬件,基础算力与云存储,光大期货中金所自建机房综合布线采购项目,公开招标,,,,,,,,,
everbright_securities,b8b42c5e3f4f5f3b8c169cc3.md,82d7c958f198e05be2946fc22b511783b6f21f7f,2026-06-25T08:25:12.563137+00:00,D:\Auto_capture_info\documents\structured_announcements\raw_json\everbright_securities\b8b42c5e3f4f5f3b8c169cc3.json,光大证券,2026-04-07,采购招标,专业及金融服务,人力与外包服务,光大证券股份有限公司2026年招标代理机构遴选项目（标段一货物服务类）,公开招标,,,,,,,,,
everbright_securities,b8b42c5e3f4f5f3b8c169cc3.md,82d7c958f198e05be2946fc22b511783b6f21f7f,2026-06-25T08:25:12.563137+00:00,D:\Auto_capture_info\documents\structured_announcements\raw_json\everbright_securities\b8b42c5e3f4f5f3b8c169cc3.json,光大证券,2026-04-07,采购招标,其他,工程装修与物业,光大证券股份有限公司2026年招标代理机构遴选项目（标段二工程类）,公开招标,,,,,,,,,
everbright_securities,cc787eeaac028fe1e7cd874a.md,cbf6b406905ad7dcd81ffe18578efc59bf7f3c85,2026-06-25T08:25:12.562928+00:00,D:\Auto_capture_info\documents\structured_announcements\raw_json\everbright_securities\cc787eeaac028fe1e7cd874a.json,光大证券,2024-04-29,采购招标,其他,工程装修与物业,宁海气象北路营业部新址装修工程（空调新风项目）,公开招标,,,,,,,,,
everbright_securities,cfd9ecfc56d5c4613f0848ea.md,a2c054615cf8b0d1718883e213927ca9315cd810,2026-06-25T08:25:12.564150+00:00,D:\Auto_capture_info\documents\structured_announcements\raw_json\everbright_securities\cfd9ecfc56d5c4613f0848ea.json,光大证券,2024-01-26,采购招标,其他,工程装修与物业,武汉新华路营业部新址装修工程（空调新风项目）,公开招标,,,,,,,,,
everbright_securities,df4ce0585c5a1ce4a1dbbe15.md,eccc62b1f06b5902862fcfcf2ff53ee1b2621f85,2026-06-25T08:25:12.576368+00:00,D:\Auto_capture_info\documents\structured_announcements\raw_json\everbright_securities\df4ce0585c5a1ce4a1dbbe15.json,光大证券,2024-04-19,采购招标,其他,行政与办公后勤,深圳深南大道营业部新址装修工程（家具项目）,公开招标,,,,,,,,,
everbright_securities,e3a388eef4b72fde3a095631.md,3aaf3e0f6aa4cb4d0e9316572be3d0cf2f56be58,2026-06-25T08:25:12.575762+00:00,D:\Auto_capture_info\documents\structured_announcements\raw_json\everbright_securities\e3a388eef4b72fde3a095631.json,光大期货,2026-02-10,采购招标,IT软硬件,基础算力与云存储,郑州联通机房运营商线路采购项目,单一来源,,,,,,,,,
everbright_securities,e85a58d2933e28e83a472cfe.md,1b4ff6ff0195a614d5f10702958619f529237c2f,2026-06-25T08:25:12.575602+00:00,D:\Auto_capture_info\documents\structured_announcements\raw_json\everbright_securities\e85a58d2933e28e83a472cfe.json,光大期货,2025-01-27,结果公示,IT软硬件,基础算力与云存储,郑州联通机房运营商线路采购项目,单一来源,,,,,,,,,中国联合网络通信有限公司郑州市分公司
everbright_securities,f9f022703b3e1ccfb158313e.md,c6b89d737ced91e62fcdead1b1eeb2340fe4ffd7,2026-06-25T08:25:12.576448+00:00,D:\Auto_capture_info\documents\structured_announcements\raw_json\everbright_securities\f9f022703b3e1ccfb158313e.json,光大期货,2026-03-10,结果公示,IT软硬件,业务系统与软件,德索CRM技术服务采购项目,单一来源,,,,,,,,,上海德索信息技术有限公司
everbright_securities,ff4ccd4daf40ad8e3cd2a1ab.md,a0a49f0f7c1ab8a4cbc0e46f39a55a445eb9d729,2026-06-25T08:25:12.575992+00:00,D:\Auto_capture_info\documents\structured_announcements\raw_json\everbright_securities\ff4ccd4daf40ad8e3cd2a1ab.json,光大证券,2024-03-28,采购招标,其他,工程装修与物业,东莞长安德政中路营业部新址装修工程（装饰项目）,公开招标,,,,,,,,,
guangfa_securities,04804f0061b0f12b0400e8ea.md,81c173423fa6b01cf7ee28655db890715ea9770c,2026-06-25T08:25:12.575882+00:00,D:\Auto_capture_info\documents\structured_announcements\raw_json\guangfa_securities\04804f0061b0f12b0400e8ea.json,广发证券,2026-05-25,采购招标,IT软硬件,基础算力与云存储,广发证券集中交易备份查询节点配件采购项目,,,,,,,,,,
guangfa_securities,0721725c04e7a3017bb28a45.md,726c28c2553b621bd0ca2268b5992d9644e1dac7,2026-06-25T08:25:12.583207+00:00,D:\Auto_capture_info\documents\structured_announcements\raw_json\guangfa_securities\0721725c04e7a3017bb28a45.json,广发证券,2026-03-12,采购招标,IT软硬件,IT运维与外包,2026年信息系统改造项目-标段1：财富管理与零售服务类系统开发测试服务,,,,,,,,,,
guangfa_securities,0721725c04e7a3017bb28a45.md,726c28c2553b621bd0ca2268b5992d9644e1dac7,2026-06-25T08:25:12.583207+00:00,D:\Auto_capture_info\documents\structured_announcements\raw_json\guangfa_securities\0721725c04e7a3017bb28a45.json,广发证券,2026-03-12,采购招标,IT软硬件,IT运维与外包,2026年信息系统改造项目-标段2：交易与技术平台系统开发测试服务,,,,,,,,,,
guangfa_securities,0721725c04e7a3017bb28a45.md,726c28c2553b621bd0ca2268b5992d9644e1dac7,2026-06-25T08:25:12.583207+00:00,D:\Auto_capture_info\documents\structured_announcements\raw_json\guangfa_securities\0721725c04e7a3017bb28a45.json,广发证券,2026-03-12,采购招标,IT软硬件,IT运维与外包,2026年信息系统改造项目-标段3：股衍类系统开发测试服务,,,,,,,,,,
guangfa_securities,0721725c04e7a3017bb28a45.md,726c28c2553b621bd0ca2268b5992d9644e1dac7,2026-06-25T08:25:12.583207+00:00,D:\Auto_capture_info\documents\structured_announcements\raw_json\guangfa_securities\0721725c04e7a3017bb28a45.json,广发证券,2026-03-12,采购招标,IT软硬件,IT运维与外包,2026年信息系统改造项目-标段4：固收类系统开发测试服务,,,,,,,,,,
guangfa_securities,0721725c04e7a3017bb28a45.md,726c28c2553b621bd0ca2268b5992d9644e1dac7,2026-06-25T08:25:12.583207+00:00,D:\Auto_capture_info\documents\structured_announcements\raw_json\guangfa_securities\0721725c04e7a3017bb28a45.json,广发证券,2026-03-12,采购招标,IT软硬件,IT运维与外包,2026年信息系统改造项目-标段5：管理支持类系统开发测试服务,,,,,,,,,,
guangfa_securities,10f3513c7e84d476b09f755c.md,ae3c3bccb24c08142065255c8571776a6af124be,2026-06-25T08:25:12.583678+00:00,D:\Auto_capture_info\documents\structured_announcements\raw_json\guangfa_securities\10f3513c7e84d476b09f755c.json,,,,,,,,,,,,,,,,
guangfa_securities,179eda1ae790c8235bd091be.md,23659e1e0e4c0d1124e6870047c6a4a2f605deed,2026-06-25T08:25:12.583459+00:00,D:\Auto_capture_info\documents\structured_announcements\raw_json\guangfa_securities\179eda1ae790c8235bd091be.json,广发证券,2026-05-07,采购招标,IT软硬件,业务系统与软件,广发证券财富经纪业务客户激活AI智能体项目,,,,,,,,,,
guangfa_securities,182766ee2d1977732a5542a0.md,c29aee35c3117f99a25c5e172d6d8ab9d606d7eb,2026-06-25T08:25:12.584082+00:00,D:\Auto_capture_info\documents\structured_announcements\raw_json\guangfa_securities\182766ee2d1977732a5542a0.json,广发证券,2026-04-08,采购招标,其他,其他未分类,广发证券第15届金交会展位搭建项目,,,,,,,,,,
guangfa_securities,1acce8043b41c94ea69bbb71.md,3f50f231681ffab47a509d9538328705ba10e599,2026-06-25T08:25:12.586427+00:00,D:\Auto_capture_info\documents\structured_announcements\raw_json\guangfa_securities\1acce8043b41c94ea69bbb71.json,广发证券,2026-03-13,采购招标,IT软硬件,IT运维与外包,广发证券2026年易捷行云原厂云平台软件维保采购项目,公开招标,,,,,,,,,
guangfa_securities,1bc423f1a0317a6f5bf2b290.md,72b6dda46320c1ce395957794b403692ecd01b81,2026-06-25T08:25:12.592947+00:00,D:\Auto_capture_info\documents\structured_announcements\raw_json\guangfa_securities\1bc423f1a0317a6f5bf2b290.json,广发证券,2026-06-02,采购招标,专业及金融服务,营销与投研数据,广发证券股份有限公司2026年度小红书推广项目,,,,,,,,,,
guangfa_securities,1ee492f0c78ef25e1df5f037.md,febadd12f28be372d9c49742ca204a430293f699,2026-06-25T08:25:12.593779+00:00,D:\Auto_capture_info\documents\structured_announcements\raw_json\guangfa_securities\1ee492f0c78ef25e1df5f037.json,广发证券,2026-03-24,采购招标,IT软硬件,网络与信息安全,广发证券信创堡垒机项目,公开招标,,,,,,,,,
guangfa_securities,1fc095ca5f70094e308735f3.md,6622c5e0b17bf8524c3d8e243bc70214b7025779,2026-06-25T08:25:12.591054+00:00,D:\Auto_capture_info\documents\structured_announcements\raw_json\guangfa_securities\1fc095ca5f70094e308735f3.json,广发证券,2026-05-13,采购招标,其他,工程装修与物业,广发证券保定七一中路营业部搬迁装修工程,公开招标,,,,,,,,,
guangfa_securities,1fc6a25eb5a6732499d6f09a.md,64a966f1bd21dfa9c548c00a2ab60b1accf5f023,2026-06-25T08:25:12.596590+00:00,D:\Auto_capture_info\documents\structured_announcements\raw_json\guangfa_securities\1fc6a25eb5a6732499d6f09a.json,广发证券,2026-02-09,采购招标,其他,工程装修与物业,广发证券财富经纪业务运营中心通风空调设备采购及安装工程,邀请招标,,,,,,,,,
guangfa_securities,1fec5e232b32a119716bfddc.md,a8a2149c3cb3494d2b7064af9a70311345d45a26,2026-06-25T08:25:12.593646+00:00,D:\Auto_capture_info\documents\structured_announcements\raw_json\guangfa_securities\1fec5e232b32a119716bfddc.json,广发证券,2026-02-13,采购招标,IT软硬件,业务系统与软件,广发证券财务舞弊风险预警项目,,,,,,,,,,
guangfa_securities,1fffc6f6d6e70dc36d3d3701.md,aae346b1e163e4684a9d51a03852dede287da5c9,2026-06-25T08:25:12.593567+00:00,D:\Auto_capture_info\documents\structured_announcements\raw_json\guangfa_securities\1fffc6f6d6e70dc36d3d3701.json,广发证券,2026-03-27,采购招标,IT软硬件,业务系统与软件,广发证券2026年大数据基础数据资产建设-系统协同改造项目,,,,,,,,,,
guangfa_securities,2523e4ec97af45e09c2f60aa.md,f368cf027f723fc88b5e55cfab16b6b7b053c9ec,2026-06-25T08:25:12.606829+00:00,D:\Auto_capture_info\documents\structured_announcements\raw_json\guangfa_securities\2523e4ec97af45e09c2f60aa.json,广发证券,2026-06-09,采购招标,专业及金融服务,法律与合规服务,广发证券2026-2027年度境内常年法律顾问供应商征集公告,,,,,,,,,,
guangfa_securities,2523e4ec97af45e09c2f60aa.md,f368cf027f723fc88b5e55cfab16b6b7b053c9ec,2026-06-25T08:25:12.606829+00:00,D:\Auto_capture_info\documents\structured_announcements\raw_json\guangfa_securities\2523e4ec97af45e09c2f60aa.json,广发证券,2026-06-23,采购招标,IT软硬件,基础算力与云存储,广发证券2026信创适配用途昇腾GPU服务器采购,,,,,,,,,,
guangfa_securities,2523e4ec97af45e09c2f60aa.md,f368cf027f723fc88b5e55cfab16b6b7b053c9ec,2026-06-25T08:25:12.606829+00:00,D:\Auto_capture_info\documents\structured_announcements\raw_json\guangfa_securities\2523e4ec97af45e09c2f60aa.json,广发证券,2026-06-16,采购招标,IT软硬件,基础算力与云存储,广发证券2026年光口网卡配件采购,,,,,,,,,,
guangfa_securities,2523e4ec97af45e09c2f60aa.md,f368cf027f723fc88b5e55cfab16b6b7b053c9ec,2026-06-25T08:25:12.606829+00:00,D:\Auto_capture_info\documents\structured_announcements\raw_json\guangfa_securities\2523e4ec97af45e09c2f60aa.json,广发证券,2026-06-15,采购招标,IT软硬件,业务系统与软件,广发证券AIGC基础平台建设项目(二期)- 智能规划模块供应商征集公告,,,,,,,,,,
guangfa_securities,2523e4ec97af45e09c2f60aa.md,f368cf027f723fc88b5e55cfab16b6b7b053c9ec,2026-06-25T08:25:12.606829+00:00,D:\Auto_capture_info\documents\structured_announcements\raw_json\guangfa_securities\2523e4ec97af45e09c2f60aa.json,广发证券,2026-06-08,采购招标,IT软硬件,业务系统与软件,广发证券互联网营销AI语音智能体,,,,,,,,,,
guangfa_securities,2523e4ec97af45e09c2f60aa.md,f368cf027f723fc88b5e55cfab16b6b7b053c9ec,2026-06-25T08:25:12.606829+00:00,D:\Auto_capture_info\documents\structured_announcements\raw_json\guangfa_securities\2523e4ec97af45e09c2f60aa.json,广发证券,2026-06-05,采购招标,IT软硬件,网络与信息安全,广发证券信创一层及1.5层低时延交换机采购项目,,,,,,,,,,
guangfa_securities,2523e4ec97af45e09c2f60aa.md,f368cf027f723fc88b5e55cfab16b6b7b053c9ec,2026-06-25T08:25:12.606829+00:00,D:\Auto_capture_info\documents\structured_announcements\raw_json\guangfa_securities\2523e4ec97af45e09c2f60aa.json,广发证券,2026-06-05,采购招标,IT软硬件,网络与信息安全,广发证券信创三层低时延交换机 POC测试供应商征集公告,,,,,,,,,,
guangfa_securities,2523e4ec97af45e09c2f60aa.md,f368cf027f723fc88b5e55cfab16b6b7b053c9ec,2026-06-25T08:25:12.606829+00:00,D:\Auto_capture_info\documents\structured_announcements\raw_json\guangfa_securities\2523e4ec97af45e09c2f60aa.json,广发证券,2026-06-11,采购招标,IT软硬件,网络与信息安全,广发证券信创堡垒机采购,,,,,,,,,,
guangfa_securities,2523e4ec97af45e09c2f60aa.md,f368cf027f723fc88b5e55cfab16b6b7b053c9ec,2026-06-25T08:25:12.606829+00:00,D:\Auto_capture_info\documents\structured_announcements\raw_json\guangfa_securities\2523e4ec97af45e09c2f60aa.json,广发证券,2026-06-18,采购招标,IT软硬件,网络与信息安全,广发证券网络性能管理系统采购项目,,,,,,,,,,
guangfa_securities,2523e4ec97af45e09c2f60aa.md,f368cf027f723fc88b5e55cfab16b6b7b053c9ec,2026-06-25T08:25:12.606829+00:00,D:\Auto_capture_info\documents\structured_announcements\raw_json\guangfa_securities\2523e4ec97af45e09c2f60aa.json,广发证券,2026-06-02,采购招标,专业及金融服务,营销与投研数据,广发证券股份有限公司2026年度小红书推广项目供应商征集公告,,,,,,,,,,
guangfa_securities,28152c1f827408233837e66c.md,ce7289b4401bb9c7e854357d522ae358401055c8,2026-06-25T08:25:12.597409+00:00,D:\Auto_capture_info\documents\structured_announcements\raw_json\guangfa_securities\28152c1f827408233837e66c.json,广发证券,2026-01-09,采购招标,IT软硬件,IT运维与外包,广发证券财富经纪业务运营中心的机房与防雷工程、UPS系统项目,,,,,,,,,,
guangfa_securities,28d00405e15c094e34d7f754.md,95b48e57df073edd8840b54a9cc6fcc6d3ac6290,2026-06-25T08:25:12.598059+00:00,D:\Auto_capture_info\documents\structured_announcements\raw_json\guangfa_securities\28d00405e15c094e34d7f754.json,广发证券,2026-04-01,采购招标,IT软硬件,IT运维与外包,广发证券集中交易系统华为存储一年期原厂维保服务采购项目,,,,,,,,,,
guangfa_securities,2c14691f26dafa3bb58552f5.md,f2ceaac9355956c548791b50d9f52fdd6a12bccf,2026-06-25T08:25:12.597458+00:00,D:\Auto_capture_info\documents\structured_announcements\raw_json\guangfa_securities\2c14691f26dafa3bb58552f5.json,广发证券,2026-04-02,采购招标,其他,工程装修与物业,广发证券西安锦业路营业部装修工程,公开招标,,,,,,,,,
guangfa_securities,2cea7bae4477ac45b6d6fd31.md,9a239a766e965af3236300c5ecc451c43ac50d94,2026-06-25T08:25:12.598377+00:00,D:\Auto_capture_info\documents\structured_announcements\raw_json\guangfa_securities\2cea7bae4477ac45b6d6fd31.json,广发证券,2026-04-20,采购招标,IT软硬件,IT运维与外包,广发证券广州主备数据中心增租模块综合布线工程采购项目,,,,,,,,,,
guangfa_securities,2e014703196ec4ae5720c6e5.md,c931fe577b32495963a8b370c8190c2b2c9507b8,2026-06-25T08:25:12.600060+00:00,D:\Auto_capture_info\documents\structured_announcements\raw_json\guangfa_securities\2e014703196ec4ae5720c6e5.json,广发证券,2026-01-27,采购招标,其他,工程装修与物业,广发证券财富经纪业务运营中心装修工程,邀请招标,,,,,,,,,
guangfa_securities,3086f54583cf71bb4b85b465.md,cd6c2596be6b994168d5972aee02d800eb1afab8,2026-06-25T08:25:12.602205+00:00,D:\Auto_capture_info\documents\structured_announcements\raw_json\guangfa_securities\3086f54583cf71bb4b85b465.json,广发证券,2026-04-07,采购招标,IT软硬件,基础算力与云存储,广发证券2026年关基系统数据库压测存储采购,公开招标,,,,,,,,,
guangfa_securities,38c4340c4437d87f11268a6e.md,3854d9dd2ba8c9707c858dab9cdd3f21dbc8bde2,2026-06-25T08:25:12.601921+00:00,D:\Auto_capture_info\documents\structured_announcements\raw_json\guangfa_securities\38c4340c4437d87f11268a6e.json,广发证券,2026-03-27,采购招标,IT软硬件,业务系统与软件,全功能容器云平台（含通用中间件底座）扩容,,,,,,,,,,
guangfa_securities,3aa0ddb2a29878ec89739a64.md,a560c883a3e73bacc36b4d2201c72063bf224ece,2026-06-25T08:25:12.610625+00:00,D:\Auto_capture_info\documents\structured_announcements\raw_json\guangfa_securities\3aa0ddb2a29878ec89739a64.json,广发证券,2026-01-08,采购招标,IT软硬件,IT运维与外包,广发证券2026年服务器搬迁服务采购,公开招标,,,,,,,,,
guangfa_securities,3d9fedc94474350409ff6825.md,76cb133fb84668d9be451fd3f986508173218961,2026-06-25T08:25:12.602572+00:00,D:\Auto_capture_info\documents\structured_announcements\raw_json\guangfa_securities\3d9fedc94474350409ff6825.json,广发证券,2026-06-15,采购招标,IT软硬件,业务系统与软件,广发证券AIGC基础平台建设项目(二期) —— 智能规划模块,,,,,,,,,,
guangfa_securities,3fd8ff95f37714c6f2bde326.md,a4fbf1c98cd6931a309a6789fe135b25e8f5f5c7,2026-06-25T08:25:12.602868+00:00,D:\Auto_capture_info\documents\structured_announcements\raw_json\guangfa_securities\3fd8ff95f37714c6f2bde326.json,广发证券,2026-02-05,采购招标,IT软硬件,基础算力与云存储,广发证券集中交易查询节点配件采购项目,,,,,,,,,,
guangfa_securities,42f3c6b4a153251d6da98fba.md,bdeb87d47f50ff70d2ec4e387401646669ab64d8,2026-06-25T08:25:12.610146+00:00,D:\Auto_capture_info\documents\structured_announcements\raw_json\guangfa_securities\42f3c6b4a153251d6da98fba.json,广发证券,2026-01-23,采购招标,IT软硬件,业务系统与软件,广发证券股票投顾模拟交易系统建设项目,,,,,,,,,,
guangfa_securities,4381af5d1e7ccca6fc2e50ee.md,7887a70f0a5dbe7b587d2b2571b6f73b3dcebf47,2026-06-25T08:25:12.610389+00:00,D:\Auto_capture_info\documents\structured_announcements\raw_json\guangfa_securities\4381af5d1e7ccca6fc2e50ee.json,广发证券,2026-04-29,采购招标,IT软硬件,业务系统与软件,广发证券2026年场外衍生品投资管理系统项目,,,,,,,,,,
guangfa_securities,454ef8278d4eeddb3f1b9d5a.md,ddea1b15efc45b6c39070a44334fd57bb9feb751,2026-06-25T08:25:12.614148+00:00,D:\Auto_capture_info\documents\structured_announcements\raw_json\guangfa_securities\454ef8278d4eeddb3f1b9d5a.json,广发证券,2026-05-28,采购招标,专业及金融服务,营销与投研数据,广发证券2026易淘金全球指数项目,,,,,,,,,,
guangfa_securities,45b86ded287f863e2aad06f4.md,3780b3a88d02c5cf13ec5523a9a1a0153c40734b,2026-06-25T08:25:12.613073+00:00,D:\Auto_capture_info\documents\structured_announcements\raw_json\guangfa_securities\45b86ded287f863e2aad06f4.json,广发证券,2026-04-10,采购招标,IT软硬件,基础算力与云存储,广发证券2026年桌面云系统扩容,,,,,,,,,,
guangfa_securities,4ab3ed16f4d9ab1fb6b80384.md,29a0b9e0e204f9c17197cfea7e8ed1c4f677766b,2026-06-25T08:25:12.612724+00:00,D:\Auto_capture_info\documents\structured_announcements\raw_json\guangfa_securities\4ab3ed16f4d9ab1fb6b80384.json,广发证券,2026-03-24,采购招标,专业及金融服务,人力与外包服务,广发证券档案加工,公开招标,,,,,,,,,
guangfa_securities,4de2e1e8d4855dcc867428ee.md,e80e77e8ade5f418c63334d9199bd3309afc726a,2026-06-25T08:25:12.618484+00:00,D:\Auto_capture_info\documents\structured_announcements\raw_json\guangfa_securities\4de2e1e8d4855dcc867428ee.json,广发证券,2026-04-08,采购招标,专业及金融服务,营销与投研数据,广发证券2026年夏季上市公司闭门交流会会务服务,公开招标,,,,,,,,,
guangfa_securities,5008c598ee0d0770a13f55b6.md,6d7331e531cbba08450248ea5442e9332e880377,2026-06-25T08:25:12.619795+00:00,D:\Auto_capture_info\documents\structured_announcements\raw_json\guangfa_securities\5008c598ee0d0770a13f55b6.json,广发证券,2026-05-20,采购招标,IT软硬件,网络与信息安全,广发证券离线数据安全管控工具采购项目,,,,,,,,,,
guangfa_securities,521747c62fdd9dd210ae0d35.md,e327c6254a53f95c4b34305f7767a13fc9e5af7d,2026-06-25T08:25:12.615655+00:00,D:\Auto_capture_info\documents\structured_announcements\raw_json\guangfa_securities\521747c62fdd9dd210ae0d35.json,广发证券,2026-04-15,采购招标,其他,行政与办公后勤,广发证券文化衫定制项目,,,,,,,,,,
guangfa_securities,52344737f3a0577e63b03174.md,2aa4a2f9181fba26af3633d921b30f6eb103fb24,2026-06-25T08:25:12.626253+00:00,D:\Auto_capture_info\documents\structured_announcements\raw_json\guangfa_securities\52344737f3a0577e63b03174.json,广发证券,2026-04-20,采购招标,专业及金融服务,营销与投研数据,广发证券关于提高长尾客户企微添加认证数的解决方案,,,,,,,,,,
guangfa_securities,524bd968e0b38060c749a9ab.md,135e3296861f82f895bb8d3935b89ba0e4db493b,2026-06-25T08:25:12.620362+00:00,D:\Auto_capture_info\documents\structured_announcements\raw_json\guangfa_securities\524bd968e0b38060c749a9ab.json,广发证券,2026-05-12,采购招标,IT软硬件,业务系统与软件,广发证券2026年场外衍生品质量保障专项流量反演测试平台,公开招标,,,,,,,,,
guangfa_securities,537bc9fcdc4abfc9d0b8cddf.md,dea5197b144576ef9102db9071558683b1ec5fed,2026-06-25T08:25:12.621728+00:00,D:\Auto_capture_info\documents\structured_announcements\raw_json\guangfa_securities\537bc9fcdc4abfc9d0b8cddf.json,广发证券,2026-05-26,采购招标,专业及金融服务,营销与投研数据,广发证券投教新媒体内容及运营项目（2026）,公开招标,,,,,,,,,
guangfa_securities,5500d202c5b1f5ba42f5f382.md,aefa027257e7c360827fc8527d2eea0b11245814,2026-06-25T08:25:12.628385+00:00,D:\Auto_capture_info\documents\structured_announcements\raw_json\guangfa_securities\5500d202c5b1f5ba42f5f382.json,广发证券,2026-01-12,采购招标,IT软硬件,网络与信息安全,广发证券2026年25GB网卡配件采购,公开征集,,,,,,,,,
guangfa_securities,58399ddf1c47721cc3a13bf0.md,b29c2b6faf9715802e65697c196d5a022cf45752,2026-06-25T08:25:12.628157+00:00,D:\Auto_capture_info\documents\structured_announcements\raw_json\guangfa_securities\58399ddf1c47721cc3a13bf0.json,广发证券,2026-05-15,采购招标,IT软硬件,IT运维与外包,广发证券各办公场地UPS主机蓄电池、精密空调维保服务项目,,,,,,,,,,
guangfa_securities,5865549e2a4d8fbcc3faea51.md,0a0166fb9c11c129d8b588d8c21644b54bc5fa76,2026-06-25T08:25:12.625245+00:00,D:\Auto_capture_info\documents\structured_announcements\raw_json\guangfa_securities\5865549e2a4d8fbcc3faea51.json,广发证券,2026-03-16,采购招标,IT软硬件,网络与信息安全,广发证券2026年网络拨测系统建设项目,公开征集,,,,,,,,,
guangfa_securities,58de3d4b46578bcb8f2e11a5.md,24e3ed2ce9486596e345684db15b2e5be4ab7d4d,2026-06-25T08:25:12.629222+00:00,D:\Auto_capture_info\documents\structured_announcements\raw_json\guangfa_securities\58de3d4b46578bcb8f2e11a5.json,广发证券,2026-04-30,采购招标,IT软硬件,网络与信息安全,广发证券2026年信创负载均衡采购项目,,,,,,,,,,
guangfa_securities,5dc3ff310fd047ab413dfb0a.md,f3f328ce8c43d314ab1dc189b317c741a06c1460,2026-06-25T08:25:12.628640+00:00,D:\Auto_capture_info\documents\structured_announcements\raw_json\guangfa_securities\5dc3ff310fd047ab413dfb0a.json,广发证券,2026-03-30,采购招标,其他,工程装修与物业,广发证券重庆新南路营业部搬迁项目室内装修工程,公开招标,,,,,,,,,
guangfa_securities,5e4ea4d860cf1e21fe84fddc.md,c20cb9c48c48bb51c4487708b6a2aebcb0fb7421,2026-06-25T08:25:12.629033+00:00,D:\Auto_capture_info\documents\structured_announcements\raw_json\guangfa_securities\5e4ea4d860cf1e21fe84fddc.json,广发证券,2026-03-18,采购招标,IT软硬件,IT运维与外包,广发证券财富经纪业务运营中心新办公场地综合布线工程项目,,,,,,,,,,
guangfa_securities,5e98bccf0e309e1eb5c5c0f8.md,ca8e325574b5d4907c29961d56bf82b13d8c0fd1,2026-06-25T08:25:12.635617+00:00,D:\Auto_capture_info\documents\structured_announcements\raw_json\guangfa_securities\5e98bccf0e309e1eb5c5c0f8.json,广发证券,2026-02-03,采购招标,IT软硬件,基础算力与云存储,大数据集群软件TBDS商业版License采购,,,,,,,,,,
guangfa_securities,697cb66c63552f7773ec2740.md,efcab55689e9a2202eba41f2f26f96b87127e398,2026-06-25T08:25:12.636859+00:00,D:\Auto_capture_info\documents\structured_announcements\raw_json\guangfa_securities\697cb66c63552f7773ec2740.json,广发证券,2026-04-03,采购招标,IT软硬件,业务系统与软件,广发证券2026年数智化学习平台建设项目,,,,,,,,,,
guangfa_securities,6bd07c402441791cf395aadb.md,cd12a2203332bb093891abd48af62f8fbf875cf7,2026-06-25T08:25:12.637851+00:00,D:\Auto_capture_info\documents\structured_announcements\raw_json\guangfa_securities\6bd07c402441791cf395aadb.json,广发证券,2026-04-20,采购招标,IT软硬件,业务系统与软件,广发证券视频会议系统信创改造项目,公开征集,,,,,,,,,
guangfa_securities,6ce3a3bb4842887518b37ff9.md,ae36560d4fa48a79aebded1510407820b1d8f310,2026-06-25T08:25:12.639329+00:00,D:\Auto_capture_info\documents\structured_announcements\raw_json\guangfa_securities\6ce3a3bb4842887518b37ff9.json,广发证券,2026-01-08,采购招标,IT软硬件,业务系统与软件,广发证券并表风控监管指标数据治理项目,,,,,,,,,,
guangfa_securities,6d97699947188b6d371afeba.md,dc285611789818bd52c3c60cbd9440715b944eaf,2026-06-25T08:25:12.637161+00:00,D:\Auto_capture_info\documents\structured_announcements\raw_json\guangfa_securities\6d97699947188b6d371afeba.json,广发证券,2026-04-30,采购招标,专业及金融服务,人力与外包服务,广发证券档案加工,公开招标,,,,,,,,,
guangfa_securities,6f6bb32d84d98e1be643f9b0.md,5c5ee28a125953399ddb5a3b716fc57897aff14b,2026-06-25T08:25:12.643339+00:00,D:\Auto_capture_info\documents\structured_announcements\raw_json\guangfa_securities\6f6bb32d84d98e1be643f9b0.json,广发证券,2026-03-30,采购招标,其他,其他未分类,广发证券大厦外立面灯光运营及广告代理,公开招标,,,,,,,,,
guangfa_securities,728210f748c8253aa5e8b771.md,0c0cd1c682f0bc75a6d17abc47fe83b03bcaed14,2026-06-25T08:25:12.644802+00:00,D:\Auto_capture_info\documents\structured_announcements\raw_json\guangfa_securities\728210f748c8253aa5e8b771.json,广发证券,2026-03-26,采购招标,其他,工程装修与物业,广发证券安阳营业部装修工程,公开招标,,,,,,,,,
guangfa_securities,72cee4af3aec79f02ec3507e.md,d16a3713363c888d3ed7f09686c065690056c7f4,2026-06-25T08:25:12.646840+00:00,D:\Auto_capture_info\documents\structured_announcements\raw_json\guangfa_securities\72cee4af3aec79f02ec3507e.json,广发证券,2026-02-25,采购招标,IT软硬件,IT运维与外包,广发证券2026年容器安全软件维保服务项目,,,,,,,,,,
guangfa_securities,74398505e75b36d3cc9d2cf6.md,ecbd76f696772d1b99e1d3dfa1c51784fa8d2119,2026-06-25T08:25:12.647113+00:00,D:\Auto_capture_info\documents\structured_announcements\raw_json\guangfa_securities\74398505e75b36d3cc9d2cf6.json,广发证券,2026-06-18,采购招标,IT软硬件,网络与信息安全,广发证券网络性能管理系统采购项目,,,,,,,,,,
guangfa_securities,791bb583ee147473ea81c3d4.md,7c5264cf5c28609dbde27fcf6bebf6f92bbddbbf,2026-06-25T08:25:12.649033+00:00,D:\Auto_capture_info\documents\structured_announcements\raw_json\guangfa_securities\791bb583ee147473ea81c3d4.json,广发证券,2026-04-17,采购招标,IT软硬件,网络与信息安全,广发证券网络性能管理系统信创扩容采购项目,,,,,,,,,,
guangfa_securities,7db4542cf8897ae9353918c7.md,da37ffe8eed8dd87189631bc7d258815b55e72f0,2026-06-25T08:25:12.650526+00:00,D:\Auto_capture_info\documents\structured_announcements\raw_json\guangfa_securities\7db4542cf8897ae9353918c7.json,广发证券,2026-04-07,采购招标,IT软硬件,基础算力与云存储,广发证券2026年国产信创数据库GoldenDB扩容项目,,,,,,,,,,
guangfa_securities,7feac06a90fb15f25f65214b.md,5fcb818e05b9f39fd94c095108fb8875bf7b9853,2026-06-25T08:25:12.650446+00:00,D:\Auto_capture_info\documents\structured_announcements\raw_json\guangfa_securities\7feac06a90fb15f25f65214b.json,广发证券,2026-04-08,采购招标,IT软硬件,IT运维与外包,广发证券2026年Oracle EBS历史已购产品维保服务项目,,,,,,,,,,
guangfa_securities,867b50e60e4bd9a74a949b43.md,7ff123a978b1bf128cbb19b7d73af70a860e8bb3,2026-06-25T08:25:12.654660+00:00,D:\Auto_capture_info\documents\structured_announcements\raw_json\guangfa_securities\867b50e60e4bd9a74a949b43.json,广发证券,2026-04-02,采购招标,IT软硬件,基础算力与云存储,关基系统性能自动化测试专属环境建设项目,,,,,,,,,,
guangfa_securities,86c260c6cd392984f5050b9b.md,bcb12e9430d24c26cf97dfed52e0eb385e96bc61,2026-06-25T08:25:12.650296+00:00,D:\Auto_capture_info\documents\structured_announcements\raw_json\guangfa_securities\86c260c6cd392984f5050b9b.json,广发证券,2026-02-27,采购招标,IT软硬件,业务系统与软件,广发证券财富经纪业务运营中心会议系统建设项目,邀请招标,,,,,,,,,
guangfa_securities,88c606d99861b89fd5f99f31.md,4a77462b855e359cd45ffb4ba8858c5e7073c151,2026-06-25T08:25:12.652906+00:00,D:\Auto_capture_info\documents\structured_announcements\raw_json\guangfa_securities\88c606d99861b89fd5f99f31.json,广发证券,2026-01-21,采购招标,IT软硬件,IT运维与外包,广发证券华三品牌网络设备2026年维保采购,,,,,,,,,,
guangfa_securities,8a4af8df1819d688d63a92ea.md,2ec6fdb1ccc7009abf6d02d6fd69ac939fbab614,2026-06-25T08:25:12.652748+00:00,D:\Auto_capture_info\documents\structured_announcements\raw_json\guangfa_securities\8a4af8df1819d688d63a92ea.json,广发证券,2026-03-27,采购招标,IT软硬件,业务系统与软件,广发证券托管业务运营管理系统考核奖励及应收账款模块,,,,,,,,,,
guangfa_securities,8f36554fcf4d46432ecb60c7.md,b2c564f5dbdadd6d86d6f3e21816caa4e403753b,2026-06-25T08:25:12.667301+00:00,D:\Auto_capture_info\documents\structured_announcements\raw_json\guangfa_securities\8f36554fcf4d46432ecb60c7.json,广发证券,2026-04-28,采购招标,IT软硬件,网络与信息安全,2026年沪深两地极速中心信创Web应用防火墙采购项目,,,,,,,,,,
guangfa_securities,9b6d5765e82944519504fc13.md,d35eecb1d9d0c80db15c6788eabd8b2177379878,2026-06-25T08:25:12.667159+00:00,D:\Auto_capture_info\documents\structured_announcements\raw_json\guangfa_securities\9b6d5765e82944519504fc13.json,,,,,,,,,,,,,,,,
guangfa_securities,9d234b5e2a7db532b284520e.md,f3550af277bc876fc376ea23a05de60758ac0a7e,2026-06-25T08:25:12.661443+00:00,D:\Auto_capture_info\documents\structured_announcements\raw_json\guangfa_securities\9d234b5e2a7db532b284520e.json,广发证券,2026-04-10,采购招标,IT软硬件,业务系统与软件,广发证券历史日志压缩与管控项目,,,,,,,,,,
guangfa_securities,9d52c9388c1e6dda17b00ec2.md,235f5b961d591361c74a40dc3406baab10abc451,2026-06-25T08:25:12.661891+00:00,D:\Auto_capture_info\documents\structured_announcements\raw_json\guangfa_securities\9d52c9388c1e6dda17b00ec2.json,广发证券,2026-04-20,采购招标,IT软硬件,IT运维与外包,广发证券上海新数据中心机房综合布线工程采购项目,,,,,,,,,,
guangfa_securities,9fb665af9f92868d3a39008a.md,2faf8ff9738a5a94f705e89e5419de5be89f1288,2026-06-25T08:25:12.662304+00:00,D:\Auto_capture_info\documents\structured_announcements\raw_json\guangfa_securities\9fb665af9f92868d3a39008a.json,广发证券,2026-03-17,采购招标,IT软硬件,网络与信息安全,广发证券2026年加密流量威胁检测系统扩容项目,,,,,,,,,,
guangfa_securities,a4065348a36c13192fc56300.md,a5e060c544cd7ce1bedfe6b232e087d642984c0a,2026-06-25T08:25:12.663292+00:00,D:\Auto_capture_info\documents\structured_announcements\raw_json\guangfa_securities\a4065348a36c13192fc56300.json,广发证券,2026-05-29,采购招标,IT软硬件,网络与信息安全,广发证券堡垒机设备软硬件维保以及授权许可扩容采购,,,,,,,,,,
guangfa_securities,a49c1efc51ba7ee1ba1566e5.md,b4c20e5dd22581917b0f3570227da95a90749698,2026-06-25T08:25:12.663001+00:00,D:\Auto_capture_info\documents\structured_announcements\raw_json\guangfa_securities\a49c1efc51ba7ee1ba1566e5.json,广发证券,2026-04-23,采购招标,IT软硬件,业务系统与软件,广发证券2026易淘金场内对客数智化建设项目-i智易,,,,,,,,,,
guangfa_securities,a514250358f74f4e06bf239e.md,c55a7d16bb6cecfc867b701d7dc214b2a3dc59fe,2026-06-25T08:25:12.672356+00:00,D:\Auto_capture_info\documents\structured_announcements\raw_json\guangfa_securities\a514250358f74f4e06bf239e.json,广发证券,2026-04-21,采购招标,IT软硬件,IT运维与外包,广发证券集中交易系统浪商小型机一年期原厂维保服务采购项目,,,,,,,,,,
guangfa_securities,a67b7293c32594099c1d623a.md,abfe054ebaf958b25c5a66a26997e66cfb23db4a,2026-06-25T08:25:12.672773+00:00,D:\Auto_capture_info\documents\structured_announcements\raw_json\guangfa_securities\a67b7293c32594099c1d623a.json,广发证券,2026-04-16,采购招标,IT软硬件,网络与信息安全,广发证券2026年内部DNS系统扩容项目,,,,,,,,,,
guangfa_securities,a76b5717a8ec21217fa00119.md,de1713250aef043b35e351deced38cf833c99ae7,2026-06-25T08:25:12.672201+00:00,D:\Auto_capture_info\documents\structured_announcements\raw_json\guangfa_securities\a76b5717a8ec21217fa00119.json,广发证券,2026-04-20,采购招标,IT软硬件,网络与信息安全,广发证券青藤主机入侵检测系统信创改造项目,,,,,,,,,,
guangfa_securities,a77b47aa5f182b0b66b10a56.md,1cef1cfa0746660430b05d5e117a26da13f516c3,2026-06-25T08:25:12.677942+00:00,D:\Auto_capture_info\documents\structured_announcements\raw_json\guangfa_securities\a77b47aa5f182b0b66b10a56.json,广发证券,2026-05-28,采购招标,专业及金融服务,人力与外包服务,广发证券知识产权代理服务项目,,,,,,,,,,
guangfa_securities,a827d7849ea17909e24b788f.md,2a565d1568f5b5345ecbb6c14fc5f51ad3aa2e73,2026-06-25T08:25:12.679977+00:00,D:\Auto_capture_info\documents\structured_announcements\raw_json\guangfa_securities\a827d7849ea17909e24b788f.json,广发证券,2026-04-03,采购招标,IT软硬件,业务系统与软件,广发证券2026年数智化学习平台建设项目,,,,,,,,,,
guangfa_securities,a8c8221d2b18b6e977df4f90.md,92ab0ec8e1492d999ce8013a02df718bdc5f2072,2026-06-25T08:25:12.680941+00:00,D:\Auto_capture_info\documents\structured_announcements\raw_json\guangfa_securities\a8c8221d2b18b6e977df4f90.json,广发证券,2026-04-20,采购招标,IT软硬件,IT运维与外包,广发证券深圳新数据中心机房综合布线工程采购项目,,,,,,,,,,
guangfa_securities,a923d67b1cccc9fb2d2b5389.md,2ecc174ec26b616aaf2cdc5de6836ebca1ac9845,2026-06-25T08:25:12.683518+00:00,D:\Auto_capture_info\documents\structured_announcements\raw_json\guangfa_securities\a923d67b1cccc9fb2d2b5389.json,广发证券,2026-03-05,采购招标,其他,工程装修与物业,广发证券_芜湖中兴花园_营业部搬迁装修工程,公开招标,,,,,,,,,
guangfa_securities,acf11c7aa4c5ad8d8d170539.md,b0f64de12b2e7cabcfbe0ec15dd89930497b99e2,2026-06-25T08:25:12.681289+00:00,D:\Auto_capture_info\documents\structured_announcements\raw_json\guangfa_securities\acf11c7aa4c5ad8d8d170539.json,广发证券,2026-04-16,采购招标,IT软硬件,基础算力与云存储,国产虚拟化Smartx系统扩容项目,,,,,,,,,,
guangfa_securities,ae77514ee93e558051a30c05.md,daa45d301cea1f1ef578e4dcb537dddde7734884,2026-06-25T08:25:12.681353+00:00,D:\Auto_capture_info\documents\structured_announcements\raw_json\guangfa_securities\ae77514ee93e558051a30c05.json,广发证券,2026-04-01,采购招标,IT软硬件,业务系统与软件,广发证券财富经纪业务知识库应用项目,公开招标,,,,,,,,,
guangfa_securities,afa7fb0d0ce83f9b0f8409b1.md,861bd6297fb659d022a336cfc596623b76b99647,2026-06-25T08:25:12.685200+00:00,D:\Auto_capture_info\documents\structured_announcements\raw_json\guangfa_securities\afa7fb0d0ce83f9b0f8409b1.json,广发证券,2026-05-07,采购招标,IT软硬件,IT运维与外包,广发证券新一代核心交易系统实施项目（2026年）质量保障专项,,,,,,,,,,
guangfa_securities,b42ea83234a963d99e435b33.md,d302add73a8cc37d64cce5cc61a4fe2bee2d89dd,2026-06-25T08:25:12.689450+00:00,D:\Auto_capture_info\documents\structured_announcements\raw_json\guangfa_securities\b42ea83234a963d99e435b33.json,广发证券,2026-03-24,采购招标,IT软硬件,基础算力与云存储,关基系统性能自动化测试专属环境建设项目,,,,,,,,,,
guangfa_securities,b48cd5ed17ccd258d2564a6f.md,a20b5142f3ec82af0204a343075c9b0020f582e9,2026-06-25T08:25:12.688254+00:00,D:\Auto_capture_info\documents\structured_announcements\raw_json\guangfa_securities\b48cd5ed17ccd258d2564a6f.json,广发证券,2026-04-20,采购招标,IT软硬件,网络与信息安全,广发证券安全漏洞管理平台（工单系统模块）信创改造项目,,,,,,,,,,
guangfa_securities,b688f665429a1823a157bfe4.md,5476ac0653c8b839ebe7086effbedd80891f404c,2026-06-25T08:25:12.696730+00:00,D:\Auto_capture_info\documents\structured_announcements\raw_json\guangfa_securities\b688f665429a1823a157bfe4.json,广发证券,2026-01-28,采购招标,其他,工程装修与物业,广发证券分支机构装修工程结算审核供应商库采购,邀请招标,,,,,,,,,
guangfa_securities,bccda7d208df1609ca7b33e9.md,84e7ba61d02cea8a0932e228d9cc954f133076c5,2026-06-25T08:25:12.689007+00:00,D:\Auto_capture_info\documents\structured_announcements\raw_json\guangfa_securities\bccda7d208df1609ca7b33e9.json,广发证券,2026-03-26,采购招标,IT软硬件,业务系统与软件,广发证券数字人智能开户系统建设项目,,,,,,,,,,
guangfa_securities,c08a839687e982f63bbd7ed2.md,0ec53328b288394ab09a275e92e22a304dc21743,2026-06-25T08:25:12.689213+00:00,D:\Auto_capture_info\documents\structured_announcements\raw_json\guangfa_securities\c08a839687e982f63bbd7ed2.json,广发证券,2026-06-16,采购招标,IT软硬件,网络与信息安全,广发证券2026年光口网卡配件采购,公开征集,,,,,,,,,
guangfa_securities,c0ed77f1a7623a36b69f0fdc.md,bd3e3250d4f75da4e6c6429a4e06c6a9cae87d62,2026-06-25T08:25:12.692307+00:00,D:\Auto_capture_info\documents\structured_announcements\raw_json\guangfa_securities\c0ed77f1a7623a36b69f0fdc.json,广发证券,2026-06-08,采购招标,IT软硬件,业务系统与软件,广发证券互联网营销AI语音智能体建设项目,,,,,,,,,,
guangfa_securities,c2a9a7ee7d56e2d22caff4c5.md,f9afb7e54bea595ab82040e4bca3fed25a72c0ed,2026-06-25T08:25:12.693325+00:00,D:\Auto_capture_info\documents\structured_announcements\raw_json\guangfa_securities\c2a9a7ee7d56e2d22caff4c5.json,广发证券,2026-04-17,采购招标,IT软硬件,网络与信息安全,广发证券高交互蜜罐设备信创改造,,,,,,,,,,
guangfa_securities,c53e6cfffac3f9d4c59c89a9.md,269c61306f00f431c1faa332619e57fcd10ced53,2026-06-25T08:25:12.692995+00:00,D:\Auto_capture_info\documents\structured_announcements\raw_json\guangfa_securities\c53e6cfffac3f9d4c59c89a9.json,广发证券,2026-01-20,采购招标,专业及金融服务,营销与投研数据,广发证券国内宏观、海外宏观、行业数据采购,,,,,,,,,,
guangfa_securities,c5a1a772c80aec52bd8f65c4.md,9f1b383f85be436385252fb3d8599d02148ed5e8,2026-06-25T08:25:12.694192+00:00,D:\Auto_capture_info\documents\structured_announcements\raw_json\guangfa_securities\c5a1a772c80aec52bd8f65c4.json,广发证券,2026-06-11,采购招标,IT软硬件,网络与信息安全,广发证券信创堡垒机采购,,,,,,,,,,
guangfa_securities,c7126656b3557fff4df987bf.md,9f7d7ed0e50e3adf5941526f1ff91bf1bfd89cbd,2026-06-25T08:25:12.697058+00:00,D:\Auto_capture_info\documents\structured_announcements\raw_json\guangfa_securities\c7126656b3557fff4df987bf.json,广发证券,2026-01-16,采购招标,IT软硬件,网络与信息安全,广发证券大厦视频监控系统升级改造项目,公开招标,,,,,,,,,
guangfa_securities,c7c02872da339a4439491d5e.md,2f5962119c76ecbf34b69f4399464120f19d82ba,2026-06-25T08:25:12.696761+00:00,D:\Auto_capture_info\documents\structured_announcements\raw_json\guangfa_securities\c7c02872da339a4439491d5e.json,广发证券,2026-04-07,采购招标,IT软硬件,业务系统与软件,广发证券2026易淘金场内对客数智化建设项目（一期）,,,,,,,,,,
guangfa_securities,cd605fe392954bb9f331e9a2.md,dc8e8f06219eee7aac217183040aaa939d3b5074,2026-06-25T08:25:12.697007+00:00,D:\Auto_capture_info\documents\structured_announcements\raw_json\guangfa_securities\cd605fe392954bb9f331e9a2.json,广发证券,2026-04-08,采购招标,IT软硬件,网络与信息安全,广发证券信创上网行为管理设备采购项目,,,,,,,,,,
guangfa_securities,ce6aabb8115b25d3e455f04e.md,f4286ecf1e0cc755ebb3b0b32ee6d4e709cb0242,2026-06-25T08:25:12.699887+00:00,D:\Auto_capture_info\documents\structured_announcements\raw_json\guangfa_securities\ce6aabb8115b25d3e455f04e.json,广发证券,2026-06-23,采购招标,IT软硬件,基础算力与云存储,广发证券2026信创适配用途昇腾GPU服务器采购,公开招标,,,,,,,,,
guangfa_securities,cf099ac4ff3ef8aac251363f.md,3b14e237b79f8c4b62dd6151e0773073cf96b44b,2026-06-25T08:25:12.699512+00:00,D:\Auto_capture_info\documents\structured_announcements\raw_json\guangfa_securities\cf099ac4ff3ef8aac251363f.json,广发证券,2026-04-10,采购招标,IT软硬件,网络与信息安全,2026年广发证券安全浏览器项目,,,,,,,,,,
guangfa_securities,d2434f2db7b847e25b136f39.md,c639c6f4d8cda007b25cdb3bceb64448aab56ffe,2026-06-25T08:25:12.699336+00:00,D:\Auto_capture_info\documents\structured_announcements\raw_json\guangfa_securities\d2434f2db7b847e25b136f39.json,广发证券,2026-03-27,采购招标,IT软硬件,业务系统与软件,广发证券财富经纪业务合规检查系统优化项目,,,,,,,,,,
guangfa_securities,d5b000ab7c89806830014d65.md,84593e30dfc65d6351abdfa2a7e5ea89ce9e820d,2026-06-25T08:25:12.700299+00:00,D:\Auto_capture_info\documents\structured_announcements\raw_json\guangfa_securities\d5b000ab7c89806830014d65.json,广发证券,2026-05-27,采购招标,IT软硬件,业务系统与软件,广发证券2026年权限集中管理平台建设项目,,,,,,,,,,
guangfa_securities,d63d772a07b962594de23054.md,9200727db49c8ed79af2f1abec30586566e09cb7,2026-06-25T08:25:12.701979+00:00,D:\Auto_capture_info\documents\structured_announcements\raw_json\guangfa_securities\d63d772a07b962594de23054.json,广发证券,2026-04-14,采购招标,IT软硬件,IT运维与外包,广发证券2026年过保X86服务器维保采购项目,公开招标,,,,,,,,,
guangfa_securities,d8980df8c36cc9ddf327dc81.md,3d5abd89ae3b5627a98b0903dce4b3c68c10b4ed,2026-06-25T08:25:12.703438+00:00,D:\Auto_capture_info\documents\structured_announcements\raw_json\guangfa_securities\d8980df8c36cc9ddf327dc81.json,广发证券,2026-04-29,采购招标,IT软硬件,业务系统与软件,广发证券2026年场外衍生品投资管理系统项目,,,,,,,,,,
guangfa_securities,e1251508621a08c89c384518.md,3a207abc3df19919496b48160a259fa9a74bac2b,2026-06-25T08:25:12.703514+00:00,D:\Auto_capture_info\documents\structured_announcements\raw_json\guangfa_securities\e1251508621a08c89c384518.json,广发证券,2026-06-09,采购招标,专业及金融服务,法律与合规服务,广发证券2026-2027年度境内常年法律顾问招标,公开招标,,,,,,,,,
guangfa_securities,e1f428c6e0e38d68577b337f.md,0679f7c78f1010e5f9d432ca237321735bccb816,2026-06-25T08:25:12.703254+00:00,D:\Auto_capture_info\documents\structured_announcements\raw_json\guangfa_securities\e1f428c6e0e38d68577b337f.json,广发证券,2026-05-21,采购招标,IT软硬件,IT运维与外包,广发证券易捷行云虚拟机迁移工具及技术支持服务采购项目,,,,,,,,,,
guangfa_securities,e454619fdb76c025fa87b7ab.md,2dcae9961c7616e7721e5b5bb9402134fb0e8ed0,2026-06-25T08:25:12.703927+00:00,D:\Auto_capture_info\documents\structured_announcements\raw_json\guangfa_securities\e454619fdb76c025fa87b7ab.json,广发证券,2026-06-09,采购招标,专业及金融服务,法律与合规服务,广发证券2026-2027年度境内常年法律顾问,,,,,,,,,,
guangfa_securities,e454619fdb76c025fa87b7ab.md,2dcae9961c7616e7721e5b5bb9402134fb0e8ed0,2026-06-25T08:25:12.703927+00:00,D:\Auto_capture_info\documents\structured_announcements\raw_json\guangfa_securities\e454619fdb76c025fa87b7ab.json,广发证券,2026-06-23,采购招标,IT软硬件,基础算力与云存储,广发证券2026信创适配用途昇腾GPU服务器采购,,,,,,,,,,
guangfa_securities,e454619fdb76c025fa87b7ab.md,2dcae9961c7616e7721e5b5bb9402134fb0e8ed0,2026-06-25T08:25:12.703927+00:00,D:\Auto_capture_info\documents\structured_announcements\raw_json\guangfa_securities\e454619fdb76c025fa87b7ab.json,广发证券,2026-06-16,采购招标,IT软硬件,基础算力与云存储,广发证券2026年光口网卡配件采购,,,,,,,,,,
guangfa_securities,e454619fdb76c025fa87b7ab.md,2dcae9961c7616e7721e5b5bb9402134fb0e8ed0,2026-06-25T08:25:12.703927+00:00,D:\Auto_capture_info\documents\structured_announcements\raw_json\guangfa_securities\e454619fdb76c025fa87b7ab.json,广发证券,2026-06-15,采购招标,IT软硬件,业务系统与软件,广发证券AIGC基础平台建设项目(二期)-智能规划模块,,,,,,,,,,
guangfa_securities,e454619fdb76c025fa87b7ab.md,2dcae9961c7616e7721e5b5bb9402134fb0e8ed0,2026-06-25T08:25:12.703927+00:00,D:\Auto_capture_info\documents\structured_announcements\raw_json\guangfa_securities\e454619fdb76c025fa87b7ab.json,广发证券,2026-06-08,采购招标,专业及金融服务,营销与投研数据,广发证券互联网营销AI语音智能体,,,,,,,,,,
guangfa_securities,e454619fdb76c025fa87b7ab.md,2dcae9961c7616e7721e5b5bb9402134fb0e8ed0,2026-06-25T08:25:12.703927+00:00,D:\Auto_capture_info\documents\structured_announcements\raw_json\guangfa_securities\e454619fdb76c025fa87b7ab.json,广发证券,2026-06-05,采购招标,IT软硬件,网络与信息安全,广发证券信创一层及1.5层低时延交换机采购项目,,,,,,,,,,
guangfa_securities,e454619fdb76c025fa87b7ab.md,2dcae9961c7616e7721e5b5bb9402134fb0e8ed0,2026-06-25T08:25:12.703927+00:00,D:\Auto_capture_info\documents\structured_announcements\raw_json\guangfa_securities\e454619fdb76c025fa87b7ab.json,广发证券,2026-06-05,采购招标,IT软硬件,网络与信息安全,广发证券信创三层低时延交换机POC测试,,,,,,,,,,
guangfa_securities,e454619fdb76c025fa87b7ab.md,2dcae9961c7616e7721e5b5bb9402134fb0e8ed0,2026-06-25T08:25:12.703927+00:00,D:\Auto_capture_info\documents\structured_announcements\raw_json\guangfa_securities\e454619fdb76c025fa87b7ab.json,广发证券,2026-06-11,采购招标,IT软硬件,网络与信息安全,广发证券信创堡垒机采购,,,,,,,,,,
guangfa_securities,e454619fdb76c025fa87b7ab.md,2dcae9961c7616e7721e5b5bb9402134fb0e8ed0,2026-06-25T08:25:12.703927+00:00,D:\Auto_capture_info\documents\structured_announcements\raw_json\guangfa_securities\e454619fdb76c025fa87b7ab.json,广发证券,2026-06-18,采购招标,IT软硬件,网络与信息安全,广发证券网络性能管理系统采购项目,,,,,,,,,,
guangfa_securities,e454619fdb76c025fa87b7ab.md,2dcae9961c7616e7721e5b5bb9402134fb0e8ed0,2026-06-25T08:25:12.703927+00:00,D:\Auto_capture_info\documents\structured_announcements\raw_json\guangfa_securities\e454619fdb76c025fa87b7ab.json,广发证券,2026-06-02,采购招标,专业及金融服务,营销与投研数据,广发证券股份有限公司2026年度小红书推广项目,,,,,,,,,,
guangfa_securities,e7be881069b806c7a2cd5124.md,942b9a8626b672447a21c94fa599f1221212e141,2026-06-25T08:25:12.711591+00:00,D:\Auto_capture_info\documents\structured_announcements\raw_json\guangfa_securities\e7be881069b806c7a2cd5124.json,广发证券,2026-06-05,采购招标,IT软硬件,网络与信息安全,广发证券信创三层低时延交换机,,,,,,,,,,
guangfa_securities,edc7071b84e94862fa979329.md,12c89d763ac942a173a3275fd56164d8b494f930,2026-06-25T08:25:12.705875+00:00,D:\Auto_capture_info\documents\structured_announcements\raw_json\guangfa_securities\edc7071b84e94862fa979329.json,广发证券,2026-04-03,采购招标,IT软硬件,业务系统与软件,广发证券财富经纪业务员工端统一AI门户【天玑智融】持续建设项目-线上开户业务数字员工矩阵建设,,,,,,,,,,
guangfa_securities,f31e78a7c7b264f2108152e2.md,4105ab3aeb2f1e276386d0a063148ad9c2b3127e,2026-06-25T08:25:12.709972+00:00,D:\Auto_capture_info\documents\structured_announcements\raw_json\guangfa_securities\f31e78a7c7b264f2108152e2.json,广发证券,2026-04-08,采购招标,IT软硬件,网络与信息安全,广发证券信创网络设备采购,,,,,,,,,,
guangfa_securities,f38252ae66a30188e17ee503.md,3cfc55d175cd054701f5635309b47e349f5cbf24,2026-06-25T08:25:12.710774+00:00,D:\Auto_capture_info\documents\structured_announcements\raw_json\guangfa_securities\f38252ae66a30188e17ee503.json,广发证券,2026-03-11,采购招标,IT软硬件,网络与信息安全,广发证券2026年青藤主机入侵检测系统软件扩容项目,,,,,,,,,,
guangfa_securities,f3c4819343d3f5131c53fcf8.md,29dbe385255c9374d16baa609465995cab3c2455,2026-06-25T08:25:12.722368+00:00,D:\Auto_capture_info\documents\structured_announcements\raw_json\guangfa_securities\f3c4819343d3f5131c53fcf8.json,广发证券,2026-02-26,采购招标,专业及金融服务,审计与咨询服务,广发证券“支柱二”税务咨询服务采购,,,,,,,,,,
guangfa_securities,f7769af5617066618831faef.md,dc3ccc2fed51fd99466fd9d398678a17051bf92f,2026-06-25T08:25:12.712978+00:00,D:\Auto_capture_info\documents\structured_announcements\raw_json\guangfa_securities\f7769af5617066618831faef.json,广发证券,2026-05-11,采购招标,IT软硬件,基础算力与云存储,广发证券2026年第一批C86海光服务器采购,,,,,,,,,,
guangfa_securities,f7f69011b96c316bd7279885.md,d08e5d5237d15fff394784fbae815a086337bb4d,2026-06-25T08:25:12.713214+00:00,D:\Auto_capture_info\documents\structured_announcements\raw_json\guangfa_securities\f7f69011b96c316bd7279885.json,广发证券,2026-03-16,采购招标,IT软硬件,网络与信息安全,广发证券TAP交换机板块扩容采购项目,,,,,,,,,,
guangfa_securities,f85d6c23d79e2ff1b46019ff.md,c89d6e394fd2997ea4eb447cdae86929655f85a7,2026-06-25T08:25:12.713866+00:00,D:\Auto_capture_info\documents\structured_announcements\raw_json\guangfa_securities\f85d6c23d79e2ff1b46019ff.json,广发证券,2026-04-01,采购招标,IT软硬件,基础算力与云存储,广发证券2026年第一批ARM鲲鹏服务器采购,公开招标,,,,,,,,,
guangfa_securities,f86aa8c4e186da26102de1ca.md,51dd715a2394aa609678b449025a56790f360b36,2026-06-25T08:25:12.713783+00:00,D:\Auto_capture_info\documents\structured_announcements\raw_json\guangfa_securities\f86aa8c4e186da26102de1ca.json,广发证券,2026-06-24,采购招标,IT软硬件,业务系统与软件,广发证券融资融券开户双录功能建设项目,,,,,,,,,,
guangfa_securities,f91010d17507faa68f0c529b.md,c369c241037fd6ca57893dd7633016f58b466eb7,2026-06-25T08:25:12.714774+00:00,D:\Auto_capture_info\documents\structured_announcements\raw_json\guangfa_securities\f91010d17507faa68f0c529b.json,广发证券,2026-03-27,采购招标,IT软硬件,业务系统与软件,广发证券2026年大数据基础数据资产建设-系统协同改造项目,,,,,,,,,,
guangfa_securities,f91859be783a90ea0e822461.md,afff30bebdffffac3d24faa7ceb9415aaff11c0e,2026-06-25T08:25:12.716873+00:00,D:\Auto_capture_info\documents\structured_announcements\raw_json\guangfa_securities\f91859be783a90ea0e822461.json,广发证券,2026-03-25,采购招标,IT软硬件,网络与信息安全,广发证券档案中心库房智能化监控全覆盖建设项目,公开招标,,,,,,,,,
guangfa_securities,f9fe52a7c4eb8b73559562ba.md,4f1c304ebbcacbcd95311001e20000cf2d00fcd2,2026-06-25T08:25:12.716692+00:00,D:\Auto_capture_info\documents\structured_announcements\raw_json\guangfa_securities\f9fe52a7c4eb8b73559562ba.json,广发证券,2026-05-06,采购招标,IT软硬件,业务系统与软件,广发证券新一代核心交易系统实施项目（2026年）清算自动化测试平台,,,,,,,,,,
guangfa_securities,fbfc5769a8b5e5c7b7b25e43.md,027d7452f0160b735f7ed685230fcf93b8b5511a,2026-06-25T08:25:12.717765+00:00,D:\Auto_capture_info\documents\structured_announcements\raw_json\guangfa_securities\fbfc5769a8b5e5c7b7b25e43.json,广发证券,2026-01-20,采购招标,IT软硬件,业务系统与软件,广发证券合并报表项目,,,,,,,,,,
guangfa_securities,fc951e084b4da983fc1c6ffe.md,de73f68fded92c2a4498b564b422fa41c4df8efa,2026-06-25T08:25:12.720020+00:00,D:\Auto_capture_info\documents\structured_announcements\raw_json\guangfa_securities\fc951e084b4da983fc1c6ffe.json,广发证券,2026-02-03,采购招标,IT软硬件,业务系统与软件,广发证券运营平台智能化运营模块建设项目,,,,,,,,,,
guangfa_securities,fdb3f4c41d693784dd356184.md,97887ceb3485117dba451dd3fc44c028f3bc66e6,2026-06-25T08:25:12.720616+00:00,D:\Auto_capture_info\documents\structured_announcements\raw_json\guangfa_securities\fdb3f4c41d693784dd356184.json,广发证券,2026-06-05,采购招标,IT软硬件,网络与信息安全,广发证券信创低时延交换机采购项目,,,,,,,,,,
guangfa_securities,ffb11332c7c383230e297b7e.md,a60da912d11e8e8bf10557a0ac40602de095a07a,2026-06-25T08:25:12.727500+00:00,D:\Auto_capture_info\documents\structured_announcements\raw_json\guangfa_securities\ffb11332c7c383230e297b7e.json,广发证券,2026-04-16,采购招标,IT软硬件,网络与信息安全,2026年沪深两地极速中心信创流量安全探针采购项目,,,,,,,,,,
guotai_haitong_securities,06a03e7c850bbabf5eef736e.md,fd77bc00ab5716ddc55ceea064578e2756b739b1,2026-06-25T08:25:12.726211+00:00,D:\Auto_capture_info\documents\structured_announcements\raw_json\guotai_haitong_securities\06a03e7c850bbabf5eef736e.json,国泰海通证券,2026-06-23,采购招标,IT软硬件,基础算力与云存储,国泰海通证券金融科技园南区节能改造UPS扩容升级采购项目（第二次）,,,,,,,,,,
guotai_haitong_securities,1f2aad445ebbc1225171a80b.md,a1499cd35c54910f556e402c9a8729e47c832c36,2026-06-25T08:25:12.723951+00:00,D:\Auto_capture_info\documents\structured_announcements\raw_json\guotai_haitong_securities\1f2aad445ebbc1225171a80b.json,国泰海通证券,2026-06-22,结果公示,IT软硬件,业务系统与软件,国泰海通证券2026年智能订单条件单系统信创改造项目,单一来源,,,,,,,,,
guotai_haitong_securities,24a716797f80454894f1bd47.md,5b1311d168714ff5e97814cc233d5033f6d8e510,2026-06-25T08:25:12.728593+00:00,D:\Auto_capture_info\documents\structured_announcements\raw_json\guotai_haitong_securities\24a716797f80454894f1bd47.json,国泰海通证券,2026-06-18,采购招标,IT软硬件,IT运维与外包,国泰海通证券2026年奇安信设备维保服务采购项目,,,,,,,,,,
guotai_haitong_securities,36086c0cf30c47303cbf6fc2.md,f9fb2d79993e65be98ba015f9da26cb6f0491569,2026-06-25T08:25:12.729050+00:00,D:\Auto_capture_info\documents\structured_announcements\raw_json\guotai_haitong_securities\36086c0cf30c47303cbf6fc2.json,国泰海通证券,2026-06-22,采购招标,IT软硬件,基础算力与云存储,国泰海通证券2026年第七批高性能服务器租赁项目,询价,,,,,,,,,
guotai_haitong_securities,3a0578d5a2c1ab6152ced72d.md,afeac6b6a60d6472c21574e466385eff46a30a8b,2026-06-25T08:25:12.731630+00:00,D:\Auto_capture_info\documents\structured_announcements\raw_json\guotai_haitong_securities\3a0578d5a2c1ab6152ced72d.json,国泰海通证券,2026-06-22,采购招标,IT软硬件,业务系统与软件,国泰海通证券2026年营运业务文档辅助审核系统采购项目,竞争性磋商,,,,,,,,,
guotai_haitong_securities,659496c7dc52f66b46e517ec.md,3f34cc0c8340c3e921eaacc908a5ab2612b4db74,2026-06-25T08:25:12.732540+00:00,D:\Auto_capture_info\documents\structured_announcements\raw_json\guotai_haitong_securities\659496c7dc52f66b46e517ec.json,国泰海通证券,2026-06-22,采购招标,IT软硬件,IT运维与外包,国泰海通证券2026年Tenable维保采购项目,询价,,,,,,,,,
guotai_haitong_securities,7de1d61a68476fb1aa3a6052.md,3f12be1cf7bb22796a3f5a1b4c8f5f1f8f34d05c,2026-06-25T08:25:12.733749+00:00,D:\Auto_capture_info\documents\structured_announcements\raw_json\guotai_haitong_securities\7de1d61a68476fb1aa3a6052.json,国泰海通证券,2026-06-22,采购招标,其他,工程装修与物业,国泰海通证券辽宁分公司大连成义街营业部装修施工采购项目,竞争性磋商,,,,,,,,,
guotai_haitong_securities,9ba31ecaf5492b040745c28c.md,c7a2963d4ff1ea673d0da71e6536c5fceb8d2649,2026-06-25T08:25:12.732854+00:00,D:\Auto_capture_info\documents\structured_announcements\raw_json\guotai_haitong_securities\9ba31ecaf5492b040745c28c.json,国泰海通证券,2026-06-18,结果公示,IT软硬件,业务系统与软件,国泰海通证券2026年中金所飞盾联合风控网关软件使用权采购项目,单一来源,,,,,,,,,
guotai_haitong_securities,a3492ab83a1ddda7310a4f99.md,05e1eb2d5da3ddb376ea172f792d662637c7099c,2026-06-25T08:25:12.733677+00:00,D:\Auto_capture_info\documents\structured_announcements\raw_json\guotai_haitong_securities\a3492ab83a1ddda7310a4f99.json,国泰海通证券,2026-06-22,采购招标,其他,工程装修与物业,国泰海通证券2026年金融科技园南区机房暖通系统维保采购项目,竞争性磋商,,,,,,,,,
guotai_haitong_securities,a912ff67804bbc97b0eee8ad.md,79b4bf2b7b2865397395a6d6775ce1e1dd5c25de,2026-06-25T08:25:12.734552+00:00,D:\Auto_capture_info\documents\structured_announcements\raw_json\guotai_haitong_securities\a912ff67804bbc97b0eee8ad.json,国泰海通证券,2026-06-22,采购招标,IT软硬件,基础算力与云存储,国泰海通证券2026年信创蓝光存储系统采购项目,,,,,,,,,,
guoyuan_securities,111b2f939a2ca7e441a784ed.md,b35c636a99182c3f874a92c5e593228db43ce66b,2026-06-25T08:25:12.734219+00:00,D:\Auto_capture_info\documents\structured_announcements\raw_json\guoyuan_securities\111b2f939a2ca7e441a784ed.json,国元证券,2026-05-15,采购招标,IT软硬件,基础算力与云存储,国元证券股份有限公司2026年度信息科技条线部分重点项目硬件资源采购项目-标包一：C86服务器设备,公开招标,,,,,,,,,
guoyuan_securities,111b2f939a2ca7e441a784ed.md,b35c636a99182c3f874a92c5e593228db43ce66b,2026-06-25T08:25:12.734219+00:00,D:\Auto_capture_info\documents\structured_announcements\raw_json\guoyuan_securities\111b2f939a2ca7e441a784ed.json,国元证券,2026-05-15,采购招标,IT软硬件,网络与信息安全,国元证券股份有限公司2026年度信息科技条线部分重点项目硬件资源采购项目-标包三：网络设备,公开招标,,,,,,,,,
guoyuan_securities,111b2f939a2ca7e441a784ed.md,b35c636a99182c3f874a92c5e593228db43ce66b,2026-06-25T08:25:12.734219+00:00,D:\Auto_capture_info\documents\structured_announcements\raw_json\guoyuan_securities\111b2f939a2ca7e441a784ed.json,国元证券,2026-05-15,采购招标,IT软硬件,基础算力与云存储,国元证券股份有限公司2026年度信息科技条线部分重点项目硬件资源采购项目-标包二：ARM服务器设备,公开招标,,,,,,,,,
guoyuan_securities,111b2f939a2ca7e441a784ed.md,b35c636a99182c3f874a92c5e593228db43ce66b,2026-06-25T08:25:12.734219+00:00,D:\Auto_capture_info\documents\structured_announcements\raw_json\guoyuan_securities\111b2f939a2ca7e441a784ed.json,国元证券,2026-05-15,采购招标,IT软硬件,业务系统与软件,国元证券股份有限公司2026年度信息科技条线部分重点项目硬件资源采购项目-标包四：超融合软件,公开招标,,,,,,,,,
guoyuan_securities,1557694b69f853165359e176.md,96a4d277d042886b70ff0cb2dbab4d6fb41954ee,2026-06-25T08:25:12.739579+00:00,D:\Auto_capture_info\documents\structured_announcements\raw_json\guoyuan_securities\1557694b69f853165359e176.json,国元证券,2026-06-17,采购招标,IT软硬件,业务系统与软件,国元证券股份有限公司关于采购交易结算性能测试平台项目,公开招标,,,,,,,,,
guoyuan_securities,384af0fbc7402598dbad2c2c.md,8ed97d5f2a2b7e8cbbbd71251df558c38aaaa901,2026-06-25T08:25:12.741552+00:00,D:\Auto_capture_info\documents\structured_announcements\raw_json\guoyuan_securities\384af0fbc7402598dbad2c2c.json,国元证券,2026-06-16,采购招标,IT软硬件,基础算力与云存储,国元证券股份有限公司数字财富管理工作平台信创改造项目（基础硬件部分）标包一：云计算用兼容服务器包,公开招标,,,,,,,,,
guoyuan_securities,384af0fbc7402598dbad2c2c.md,8ed97d5f2a2b7e8cbbbd71251df558c38aaaa901,2026-06-25T08:25:12.741552+00:00,D:\Auto_capture_info\documents\structured_announcements\raw_json\guoyuan_securities\384af0fbc7402598dbad2c2c.json,国元证券,2026-06-16,采购招标,IT软硬件,网络与信息安全,国元证券股份有限公司数字财富管理工作平台信创改造项目（基础硬件部分）标包三：网络设备包,公开招标,,,,,,,,,
guoyuan_securities,384af0fbc7402598dbad2c2c.md,8ed97d5f2a2b7e8cbbbd71251df558c38aaaa901,2026-06-25T08:25:12.741552+00:00,D:\Auto_capture_info\documents\structured_announcements\raw_json\guoyuan_securities\384af0fbc7402598dbad2c2c.json,国元证券,2026-06-16,采购招标,IT软硬件,基础算力与云存储,国元证券股份有限公司数字财富管理工作平台信创改造项目（基础硬件部分）标包二：传统兼容服务器包,公开招标,,,,,,,,,
guoyuan_securities,384af0fbc7402598dbad2c2c.md,8ed97d5f2a2b7e8cbbbd71251df558c38aaaa901,2026-06-25T08:25:12.741552+00:00,D:\Auto_capture_info\documents\structured_announcements\raw_json\guoyuan_securities\384af0fbc7402598dbad2c2c.json,国元证券,2026-06-16,采购招标,IT软硬件,基础算力与云存储,国元证券股份有限公司数字财富管理工作平台信创改造项目（基础硬件部分）标包四：超融合软件包,公开招标,,,,,,,,,
guoyuan_securities,64e63d2fbc35243286773abf.md,21ab57c00d11953c579c33da244e42f77a930f29,2026-06-25T08:25:12.741758+00:00,D:\Auto_capture_info\documents\structured_announcements\raw_json\guoyuan_securities\64e63d2fbc35243286773abf.json,国元证券,2026-06-17,采购招标,IT软硬件,网络与信息安全,国元证券股份有限公司采购量子加密专网硬件设备的项目（二次）,公开招标,,,,,,,,,
guoyuan_securities,6995062ca58a523939339946.md,8918cd01ccd4a0cb9c1aaaf2b8c7a00589653c7f,2026-06-25T08:25:12.746219+00:00,D:\Auto_capture_info\documents\structured_announcements\raw_json\guoyuan_securities\6995062ca58a523939339946.json,国元证券,2026-05-18,采购招标,IT软硬件,网络与信息安全,智能推荐和合同管理系统二期两个项目调整预算并采购所需标化硬件项目（标包二二次）,公开招标,,,,,,,,,
guoyuan_securities,7777e76d635146c0a8b810ab.md,eeffc22afac9744b64875533891ed5f20bb3b09e,2026-06-25T08:25:12.747326+00:00,D:\Auto_capture_info\documents\structured_announcements\raw_json\guoyuan_securities\7777e76d635146c0a8b810ab.json,国元证券,2026-06-22,采购招标,IT软硬件,业务系统与软件,国元证券股份有限公司采购融资融券极速交易系统同步证券分组等相关功能优化项目,公开招标,,,,,,,,,
guoyuan_securities,77de7bd6509647280db2ead8.md,c20a106bfbfece2c310c29705bb0749808895371,2026-06-25T08:25:12.744676+00:00,D:\Auto_capture_info\documents\structured_announcements\raw_json\guoyuan_securities\77de7bd6509647280db2ead8.json,国元证券,2026-06-01,采购招标,IT软硬件,基础算力与云存储,国元证券股份有限公司采购自动化运维系统与日志集中管理分析平台硬件设备换新、扩容项目,公开招标,,,,,,,,,
guoyuan_securities,7e56ef6993d7d0f60a037e4c.md,30bb12d268d00b01cb2c3b00f70b42c4e6182998,2026-06-25T08:25:12.745536+00:00,D:\Auto_capture_info\documents\structured_announcements\raw_json\guoyuan_securities\7e56ef6993d7d0f60a037e4c.json,国元证券,2026-06-05,采购招标,专业及金融服务,营销与投研数据,国元证券股份有限公司采购债券资讯终端项目,公开招标,,,,,,,,,
guoyuan_securities,85e8349a40e1fc94f216d2ff.md,17d4b5e45fa8ea334b3b90a1debf386ea7442b81,2026-06-25T08:25:12.747833+00:00,D:\Auto_capture_info\documents\structured_announcements\raw_json\guoyuan_securities\85e8349a40e1fc94f216d2ff.json,国元证券,2026-05-28,采购招标,IT软硬件,业务系统与软件,采购集中交易系统港股通ETF标的及延长指定交易申报指令时间等功能项目,公开招标,,,,,,,,,
guoyuan_securities,9a699f696f4e115745bf244c.md,abea35261c50745ea5b9017d61ad39f800eed8ee,2026-06-25T08:25:12.747237+00:00,D:\Auto_capture_info\documents\structured_announcements\raw_json\guoyuan_securities\9a699f696f4e115745bf244c.json,国元证券,2026-05-20,采购招标,专业及金融服务,营销与投研数据,国元证券股份有限公司采购政策法规与案例数据资讯服务项目,公开招标,,,,,,,,,
guoyuan_securities,9f8f42378c0defa4d93af19d.md,df8670c2c160c1c3d70c6c54842e83238cbc67a5,2026-06-25T08:25:12.747301+00:00,D:\Auto_capture_info\documents\structured_announcements\raw_json\guoyuan_securities\9f8f42378c0defa4d93af19d.json,国元证券,2026-05-14,采购招标,IT软硬件,业务系统与软件,2026-2027年度O32分仓接口采购项目,公开招标,,,,,,,,,
guoyuan_securities,b4ca7ddc3a579cca7e6c7551.md,571e570b51443d77ca1757bf9a229cef30eb58cf,2026-06-25T08:25:12.748627+00:00,D:\Auto_capture_info\documents\structured_announcements\raw_json\guoyuan_securities\b4ca7ddc3a579cca7e6c7551.json,国元证券,2026-06-05,采购招标,IT软硬件,业务系统与软件,国元证券股份有限公司关于采购集中交易系统港股通ETF标的及延长指定交易申报指令时间等功能项目（二次）,公开招标,,,,,,,,,
guoyuan_securities,eab3f250df6966ea392adc62.md,67355423714f904996ed7b2f5e2b12123c654b1b,2026-06-25T08:25:12.748934+00:00,D:\Auto_capture_info\documents\structured_announcements\raw_json\guoyuan_securities\eab3f250df6966ea392adc62.json,国元证券,2026-06-24,采购招标,IT软硬件,业务系统与软件,国元证券股份有限公司采购核心交易系统新增上交所科创板成长层业务功能项目-标包一：账户系统新增科创成长层业务功能,公开招标,,,,,,,,,
guoyuan_securities,eab3f250df6966ea392adc62.md,67355423714f904996ed7b2f5e2b12123c654b1b,2026-06-25T08:25:12.748934+00:00,D:\Auto_capture_info\documents\structured_announcements\raw_json\guoyuan_securities\eab3f250df6966ea392adc62.json,国元证券,2026-06-24,采购招标,IT软硬件,业务系统与软件,国元证券股份有限公司采购核心交易系统新增上交所科创板成长层业务功能项目-标包三：极速交易系统新增科创成长层业务功能,公开招标,,,,,,,,,
guoyuan_securities,eab3f250df6966ea392adc62.md,67355423714f904996ed7b2f5e2b12123c654b1b,2026-06-25T08:25:12.748934+00:00,D:\Auto_capture_info\documents\structured_announcements\raw_json\guoyuan_securities\eab3f250df6966ea392adc62.json,国元证券,2026-06-24,采购招标,IT软硬件,业务系统与软件,国元证券股份有限公司采购核心交易系统新增上交所科创板成长层业务功能项目-标包二：交易系统新增科创成长层业务功能,公开招标,,,,,,,,,
guoyuan_securities,eb9cbe433c9674bb1ba7f70d.md,4096c0648e35f22ac773c3c0b858bf6959eb7ff7,2026-06-25T08:25:12.750576+00:00,D:\Auto_capture_info\documents\structured_announcements\raw_json\guoyuan_securities\eb9cbe433c9674bb1ba7f70d.json,国元证券,,采购招标,IT软硬件,网络与信息安全,国元证券股份有限公司采购量子加密专网硬件设备的项目,公开招标,,,,,,,,,
guoyuan_securities,fdd5dfcec66b41699e5da0c9.md,060d54d3a9d47b8822955203320399b5e891b575,2026-06-25T08:25:12.752009+00:00,D:\Auto_capture_info\documents\structured_announcements\raw_json\guoyuan_securities\fdd5dfcec66b41699e5da0c9.json,国元证券,2026-06-15,采购招标,专业及金融服务,营销与投研数据,国元证券股份有限公司采购债券资讯终端项目（二次）,公开招标,,,,,,,,,
guoyuan_securities,ff80802fdbf0e7ff0450306b.md,5efae6312da63ec5b3409f77edac7601d079b9c3,2026-06-25T08:25:12.752049+00:00,D:\Auto_capture_info\documents\structured_announcements\raw_json\guoyuan_securities\ff80802fdbf0e7ff0450306b.json,国元证券,2026-05-22,采购招标,IT软硬件,业务系统与软件,国元证券股份有限公司采购办公软件三年期场地授权项目,公开招标,,,,,,,,,
huaxi_securities,0a3baa4df06dc486fc021611.md,87dcfc8046293d09bfe81384186cc137aaf36056,2026-06-29T01:23:59.470985+00:00,D:\Auto_capture_info\documents\structured_announcements\raw_json\huaxi_securities\0a3baa4df06dc486fc021611.json,华西证券,,采购招标,IT软硬件,业务系统与软件,智能风控助手建设项目,竞争性磋商,,,,,,,,,
huaxi_securities,1c5bc77c466e1b3c295da0e6.md,1b90b467b131fd488da749528b889bdeb481ba51,2026-06-25T08:25:12.752301+00:00,D:\Auto_capture_info\documents\structured_announcements\raw_json\huaxi_securities\1c5bc77c466e1b3c295da0e6.json,华西证券,,采购招标,IT软硬件,IT运维与外包,华西期货公司总部办公场地新址IT工程项目,竞争性谈判,,,,,,,,,
huaxi_securities,324d4adb686916ee0984a789.md,3aa8044b0899027257b73e1ec75f3e55bfa639f3,2026-06-29T01:24:07.138740+00:00,D:\Auto_capture_info\documents\structured_announcements\raw_json\huaxi_securities\324d4adb686916ee0984a789.json,华西证券,,采购招标,IT软硬件,基础算力与云存储,机房授时服务系统,竞争性磋商,,,,,,,,,
huaxi_securities,41d92b1a6add194bc33b41a0.md,5adad93873bb8b2d1693c96453eb4360fff887ae,2026-06-29T01:24:13.577829+00:00,D:\Auto_capture_info\documents\structured_announcements\raw_json\huaxi_securities\41d92b1a6add194bc33b41a0.json,华西证券,,采购招标,IT软硬件,基础算力与云存储,量化投研机房服务器租赁项目,竞争性谈判,,,,,,,,,
huaxi_securities,4e21a8baf44eab76042cd1b3.md,2998ff9f01e400d549945f2072677e8455190316,2026-06-25T08:25:12.759920+00:00,D:\Auto_capture_info\documents\structured_announcements\raw_json\huaxi_securities\4e21a8baf44eab76042cd1b3.json,华西证券,2026-06-23,结果公示,IT软硬件,IT运维与外包,华西证券总部A、B区监控系统维护保养项目,竞争性磋商,,,,,,,,,四川银视安科技有限公司
huaxi_securities,556027ec78693239bc0a302f.md,9928cdff9c0fd94ff95fc21332f5722860b2fa24,2026-06-25T08:25:12.759643+00:00,D:\Auto_capture_info\documents\structured_announcements\raw_json\huaxi_securities\556027ec78693239bc0a302f.json,华西证券,2026-06-17,流标废标,IT软硬件,业务系统与软件,华西证券一站式投顾工作平台建设项目（第二次）,竞争性磋商,,,,,,,,,
huaxi_securities,60562a3fae9c82eaa8b3c785.md,e1354af9df002168e90e5979fa3da618bd0c125e,2026-06-25T08:25:12.759862+00:00,D:\Auto_capture_info\documents\structured_announcements\raw_json\huaxi_securities\60562a3fae9c82eaa8b3c785.json,华西证券,,采购招标,IT软硬件,业务系统与软件,一站式投顾工作平台建设项目,竞争性磋商,,,,,,,,,
huaxi_securities,66e2bdc044ac8b1b1919a154.md,4899e93d831acb46637911d38ecd449ba823cb64,2026-06-25T08:25:12.760725+00:00,D:\Auto_capture_info\documents\structured_announcements\raw_json\huaxi_securities\66e2bdc044ac8b1b1919a154.json,华西证券,,采购招标,IT软硬件,业务系统与软件,融资融券交易风险控制管理系统建设项目,竞争性磋商,,,,,,,,,
huaxi_securities,7381f38c3bb8d46d719550f9.md,03f2af76573fb343024167a8361a7137bb0df5f4,2026-06-25T08:25:12.761023+00:00,D:\Auto_capture_info\documents\structured_announcements\raw_json\huaxi_securities\7381f38c3bb8d46d719550f9.json,华西证券,,采购招标,IT软硬件,业务系统与软件,2026年工具类软件正版化项目,竞争性谈判,,,,,,,,,
huaxi_securities,81b6be0ac86d7c8684fa584a.md,e314b6f44a5e0b4ece36814822d30f84403f0d33,2026-06-25T08:25:12.760495+00:00,D:\Auto_capture_info\documents\structured_announcements\raw_json\huaxi_securities\81b6be0ac86d7c8684fa584a.json,华西证券,,结果公示,IT软硬件,基础算力与云存储,新一代主数据中心基础设施建设项目（一期）,,,,,,5297500,,,,北京神州新桥科技有限公司
huaxi_securities,92989deb21bd864251452f58.md,72e60707dbd462315108cf64ff545aa054465e45,2026-06-29T01:24:17.679509+00:00,D:\Auto_capture_info\documents\structured_announcements\raw_json\huaxi_securities\92989deb21bd864251452f58.json,华西证券,,采购招标,其他,工程装修与物业,基建项目造价咨询中介机构选聘（2026）,公开比选,,,,,,,,,
huaxi_securities,94ee9ee696f2828d8156428f.md,08c9cf69e046c62d2c24f5f01471500e9eace6e0,2026-06-25T08:25:12.765564+00:00,D:\Auto_capture_info\documents\structured_announcements\raw_json\huaxi_securities\94ee9ee696f2828d8156428f.json,华西证券,2026-06-16,结果公示,IT软硬件,网络与信息安全,量化投研平台网络与安全设备采购项目,,,,,,522200,,,,成都中铁信息工程有限公司
huaxi_securities,9bae4fe3ed9ffab498f52be5.md,2680ce2ab45c9d770afce850f2b02d8ae02cdb17,2026-06-25T08:25:12.769705+00:00,D:\Auto_capture_info\documents\structured_announcements\raw_json\huaxi_securities\9bae4fe3ed9ffab498f52be5.json,华西证券,2026-06-18,流标废标,IT软硬件,业务系统与软件,2026年工具类软件正版化项目,竞争性谈判,,,,,,,,,
huaxi_securities,a66da23c8ea8970c309eb779.md,f75562c9cbf1d8ae5f127fec09c6ae6d28fd95b6,2026-06-25T08:25:12.769932+00:00,D:\Auto_capture_info\documents\structured_announcements\raw_json\huaxi_securities\a66da23c8ea8970c309eb779.json,华西证券,2026-06-16,结果公示,IT软硬件,网络与信息安全,数据中心机房黑名单封禁设备采购项目,,,,,,1080000,,,,成都矢量科技限公司
huaxi_securities,b508310aac35a5e4d7a41bb2.md,9bfe6e7e1b0e776c329a1cc2c6323c956dbe92ca,2026-06-29T01:30:30.257035+00:00,D:\Auto_capture_info\documents\structured_announcements\raw_json\huaxi_securities\b508310aac35a5e4d7a41bb2.json,华西证券,,采购招标,IT软硬件,业务系统与软件,2026年工具类软件正版化项目（第二次）,竞争性谈判,,,,,,,,,
huaxi_securities,ba23cc34508ce686c71c0536.md,0f618896f899f78a034a278f8b50178f8c28b049,2026-06-29T01:30:30.256968+00:00,D:\Auto_capture_info\documents\structured_announcements\raw_json\huaxi_securities\ba23cc34508ce686c71c0536.json,华西证券,,采购招标,IT软硬件,业务系统与软件,私募基金业务平台建设项目,竞争性磋商,,,,,,,,,
huaxi_securities,ea1fa3e9490d6c7ecb06d432.md,bb50446501aafde7d77af43c6da4f1bb2b7261eb,2026-06-25T08:25:12.769465+00:00,D:\Auto_capture_info\documents\structured_announcements\raw_json\huaxi_securities\ea1fa3e9490d6c7ecb06d432.json,华西证券,,采购招标,专业及金融服务,营销与投研数据,2026年证券研究所线上路演服务采购,竞争性磋商,,,,,,,,,
huaxi_securities,fc3188657cfe8d085112a75e.md,28c6d6b75bdb8deba05672c55bd090678d48572c,2026-06-29T01:30:30.257174+00:00,D:\Auto_capture_info\documents\structured_announcements\raw_json\huaxi_securities\fc3188657cfe8d085112a75e.json,华西证券,2026-06-26,结果公示,IT软硬件,网络与信息安全,西云数据中心防勒索安全能力建设项目,,,,,,635000,,,,四川省昊峰网络科技有限责任公司
nanjing_securities,1b13dc78a12fa9051dcd02d3.md,373fb633415185b45f55b3d6bef0e04ab73b4435,2026-06-25T08:25:12.772428+00:00,D:\Auto_capture_info\documents\structured_announcements\raw_json\nanjing_securities\1b13dc78a12fa9051dcd02d3.json,宁夏股权托管交易中心,2026-04-22,采购招标,专业及金融服务,审计与咨询服务,宁夏股权托管交易中心(有限公司)财务审计项目,公开招标,,,,,,,,,
nanjing_securities,1b13dc78a12fa9051dcd02d3.md,373fb633415185b45f55b3d6bef0e04ab73b4435,2026-06-25T08:25:12.772428+00:00,D:\Auto_capture_info\documents\structured_announcements\raw_json\nanjing_securities\1b13dc78a12fa9051dcd02d3.json,宁夏股权托管交易中心,2026-04-22,采购招标,专业及金融服务,审计与咨询服务,宁夏股权托管交易中心(有限公司)资产评估项目,公开招标,,,,,,,,,
nanjing_securities,32f88ba304f2b354928c7140.md,62cf5de2eb1b25a83f9d13125900dc4d7d48dd96,2026-06-25T08:25:12.770771+00:00,D:\Auto_capture_info\documents\structured_announcements\raw_json\nanjing_securities\32f88ba304f2b354928c7140.json,南京证券,2026-04-07,采购招标,IT软硬件,IT运维与外包,信息技术类服务类备选供应商征集,公开招标,,,,,,,,,
nanjing_securities,32f88ba304f2b354928c7140.md,62cf5de2eb1b25a83f9d13125900dc4d7d48dd96,2026-06-25T08:25:12.770771+00:00,D:\Auto_capture_info\documents\structured_announcements\raw_json\nanjing_securities\32f88ba304f2b354928c7140.json,南京证券,2026-04-07,采购招标,IT软硬件,IT运维与外包,信息技术类设备类、软件类备选品牌商和供应商征集,公开招标,,,,,,,,,
nanjing_securities,53babfd8b42f186ed8b71857.md,bcfbc6220dfeb010d87c91b717d33d1051a1817e,2026-06-25T08:25:12.770806+00:00,D:\Auto_capture_info\documents\structured_announcements\raw_json\nanjing_securities\53babfd8b42f186ed8b71857.json,南京证券,2026-05-21,采购招标,IT软硬件,IT运维与外包,信息技术类服务类备选供应商征集,公开招标,,,,,,,,,
nanjing_securities,53babfd8b42f186ed8b71857.md,bcfbc6220dfeb010d87c91b717d33d1051a1817e,2026-06-25T08:25:12.770806+00:00,D:\Auto_capture_info\documents\structured_announcements\raw_json\nanjing_securities\53babfd8b42f186ed8b71857.json,南京证券,2026-05-21,采购招标,IT软硬件,IT运维与外包,信息技术类设备类、软件类备选品牌商和供应商征集,公开招标,,,,,,,,,
nanjing_securities,d7b57cb9b773cba8133d0b1d.md,d71f3d34f990af4e64363d26abab5458ba3cfea6,2026-06-25T08:25:12.774751+00:00,D:\Auto_capture_info\documents\structured_announcements\raw_json\nanjing_securities\d7b57cb9b773cba8133d0b1d.json,南京证券,2026-02-05,采购招标,IT软硬件,业务系统与软件,南京证券股份有限公司增值服务商城项目,公开招标,,,,,,,,,
nanjing_securities,ea2662623e9063b33176606d.md,9c639f69d24437645db78d68e4d0ad8b5cff09d2,2026-06-25T08:25:12.781358+00:00,D:\Auto_capture_info\documents\structured_announcements\raw_json\nanjing_securities\ea2662623e9063b33176606d.json,南京证券,2026-06-25,结果公示,IT软硬件,业务系统与软件,云原生业务全链路可观测系统,,,,,,,,,,北京云杉世纪网络科技有限公司
nanjing_securities,ea2662623e9063b33176606d.md,9c639f69d24437645db78d68e4d0ad8b5cff09d2,2026-06-25T08:25:12.781358+00:00,D:\Auto_capture_info\documents\structured_announcements\raw_json\nanjing_securities\ea2662623e9063b33176606d.json,南京证券,2026-06-25,结果公示,IT软硬件,业务系统与软件,云原生业务全链路可观测系统,,,,,,,,,,北京博睿宏远数据科技股份有限公司
nanjing_securities,ea2662623e9063b33176606d.md,9c639f69d24437645db78d68e4d0ad8b5cff09d2,2026-06-25T08:25:12.781358+00:00,D:\Auto_capture_info\documents\structured_announcements\raw_json\nanjing_securities\ea2662623e9063b33176606d.json,南京证券,2026-06-25,结果公示,IT软硬件,业务系统与软件,云原生业务全链路可观测系统,,,,,,,,,,南京网合信息技术有限公司
nanjing_securities,ea2662623e9063b33176606d.md,9c639f69d24437645db78d68e4d0ad8b5cff09d2,2026-06-25T08:25:12.781358+00:00,D:\Auto_capture_info\documents\structured_announcements\raw_json\nanjing_securities\ea2662623e9063b33176606d.json,南京证券,2026-06-25,结果公示,IT软硬件,业务系统与软件,云原生业务全链路可观测系统,,,,,,,,,,奇点浩翰数据技术（北京）有限公司
nanjing_securities,ea2662623e9063b33176606d.md,9c639f69d24437645db78d68e4d0ad8b5cff09d2,2026-06-25T08:25:12.781358+00:00,D:\Auto_capture_info\documents\structured_announcements\raw_json\nanjing_securities\ea2662623e9063b33176606d.json,南京证券,2026-06-25,结果公示,IT软硬件,业务系统与软件,云原生业务全链路可观测系统,,,,,,,,,,广州新华时代数据系统有限公司
nanjing_securities,ea2662623e9063b33176606d.md,9c639f69d24437645db78d68e4d0ad8b5cff09d2,2026-06-25T08:25:12.781358+00:00,D:\Auto_capture_info\documents\structured_announcements\raw_json\nanjing_securities\ea2662623e9063b33176606d.json,南京证券,2026-06-25,结果公示,IT软硬件,业务系统与软件,云原生业务全链路可观测系统,,,,,,,,,,江苏一方海科技有限公司
nanjing_securities,ea2662623e9063b33176606d.md,9c639f69d24437645db78d68e4d0ad8b5cff09d2,2026-06-25T08:25:12.781358+00:00,D:\Auto_capture_info\documents\structured_announcements\raw_json\nanjing_securities\ea2662623e9063b33176606d.json,南京证券,2026-06-25,结果公示,IT软硬件,网络与信息安全,网络安全验证,,,,,,,,,,上海禹赫信息技术有限公司
nanjing_securities,ea2662623e9063b33176606d.md,9c639f69d24437645db78d68e4d0ad8b5cff09d2,2026-06-25T08:25:12.781358+00:00,D:\Auto_capture_info\documents\structured_announcements\raw_json\nanjing_securities\ea2662623e9063b33176606d.json,南京证券,2026-06-25,结果公示,IT软硬件,网络与信息安全,网络安全验证,,,,,,,,,,北京长亭科技有限公司
nanjing_securities,ea2662623e9063b33176606d.md,9c639f69d24437645db78d68e4d0ad8b5cff09d2,2026-06-25T08:25:12.781358+00:00,D:\Auto_capture_info\documents\structured_announcements\raw_json\nanjing_securities\ea2662623e9063b33176606d.json,南京证券,2026-06-25,结果公示,IT软硬件,网络与信息安全,网络安全验证,,,,,,,,,,杭州颐嘉科技有限公司
nanjing_securities,ea2662623e9063b33176606d.md,9c639f69d24437645db78d68e4d0ad8b5cff09d2,2026-06-25T08:25:12.781358+00:00,D:\Auto_capture_info\documents\structured_announcements\raw_json\nanjing_securities\ea2662623e9063b33176606d.json,南京证券,2026-06-25,结果公示,IT软硬件,网络与信息安全,网络安全验证,,,,,,,,,,深圳天源锦合技术有限公司
nanjing_securities,ea2662623e9063b33176606d.md,9c639f69d24437645db78d68e4d0ad8b5cff09d2,2026-06-25T08:25:12.781358+00:00,D:\Auto_capture_info\documents\structured_announcements\raw_json\nanjing_securities\ea2662623e9063b33176606d.json,南京证券,2026-06-25,结果公示,IT软硬件,网络与信息安全,网络安全验证,,,,,,,,,,深圳海云安网络安全技术有限公司
nanjing_securities,ea2662623e9063b33176606d.md,9c639f69d24437645db78d68e4d0ad8b5cff09d2,2026-06-25T08:25:12.781358+00:00,D:\Auto_capture_info\documents\structured_announcements\raw_json\nanjing_securities\ea2662623e9063b33176606d.json,南京证券,2026-06-25,结果公示,IT软硬件,业务系统与软件,邮件归档系统信创化改造,,,,,,,,,,上海迈康信息安全有限公司
nanjing_securities,ea2662623e9063b33176606d.md,9c639f69d24437645db78d68e4d0ad8b5cff09d2,2026-06-25T08:25:12.781358+00:00,D:\Auto_capture_info\documents\structured_announcements\raw_json\nanjing_securities\ea2662623e9063b33176606d.json,南京证券,2026-06-25,结果公示,IT软硬件,业务系统与软件,邮件归档系统信创化改造,,,,,,,,,,北京网际思安科技有限公司
nanjing_securities,ea2662623e9063b33176606d.md,9c639f69d24437645db78d68e4d0ad8b5cff09d2,2026-06-25T08:25:12.781358+00:00,D:\Auto_capture_info\documents\structured_announcements\raw_json\nanjing_securities\ea2662623e9063b33176606d.json,南京证券,2026-06-25,结果公示,IT软硬件,业务系统与软件,银行流水核查系统,,,,,,,,,,见知数据科技（上海）有限公司
northeast_securities,21a5a724d3cf847898d3c62b.md,4062b9f9cf05998d36e94882763ab0c730628d7e,2026-06-25T08:25:12.785024+00:00,D:\Auto_capture_info\documents\structured_announcements\raw_json\northeast_securities\21a5a724d3cf847898d3c62b.json,东北证券,,采购招标,IT软硬件,IT运维与外包,金桥数据中心设备迁移整合项目标段一：设备搬迁服务,公开招标,,,,,,,,,
northeast_securities,21a5a724d3cf847898d3c62b.md,4062b9f9cf05998d36e94882763ab0c730628d7e,2026-06-25T08:25:12.785024+00:00,D:\Auto_capture_info\documents\structured_announcements\raw_json\northeast_securities\21a5a724d3cf847898d3c62b.json,东北证券,,采购招标,IT软硬件,基础算力与云存储,金桥数据中心设备迁移整合项目标段二：配件采购,公开招标,,,,,,,,,
northeast_securities,3bae02f022779271dc281d87.md,d7f4f28178b5bc3a93b6447dd246e339b7de89d0,2026-06-25T08:25:12.781826+00:00,D:\Auto_capture_info\documents\structured_announcements\raw_json\northeast_securities\3bae02f022779271dc281d87.json,东北证券,,采购招标,IT软硬件,网络与信息安全,IT基础软硬件集中采购项目_2026年网络设备采购项（TAP交换机-勤慕数据/星融元/珠海佳讯）,公开招标,,,,,,,,,
northeast_securities,3bae02f022779271dc281d87.md,d7f4f28178b5bc3a93b6447dd246e339b7de89d0,2026-06-25T08:25:12.781826+00:00,D:\Auto_capture_info\documents\structured_announcements\raw_json\northeast_securities\3bae02f022779271dc281d87.json,东北证券,,采购招标,IT软硬件,网络与信息安全,IT基础软硬件集中采购项目_2026年网络设备采购项（高精度打点交换机-盛立/特新恩）,公开招标,,,,,,,,,
northeast_securities,3bae02f022779271dc281d87.md,d7f4f28178b5bc3a93b6447dd246e339b7de89d0,2026-06-25T08:25:12.781826+00:00,D:\Auto_capture_info\documents\structured_announcements\raw_json\northeast_securities\3bae02f022779271dc281d87.json,东北证券,,采购招标,IT软硬件,网络与信息安全,IT基础软硬件集中采购项目_2026年项目网络设备采购项（TAP交换机-勤慕数据）,公开招标,,,,,,,,,
northeast_securities,4f0a25b678ff62273cc0d267.md,dea6f4b28b1a9775bba94fc3b2151cd2fc926315,2026-06-25T08:25:12.785252+00:00,D:\Auto_capture_info\documents\structured_announcements\raw_json\northeast_securities\4f0a25b678ff62273cc0d267.json,东北证券,,采购招标,IT软硬件,网络与信息安全,东北证券股份有限公司交换机模块采购项目,公开招标,,,,,,,,,
northeast_securities,88e898a4fe874a4a77b6a322.md,8cabb31705c997406ca284c4860c4e7e24258f4f,2026-06-25T08:25:12.785059+00:00,D:\Auto_capture_info\documents\structured_announcements\raw_json\northeast_securities\88e898a4fe874a4a77b6a322.json,东北证券,2026-04-13,采购招标,IT软硬件,网络与信息安全,2026年防火墙设备采购项,公开招标,,,,,,,,,
northeast_securities,96fbedf8591284280c0ec60f.md,2527418be2398d2b9ce435d532b42ed0e5de768e,2026-06-25T08:25:12.791765+00:00,D:\Auto_capture_info\documents\structured_announcements\raw_json\northeast_securities\96fbedf8591284280c0ec60f.json,东北证券,,采购招标,IT软硬件,基础算力与云存储,东北证券股份有限公司风控LDP系统硬件采购项目,公开招标,,,,,,,,,
northeast_securities,9879b1600829ab1e5ad92a04.md,1f35ddac91e33d3a00a82f8e47efebecb4eeb2cb,2026-06-25T08:25:12.793194+00:00,D:\Auto_capture_info\documents\structured_announcements\raw_json\northeast_securities\9879b1600829ab1e5ad92a04.json,东北证券,,采购招标,IT软硬件,网络与信息安全,极速行情系统一层交换机硬件采购项,公开招标,,,,,,,,,
northeast_securities,b6e6a25f55611264e2ef8aea.md,25905c24c7b2a828a8887b846a059b034b2e4d62,2026-06-25T08:25:12.791361+00:00,D:\Auto_capture_info\documents\structured_announcements\raw_json\northeast_securities\b6e6a25f55611264e2ef8aea.json,东北证券,,采购招标,IT软硬件,IT运维与外包,东北证券股份有限公司安全软硬件维保采购项,公开招标,,,,,,,,,
northeast_securities,bb03e2ba03312a96ac005f85.md,fa34391a3c8c71cd8a8e4752780a04ac5f6012e2,2026-06-25T08:25:12.815272+00:00,D:\Auto_capture_info\documents\structured_announcements\raw_json\northeast_securities\bb03e2ba03312a96ac005f85.json,东北证券,2026-03-20,采购招标,IT软硬件,业务系统与软件,东北证券股份有限公司适当性管理平台软件采购项,公开招标,,,,,,,,,
northeast_securities,d4a4c2ed5393d30afc50ffbb.md,4f8cff6edd4601ba22899c005b49813cd88cf643,2026-06-25T08:25:12.815563+00:00,D:\Auto_capture_info\documents\structured_announcements\raw_json\northeast_securities\d4a4c2ed5393d30afc50ffbb.json,东北证券,2025-10-10,采购招标,专业及金融服务,营销与投研数据,东北证券股份有限公司2025年信息流广告投放代理服务供应商招标,公开招标,,,,,,,,,
northeast_securities,e50908589f29df0d96c36791.md,9fc4b09dfba40029ec168607ca65de9b8b560fc3,2026-06-25T08:25:12.814919+00:00,D:\Auto_capture_info\documents\structured_announcements\raw_json\northeast_securities\e50908589f29df0d96c36791.json,东北证券,2026-03-17,采购招标,IT软硬件,网络与信息安全,东北证券Ukey管理建设项目硬件采购,公开招标,,,,,,,,,
notices,2026-04-01_23839c11_中信建投证券2026年上海新建机房网络基础设施集成项目竞争性磋商公告.md,4351ccc0ae632d9d918e9119d1f199196b59b6c3,2026-07-02T00:19:53.659160+00:00,D:\broker-announcement-system-demo\backend\data\raw_json\2026-04-01_23839c11_中信建投证券2026年上海新建机房网络基础设施集成项目竞争性磋商公告.json,中信建投证券,2026-04-01,采购招标,IT软硬件,网络与信息安全,中信建投证券2026年上海新建机房网络基础设施集成项目,竞争性磋商,新购,采购上海新建机房所需的网络设备及集成服务，包括交换机、路由器、防火墙等,,,,2026-04-16 09:30,,,
notices,2026-04-01_7f03fa55_中信建投证券AED急救设备采购项目磋商公告.md,e6f88de88a5d2032a075bade96e550663e90ef86,2026-07-02T00:19:53.659160+00:00,D:\broker-announcement-system-demo\backend\data\raw_json\2026-04-01_7f03fa55_中信建投证券AED急救设备采购项目磋商公告.json,中信建投证券,2026-04-01,采购招标,其他,行政与办公后勤,中信建投证券AED急救设备采购项目,竞争性磋商,新购,采购35套AED急救设备及相关配件,,,,2026-04-14 09:30,,,
notices,2026-04-01_a6f07a6a_中信建投证券2026年东莞（深圳）新建机房网络基础设施集成项目竞争性磋商公告.md,521b0fa94c4a2b4d26e0910400f2edb15ff8e636,2026-07-02T00:19:53.659160+00:00,D:\broker-announcement-system-demo\backend\data\raw_json\2026-04-01_a6f07a6a_中信建投证券2026年东莞（深圳）新建机房网络基础设施集成项目竞争性磋商公告.json,中信建投证券,2026-04-01,采购招标,IT软硬件,网络与信息安全,中信建投证券2026年东莞（深圳）新建机房网络基础设施集成项目,竞争性磋商,新购,采购东莞（深圳）新建机房所需的网络设备及集成服务,,,,2026-04-16 09:30,,,
notices,2026-04-01_df85daef_财信证券智能研究业务管理系统物理服务器（硬件）采购项目采购公告.md,0054e8afad510ced85af99eecfde86f5b79e05e9,2026-07-02T00:19:53.665145+00:00,D:\broker-announcement-system-demo\backend\data\raw_json\2026-04-01_df85daef_财信证券智能研究业务管理系统物理服务器（硬件）采购项目采购公告.json,财信证券,2026-04-01,采购招标,IT软硬件,基础算力与云存储,财信证券智能研究业务管理系统物理服务器（硬件）采购项目,竞价,新购,采购1台物理服务器，用于智能研究业务管理系统建设,407000,,,2026-04-09 14:30,,20,
notices,2026-04-02_262c6ccd_兴业证券核心交易系统信创建设项目服务器采购项目招标公告.md,63b4428554b5340e213fc08e480e8f82888568bc,2026-07-02T00:19:53.669145+00:00,D:\broker-announcement-system-demo\backend\data\raw_json\2026-04-02_262c6ccd_兴业证券核心交易系统信创建设项目服务器采购项目招标公告.json,兴业证券,2026-04-02,采购招标,IT软硬件,基础算力与云存储,兴业证券核心交易系统信创建设项目服务器采购项目,公开招标,新购,采购64台鲲鹏路线服务器，包含5年原厂维保,,,,2026-04-27 13:30,,45,
notices,2026-04-02_3a22bbd9_财信证券APP--苹果应用市场付费推广采购项目采购公告.md,2cbbf405b5e64597e652ecc40e0a2e380181b1ce,2026-07-02T00:19:53.669145+00:00,D:\broker-announcement-system-demo\backend\data\raw_json\2026-04-02_3a22bbd9_财信证券APP--苹果应用市场付费推广采购项目采购公告.json,财信证券,2026-04-02,采购招标,专业及金融服务,营销与投研数据,财信证券APP--苹果应用市场付费推广采购项目,竞争性磋商,服务订阅,采购苹果应用市场付费推广广告服务，包括关键词基础优化及竞价，服务期1年。,1340000,,,2026-04-22 09:30,12,,
notices,2026-04-02_3bc8bfcf_光大证券股份有限公司智能个性化推荐+信创_2025_新建项目招标公告.md,20aa06a007582894ab84261a07a05643c08d52fa,2026-07-02T00:19:53.677112+00:00,D:\broker-announcement-system-demo\backend\data\raw_json\2026-04-02_3bc8bfcf_光大证券股份有限公司智能个性化推荐+信创_2025_新建项目招标公告.json,光大证券,2026-04-02,采购招标,IT软硬件,业务系统与软件,光大证券股份有限公司智能个性化推荐+信创_2025_新建项目,公开招标,新购,新建智能个性化推荐系统，用于金阳光APP，整合客户数据提供精准推荐。,,2000000,,2026-04-22 09:30,,365,
notices,2026-04-02_633290b2_国泰海通证券2026年深圳总部人力资源外包服务采购项目竞争性磋商公告.md,da65217ab69226bf7676ae024f5abdefe0b150d6,2026-07-02T00:19:53.677112+00:00,D:\broker-announcement-system-demo\backend\data\raw_json\2026-04-02_633290b2_国泰海通证券2026年深圳总部人力资源外包服务采购项目竞争性磋商公告.json,国泰海通证券,2026-04-02,采购招标,专业及金融服务,人力与外包服务,国泰海通证券2026年深圳总部人力资源外包服务采购项目,公开招标,服务订阅,采购1家供应商提供两年人力资源外包服务，服务地点为深圳。,,,,2026-04-16 11:00,24,,
notices,2026-04-02_816be7e0_中信建投证券服务器采购项目（第二批）谈判公告.md,1fe5e238fedc99aff7101a7f15864d0b3d92256b,2026-07-02T00:19:53.685095+00:00,D:\broker-announcement-system-demo\backend\data\raw_json\2026-04-02_816be7e0_中信建投证券服务器采购项目（第二批）谈判公告.json,中信建投证券,2026-04-02,采购招标,IT软硬件,基础算力与云存储,中信建投证券服务器采购项目（第二批）,竞争性谈判,新购,采购非信创服务器一批，具体规格详见技术规范书。,,,,2026-04-10 09:30,,,
notices,2026-04-02_8d1cc286_国泰海通证券2026年数据中心系统运维支持服务采购项目竞争性磋商公告.md,335b95b2cdd6b0d7c2024be4b96c0b90d10323a5,2026-07-02T00:19:53.685095+00:00,D:\broker-announcement-system-demo\backend\data\raw_json\2026-04-02_8d1cc286_国泰海通证券2026年数据中心系统运维支持服务采购项目竞争性磋商公告.json,国泰海通证券,2026-04-02,采购招标,IT软硬件,IT运维与外包,国泰海通证券2026年数据中心系统运维支持服务采购项目,公开招标,维保,采购1家供应商提供数据中心系统运维支持服务，实施地点为上海。,,,,2026-04-15 13:30,,,
notices,2026-04-02_a0a58fd3_中信建投证券上海宝鼎机房基础设施运维驻场采购项目竞争性磋商公告.md,1040c1ae2038cd4dd5278bc6e172ad38442be5cc,2026-07-02T00:19:53.685095+00:00,D:\broker-announcement-system-demo\backend\data\raw_json\2026-04-02_a0a58fd3_中信建投证券上海宝鼎机房基础设施运维驻场采购项目竞争性磋商公告.json,中信建投证券,2026-04-02,采购招标,IT软硬件,IT运维与外包,中信建投证券上海宝鼎机房基础设施运维驻场采购项目,竞争性磋商,维保,采购上海宝鼎机房基础设施运维驻场服务,,,,2026-04-13 10:00,,,
notices,2026-04-02_c9766d34_国泰海通证券北京金益大厦室内装修弱电咨询服务采购项目竞争性磋商公告.md,40d614d15d3106a5d9fc330ff9b348cd627045da,2026-07-02T00:19:53.685095+00:00,D:\broker-announcement-system-demo\backend\data\raw_json\2026-04-02_c9766d34_国泰海通证券北京金益大厦室内装修弱电咨询服务采购项目竞争性磋商公告.json,国泰海通证券,2026-04-02,采购招标,其他,工程装修与物业,国泰海通证券北京金益大厦室内装修弱电咨询服务采购项目,公开招标,其他,采购1家供应商提供北京金益大厦室内装修弱电咨询服务,,,,2026-04-15 13:30,,,
notices,2026-04-02_e040d240_南京证券股份有限公司电脑、打印耗材采购项目招标公告.md,705d501a81e0af564e0f3540674da62df9326b57,2026-07-02T00:19:53.695097+00:00,D:\broker-announcement-system-demo\backend\data\raw_json\2026-04-02_e040d240_南京证券股份有限公司电脑、打印耗材采购项目招标公告.json,南京证券,2026-04-02,采购招标,其他,行政与办公后勤,南京证券股份有限公司电脑、打印耗材采购项目,公开招标,新购,招标入围3家供应商，负责打印机耗材及办公电脑的供应及售后服务，采用框架+订单方式。,2327300,,,2026-04-23 14:00,9,,
notices,2026-04-03_04feed30_财信证券EMC存储设备2026原厂维保服务采购项目[第2次采购]成交结果公告.md,e977292b9477a5e4a020e37f40037f71a8b117cf,2026-07-02T00:19:53.693103+00:00,D:\broker-announcement-system-demo\backend\data\raw_json\2026-04-03_04feed30_财信证券EMC存储设备2026原厂维保服务采购项目[第2次采购]成交结果公告.json,财信证券,2026-04-03,结果公示,IT软硬件,IT运维与外包,财信证券EMC存储设备2026原厂维保服务采购项目[第2次采购],竞价,维保,采购EMC存储设备原厂维保服务，服务期1年,399000,399000,389000,,12,,上海实训信息技术有限公司
notices,2026-04-03_08285f6b_中信建投证券信创台式机采购项目磋商公告.md,eccf8da0bb8c54265210d41876306b54898f4293,2026-07-02T00:19:53.694099+00:00,D:\broker-announcement-system-demo\backend\data\raw_json\2026-04-03_08285f6b_中信建投证券信创台式机采购项目磋商公告.json,中信建投证券,2026-04-03,采购招标,IT软硬件,基础算力与云存储,中信建投证券信创台式机采购项目,竞争性磋商,新购,采购信创台式机，数量及规格详见技术规范书。,,,,2026-04-16 09:30,,,
notices,2026-04-03_1d0f7b01_国开证券终端安全管理系统产品采购项目招标公告.md,d3ab1ebf051b99797e22c5fa02e33623ac5d7ab3,2026-07-02T00:19:53.695097+00:00,D:\broker-announcement-system-demo\backend\data\raw_json\2026-04-03_1d0f7b01_国开证券终端安全管理系统产品采购项目招标公告.json,国开证券,2026-04-03,采购招标,IT软硬件,网络与信息安全,国开证券终端安全管理系统产品采购项目,公开招标,新购,重新建设终端安全管理系统，提升终端安全管理水平，管控敏感数据外发。,2019000,,,2026-04-28 09:30,,,
notices,2026-04-03_319ba2a5_光大证券股份有限公司I2机构交易系统_新一代接口_信创_2025_优化项目结果公告.md,323578f0e5595e8c7d2b9c87ca330e6df82b104b,2026-07-02T00:19:53.702078+00:00,D:\broker-announcement-system-demo\backend\data\raw_json\2026-04-03_319ba2a5_光大证券股份有限公司I2机构交易系统_新一代接口_信创_2025_优化项目结果公告.json,光大证券,2026-04-03,结果公示,IT软硬件,业务系统与软件,光大证券股份有限公司I2机构交易系统_新一代接口_信创_2025_优化项目,单一来源,升级改造,对I2机构交易系统进行新一代接口信创优化,,,1790000,,,,恒生电子股份有限公司
notices,2026-04-03_3466598a_光大证券股份有限公司镜像交换机_信创_2025_设备更新项目-中标候选人公示.md,65fcaead19852ca48c3b5fbd30bf4c1320395da6,2026-07-02T00:19:53.702078+00:00,D:\broker-announcement-system-demo\backend\data\raw_json\2026-04-03_3466598a_光大证券股份有限公司镜像交换机_信创_2025_设备更新项目-中标候选人公示.json,光大证券,2026-04-03,结果公示,IT软硬件,网络与信息安全,光大证券股份有限公司镜像交换机_信创_2025_设备更新项目,公开招标,替换迁移,采购信创镜像交换机，用于设备更新替换,,,1985100.0,,,,上海云多科技股份有限公司
notices,2026-04-03_5aa169b0_光大证券股份有限公司数据管理能力成熟度评估认证2025服务项目的招标公告.md,e4704833a6cec8dfdf284182c17f769f4ed81c2b,2026-07-02T00:19:53.702078+00:00,D:\broker-announcement-system-demo\backend\data\raw_json\2026-04-03_5aa169b0_光大证券股份有限公司数据管理能力成熟度评估认证2025服务项目的招标公告.json,光大证券,2026-04-03,采购招标,专业及金融服务,审计与咨询服务,光大证券股份有限公司数据管理能力成熟度评估认证2025服务项目,公开招标,服务订阅,采购数据管理能力成熟度评估认证服务，以DCMM国家标准为框架，目标获得DCMM4级或更高等级认证。,,974000,,2026-04-29 09:30,,,
notices,2026-04-03_68ff6370_光大证券股份有限公司反洗钱系统+非经对接_2025_优化项目协商邀请书.md,49b72f7570b798077dd4c131bf636b9bf18c6e61,2026-07-02T00:19:53.703076+00:00,D:\broker-announcement-system-demo\backend\data\raw_json\2026-04-03_68ff6370_光大证券股份有限公司反洗钱系统+非经对接_2025_优化项目协商邀请书.json,光大证券,2026-04-03,结果公示,IT软硬件,业务系统与软件,光大证券股份有限公司反洗钱系统+非经对接_2025_优化项目,单一来源,升级改造,反洗钱系统与非经对接优化项目，成交金额85万元,,,850000,,,,恒生电子股份有限公司
notices,2026-04-03_72609a66_光大证券股份有限公司东莞石龙营业部新址装修工程的招标公告.md,8415c57e6ee6eea836499d7281a9095008ddb268,2026-07-02T00:19:53.704072+00:00,D:\broker-announcement-system-demo\backend\data\raw_json\2026-04-03_72609a66_光大证券股份有限公司东莞石龙营业部新址装修工程的招标公告.json,光大证券,2026-04-03,采购招标,其他,工程装修与物业,光大证券股份有限公司东莞石龙营业部新址装修工程,公开招标,新购,东莞石龙营业部新址装修工程，建筑面积960㎡，包括装饰（含强电）。,1721875.89,930185,,2026-04-28 09:30,,45,
notices,2026-04-03_a3636efc_财信证券EMIC存储设备2026原厂维保服务采购项目[第2次采购]成交结果公告.md,a94e34f7c8f3ee00653b9886d1a5be786eec8193,2026-07-02T00:19:53.704072+00:00,D:\broker-announcement-system-demo\backend\data\raw_json\2026-04-03_a3636efc_财信证券EMIC存储设备2026原厂维保服务采购项目[第2次采购]成交结果公告.json,财信证券,2026-04-03,结果公示,IT软硬件,IT运维与外包,财信证券EMIC存储设备2026原厂维保服务采购项目[第2次采购],竞争性谈判,维保,采购EMC存储设备原厂维保服务，服务期1年,399000,399000,389000,,12,,上海实训信息技术有限公司
notices,2026-04-03_a8181e0f_光大证券股份有限公司顶点A5系统_对账单_信创_2025_优化项目结果公告.md,fa165281c0303874df7e8a10241ed2b08e1d21ba,2026-07-02T00:19:53.705069+00:00,D:\broker-announcement-system-demo\backend\data\raw_json\2026-04-03_a8181e0f_光大证券股份有限公司顶点A5系统_对账单_信创_2025_优化项目结果公告.json,光大证券,2026-04-03,结果公示,IT软硬件,业务系统与软件,光大证券股份有限公司顶点A5系统_对账单_信创_2025_优化项目,单一来源,升级改造,对顶点A5系统对账单模块进行信创优化，成交金额118万元,,,1180000,,,,福建顶点软件股份有限公司
notices,2026-04-03_ae3f0567_国泰海通证券2026年Array负载均衡设备维保服务采购项目公告.md,780835055706d6eee91b8d94a8d3378bb15cf3d5,2026-07-02T00:19:53.705069+00:00,D:\broker-announcement-system-demo\backend\data\raw_json\2026-04-03_ae3f0567_国泰海通证券2026年Array负载均衡设备维保服务采购项目公告.json,国泰海通证券,2026-04-03,采购招标,IT软硬件,IT运维与外包,国泰海通证券2026年Array负载均衡设备维保服务采购项目,询价,维保,采购Array负载均衡设备维保服务，实施地点为上海,,,,2026-04-13 17:00,,,
notices,2026-04-03_bc1e9f6f_光大证券股份有限公司顶点A5系统_对账单_信创_2025_优化项目（第二次）协商邀请书.md,1bc709b5bdf8d8dc24f682cd8a8936700849162c,2026-07-02T00:19:53.707065+00:00,D:\broker-announcement-system-demo\backend\data\raw_json\2026-04-03_bc1e9f6f_光大证券股份有限公司顶点A5系统_对账单_信创_2025_优化项目（第二次）协商邀请书.json,光大证券,2026-04-03,结果公示,IT软硬件,业务系统与软件,光大证券股份有限公司顶点A5系统_对账单_信创_2025_优化项目,单一来源,升级改造,对顶点A5系统对账单模块进行信创优化，成交金额118万元,,,1180000.0,,,,福建顶点软件股份有限公司
notices,2026-04-03_c4fbe4ef_光大证券股份有限公司顶点A5系统_对账单_信创_2025_优化项目（第二次）协商邀请书.md,290697b49e88b970955f90cfdda054249bc8a030,2026-07-02T00:19:53.707065+00:00,D:\broker-announcement-system-demo\backend\data\raw_json\2026-04-03_c4fbe4ef_光大证券股份有限公司顶点A5系统_对账单_信创_2025_优化项目（第二次）协商邀请书.json,光大证券,2026-04-03,采购招标,IT软硬件,业务系统与软件,光大证券股份有限公司顶点A5系统_对账单_信创_2025_优化项目,单一来源,升级改造,对顶点A5系统进行信创优化，新增对账单服务模块，支持多种格式对账单生成与历史补打。,,,,2026-04-01 09:00,,,
notices,2026-04-03_d666df62_国泰海通证券2026年CDN服务框架采购项目招标公告.md,0d5d23195f9be6f46e81ce578b06ee9c90fbd664,2026-07-02T00:19:53.708061+00:00,D:\broker-announcement-system-demo\backend\data\raw_json\2026-04-03_d666df62_国泰海通证券2026年CDN服务框架采购项目招标公告.json,国泰海通证券,2026-04-03,采购招标,IT软硬件,IT运维与外包,国泰海通证券2026年CDN服务框架采购项目,公开招标,服务订阅,采购CDN加速服务，为招标人核心平台提供全球CDN加速，框架协议有效期2年，入围3家供应商。,,,,2026-04-27 09:30,24,,
notices,2026-04-03_e0d38490_国泰海通证券股份有限公司苏州分公司的二区翠园路南、南施街东出让地块（国泰海通证券）竞争性磋商公告.md,d631552e7025f941b7af1c34ec1c98beed61858c,2026-07-02T00:19:53.708061+00:00,D:\broker-announcement-system-demo\backend\data\raw_json\2026-04-03_e0d38490_国泰海通证券股份有限公司苏州分公司的二区翠园路南、南施街东出让地块（国泰海通证券）竞争性磋商公告.json,国泰海通证券,2026-04-03,采购招标,其他,工程装修与物业,二区翠园路南、南施街东出让地块（国泰海通证券）,公开招标,其他,二区翠园路南、南施街东出让地块的装修及消防工程，工期60日历天,995795.64,995795.64,,2026-04-17 10:00,,60,
notices,2026-04-03_eb9d5547_光大证券股份有限公司反洗钱系统+非经对接_2025_优化项目结果公告.md,527fe1f54c4592496787db5c12d4fa59c4d18948,2026-07-02T00:19:53.710057+00:00,D:\broker-announcement-system-demo\backend\data\raw_json\2026-04-03_eb9d5547_光大证券股份有限公司反洗钱系统+非经对接_2025_优化项目结果公告.json,光大证券,2026-04-03,结果公示,IT软硬件,业务系统与软件,光大证券股份有限公司反洗钱系统+非经对接_2025_优化项目,单一来源,升级改造,反洗钱系统与非经对接优化项目，成交金额85万元,,,850000,,,,恒生电子股份有限公司
notices,2026-04-03_ff32375a_中信建投证券信创笔记本电脑采购项目磋商公告.md,dc0c6fd4ff4d869134f42c9fcf80bacbfa3225ac,2026-07-02T00:19:53.710057+00:00,D:\broker-announcement-system-demo\backend\data\raw_json\2026-04-03_ff32375a_中信建投证券信创笔记本电脑采购项目磋商公告.json,中信建投证券,2026-04-03,采购招标,IT软硬件,业务系统与软件,中信建投证券信创笔记本电脑采购项目,竞争性磋商,新购,采购信创笔记本电脑，数量及规格详见技术规范书,,,,2026-04-16 09:30,,,
notices,2026-04-07_056444ca_中信建投证券2026年天旦业务监控系统授权采购项目竞争性谈判公告.md,ae726fe14f51910da908a8e332bf7302cdffd699,2026-07-02T00:19:53.711054+00:00,D:\broker-announcement-system-demo\backend\data\raw_json\2026-04-07_056444ca_中信建投证券2026年天旦业务监控系统授权采购项目竞争性谈判公告.json,中信建投证券,2026-04-07,采购招标,IT软硬件,业务系统与软件,中信建投证券2026年天旦业务监控系统授权采购项目,竞争性谈判,续采续约,采购天旦业务监控系统授权及人天服务，用于业务系统监控,,,,2026-04-16 10:00,,,
notices,2026-04-07_78e5769a_中信建投证券2026年威胁检测系统维保及终端防护服务采购项目竞争性谈判公告.md,94dd961a6d446ed98af685a1559076638dc7b38d,2026-07-02T00:19:53.711054+00:00,D:\broker-announcement-system-demo\backend\data\raw_json\2026-04-07_78e5769a_中信建投证券2026年威胁检测系统维保及终端防护服务采购项目竞争性谈判公告.json,中信建投证券,2026-04-07,采购招标,IT软硬件,网络与信息安全,中信建投证券2026年威胁检测系统维保及终端防护服务采购项目,竞争性谈判,维保,采购2026年威胁检测系统维保及终端防护服务，拟选1家供应商,,,,2026-04-17 10:00,,,
notices,2026-04-07_ed9f6e76_交通银行湖北省分行评估机构入围增补项目（包三证券服务业务债权估值评估机构入围）项目公告.md,bb83569e03c2d3aefcb3edfc3f4e8790cb42815a,2026-07-02T00:19:53.718608+00:00,D:\broker-announcement-system-demo\backend\data\raw_json\2026-04-07_ed9f6e76_交通银行湖北省分行评估机构入围增补项目（包三证券服务业务债权估值评估机构入围）项目公告.json,交通银行,2026-04-07,采购招标,专业及金融服务,审计与咨询服务,交通银行湖北省分行评估机构入围增补项目（包三证券服务业务债权估值评估机构入围）,公开招标,新购,增补具备证券服务业务资质的债权估值机构入库，入围最多不超过3家，服务期1年可续签。,,,,2026-04-28 09:30,12,,
notices,2026-04-08_0a4f1e17_兴业证券工作服采购项目招标公告.md,b7773e0bfc70b18f48e8ecf39bbbb63ef5625f98,2026-07-02T00:19:53.718608+00:00,D:\broker-announcement-system-demo\backend\data\raw_json\2026-04-08_0a4f1e17_兴业证券工作服采购项目招标公告.json,兴业证券,2026-04-08,采购招标,其他,行政与办公后勤,兴业证券工作服采购项目,公开招标,新购,为约3031名员工采购制作工作服，包括西服、衬衫等，服务期3年。,,9093000,,2026-04-29 09:30,36,,
notices,2026-04-08_0dea4fc0_光大证券股份有限公司多IDC机房网络设备信创2025新增项目的招标公告.md,edec397213943a2daa2e461e174c3e7749d6a18a,2026-07-02T00:19:53.717612+00:00,D:\broker-announcement-system-demo\backend\data\raw_json\2026-04-08_0dea4fc0_光大证券股份有限公司多IDC机房网络设备信创2025新增项目的招标公告.json,光大证券,2026-04-08,采购招标,IT软硬件,网络与信息安全,光大证券股份有限公司多IDC机房网络设备信创2025新增项目,公开招标,新购,采购44台交换机及相关配件，用于华南IDC敏态业务互联网接入和华东IDC网络扩容,,3460000,,2026-05-07 09:30,,,
notices,2026-04-08_3c3a1c2f_光大证券股份有限公司研究所年度专家服务供应商入围项目招标公告.md,e0cbbcf31d4aff093cb5da5d65fe41132b498e55,2026-07-02T00:19:53.718608+00:00,D:\broker-announcement-system-demo\backend\data\raw_json\2026-04-08_3c3a1c2f_光大证券股份有限公司研究所年度专家服务供应商入围项目招标公告.json,光大证券,2026-04-08,采购招标,专业及金融服务,营销与投研数据,光大证券股份有限公司研究所年度专家服务供应商入围项目,公开招标,服务订阅,入围至少10家第三方专家公司，提供线上访谈、线下访谈和会议演讲等专家服务，框架协议期一年可续签两次。,4800000,,,2026-04-29 09:00,12,,
notices,2026-04-08_792b98fd_国新证券综合、移动运营平台客户资料一致性改造和公安校验改造项目采购结果公告.md,3b6974cf552f333268dd6d7b10d685b5b9ec4e58,2026-07-02T00:19:53.724590+00:00,D:\broker-announcement-system-demo\backend\data\raw_json\2026-04-08_792b98fd_国新证券综合、移动运营平台客户资料一致性改造和公安校验改造项目采购结果公告.json,国新证券,2026-04-08,结果公示,IT软硬件,业务系统与软件,国新证券综合、移动运营平台客户资料一致性改造和公安校验改造项目,其他,升级改造,对综合运营和移动运营系统的客户开户、资料修改功能及公安身份校验功能进行改造,,,480000.0,,,,北京北方金证科技有限公司
notices,2026-04-08_daa83181_光大证券股份有限公司任务调度平台+信创_2025_新建项目（二次）招标公告.md,664c45a33ea95aa4ae9fabbfaafb222a36d4d065,2026-07-02T00:19:53.725588+00:00,D:\broker-announcement-system-demo\backend\data\raw_json\2026-04-08_daa83181_光大证券股份有限公司任务调度平台+信创_2025_新建项目（二次）招标公告.json,光大证券,2026-04-08,采购招标,IT软硬件,业务系统与软件,光大证券股份有限公司任务调度平台+信创_2025_新建项目（二次）,公开招标,新购,新建一套信创任务调度平台，满足金融领域数据安全与业务连续性要求。,,500000,,2026-04-30 09:30,,150,
notices,2026-04-09_239fea85_国泰海通证券2026年外网信创DNS设备采购项目公告.md,186ca58fa598902f7f3d5c717b3e48e05840fb17,2026-07-02T00:19:53.725588+00:00,D:\broker-announcement-system-demo\backend\data\raw_json\2026-04-09_239fea85_国泰海通证券2026年外网信创DNS设备采购项目公告.json,国泰海通证券,2026-04-09,采购招标,IT软硬件,网络与信息安全,国泰海通证券2026年外网信创DNS设备采购项目,竞争性磋商,新购,采购1家供应商提供信创DNS设备，用于外网部署，实施地点为上海,,450000,,2026-04-21 13:30,,,
notices,2026-04-09_8205d226_中信建投证券安全运维与运营驻场服务采购项目磋商公告.md,8dae63249c1cda24e233cf4ea856ab0cfdd55cf2,2026-07-02T00:19:53.725588+00:00,D:\broker-announcement-system-demo\backend\data\raw_json\2026-04-09_8205d226_中信建投证券安全运维与运营驻场服务采购项目磋商公告.json,中信建投证券,2026-04-09,采购招标,IT软硬件,IT运维与外包,中信建投证券安全运维与运营驻场服务采购项目,竞争性磋商,服务订阅,采购4名人员安全运营驻场服务，保障安全监控系统稳定运行及安全事件处置,,,,2026-04-20 09:30,,,
notices,2026-04-10_1081676b_中信建投证券2026-2028年合规性回访外包项目（雄安）招标公告.md,61464552e2965967d74bc8f7d0e74ed972bf0192,2026-07-02T00:19:53.728241+00:00,D:\broker-announcement-system-demo\backend\data\raw_json\2026-04-10_1081676b_中信建投证券2026-2028年合规性回访外包项目（雄安）招标公告.json,中信建投证券,2026-04-10,采购招标,专业及金融服务,人力与外包服务,中信建投证券2026-2028年合规性回访外包项目（雄安）,公开招标,服务订阅,采购新开户回访、存量客户回访等合规性回访外包服务，服务期24个月。,,,,2026-05-06 10:00,24,,
notices,2026-04-10_46115e2a_中信建投证券2026-2027年合规性回访外包项目（石家庄）招标公告.md,330ded8de05756ffee3250263e5ee313f638ac63,2026-07-02T00:19:53.728241+00:00,D:\broker-announcement-system-demo\backend\data\raw_json\2026-04-10_46115e2a_中信建投证券2026-2027年合规性回访外包项目（石家庄）招标公告.json,中信建投证券,2026-04-10,采购招标,专业及金融服务,人力与外包服务,中信建投证券2026-2027年合规性回访外包项目（石家庄）,公开招标,服务订阅,采购新开户回访、存量客户回访等合规性回访外包服务，服务期17个月，选聘1名供应商。,,,,2026-05-06 10:00,17,,
notices,2026-04-10_49bc98f6_中信建投证券北京东坝机房数据中心WEB应用防火墙采购项目招标公告.md,776a01976020e81ed2d52e5693f2d7e6859ab9fc,2026-07-02T00:19:53.728241+00:00,D:\broker-announcement-system-demo\backend\data\raw_json\2026-04-10_49bc98f6_中信建投证券北京东坝机房数据中心WEB应用防火墙采购项目招标公告.json,中信建投证券,2026-04-10,采购招标,IT软硬件,网络与信息安全,中信建投证券北京东坝机房数据中心WEB应用防火墙采购项目,公开招标,新购,采购6台WEB应用防火墙，用于数据中心安全防护。,,,,2026-05-07 09:30,,,
notices,2026-04-10_84ba70cc_中信建投证券高质量数据集价值评估模型建设咨询服务采购项目（二次）竞争性磋商公告.md,9de63be8e2393ceb15839ce015934abd1054e5c5,2026-07-02T00:19:53.729238+00:00,D:\broker-announcement-system-demo\backend\data\raw_json\2026-04-10_84ba70cc_中信建投证券高质量数据集价值评估模型建设咨询服务采购项目（二次）竞争性磋商公告.json,中信建投证券,2026-04-10,采购招标,专业及金融服务,审计与咨询服务,中信建投证券高质量数据集价值评估模型建设咨询服务采购项目（二次）,竞争性磋商,服务订阅,采购高质量数据集价值评估模型建设咨询服务,,,,2026-04-21 09:30,,,
notices,2026-04-10_cf512b80_中信建投证券防火墙替换采购项目磋商公告.md,962edb01d6081e24d16f4ef0d9aaf156e91d750e,2026-07-02T00:19:53.731233+00:00,D:\broker-announcement-system-demo\backend\data\raw_json\2026-04-10_cf512b80_中信建投证券防火墙替换采购项目磋商公告.json,中信建投证券,2026-04-10,采购招标,IT软硬件,网络与信息安全,中信建投证券防火墙替换采购项目,竞争性磋商,替换迁移,采购数据中心互联网防火墙，用于替换现有设备,,,,2026-04-20 09:30,,,
notices,2026-04-10_fc4a4783_中信建投证券智能知识库采购项目竞争性磋商公告.md,496c81b8b093045bbe5305e7778703b05a05107f,2026-07-02T00:19:53.731233+00:00,D:\broker-announcement-system-demo\backend\data\raw_json\2026-04-10_fc4a4783_中信建投证券智能知识库采购项目竞争性磋商公告.json,中信建投证券,2026-04-10,采购招标,IT软硬件,业务系统与软件,中信建投证券智能知识库采购项目,竞争性磋商,升级改造,采购智能知识中台信创改造服务，选聘1家供应商,,,,2026-04-24 10:00,,,
notices,2026-04-13_7ac972bf_光大证券股份有限公司镜像交换机_信创_2025_设备更新项目中标结果公告.md,d3c21e558a36ca6ac96bb21abb6e85bc969d957e,2026-07-02T00:19:53.732230+00:00,D:\broker-announcement-system-demo\backend\data\raw_json\2026-04-13_7ac972bf_光大证券股份有限公司镜像交换机_信创_2025_设备更新项目中标结果公告.json,光大证券,2026-04-13,结果公示,IT软硬件,网络与信息安全,光大证券股份有限公司镜像交换机_信创_2025_设备更新项目,公开招标,替换迁移,采购信创镜像交换机，用于设备更新替换,,,1985100.0,,,,上海云多科技股份有限公司
notices,2026-04-13_93983cb2_中信建投证券财富委积分权益系统2026年定制化开发项目比选公告.md,5475b31283ef12d4ddc48cace84f18b86e6dc5c3,2026-07-02T00:19:53.733227+00:00,D:\broker-announcement-system-demo\backend\data\raw_json\2026-04-13_93983cb2_中信建投证券财富委积分权益系统2026年定制化开发项目比选公告.json,中信建投证券,2026-04-13,采购招标,IT软硬件,业务系统与软件,中信建投证券财富委积分权益系统2026年定制化开发项目,其他,新购,采购积分权益系统新增需求的定制化开发服务,,,,2026-04-24 13:30,,,
notices,2026-04-13_9c3462e9_国泰海通证券2026年第四批高性能服务器租赁项目竞争性谈判公告.md,b075b8d64d32b1b559f5d695c334d8744f8f7636,2026-07-02T00:19:53.734225+00:00,D:\broker-announcement-system-demo\backend\data\raw_json\2026-04-13_9c3462e9_国泰海通证券2026年第四批高性能服务器租赁项目竞争性谈判公告.json,国泰海通证券,2026-04-13,采购招标,IT软硬件,基础算力与云存储,国泰海通证券2026年第四批高性能服务器租赁项目,公开招标,租赁,租赁若干台高性能服务器，实施地点为上海,,,,2026-04-23 14:00,,,
notices,2026-04-13_b64b4fa6_国泰海通证券2026年中期策略会酒店采购项目询价公告.md,d98bd47a8ec27583240e0b18a735fb5a3e48bdec,2026-07-02T00:19:53.734225+00:00,D:\broker-announcement-system-demo\backend\data\raw_json\2026-04-13_b64b4fa6_国泰海通证券2026年中期策略会酒店采购项目询价公告.json,国泰海通证券,2026-04-13,采购招标,其他,行政与办公后勤,国泰海通证券2026年中期策略会酒店采购项目,公开招标,服务订阅,采购1家供应商提供2026年中期策略会酒店服务,,,,2026-04-20 15:00,,,
notices,2026-04-14_7f25a542_中信建投证券2026年核心网络设备维保服务采购项目（包3其他品牌）招标公告.md,066b6f904d1b6db3ca3228d9aaf1655c86812f1a,2026-07-02T00:19:53.734225+00:00,D:\broker-announcement-system-demo\backend\data\raw_json\2026-04-14_7f25a542_中信建投证券2026年核心网络设备维保服务采购项目（包3其他品牌）招标公告.json,中信建投证券,2026-04-14,采购招标,IT软硬件,IT运维与外包,中信建投证券2026年核心网络设备维保服务采购项目（包3其他品牌）,公开招标,维保,采购华为、H3C、锐捷、深信服等品牌网络设备维保服务及深信服安全驻场服务,,,,2026-05-07 10:00,,,
notices,2026-04-14_80f836ef_中信建投证券2026-2029年网厅系统建设项目竞争性磋商公告.md,1689c7aa82e657a904925ca4e4947b166eefb744,2026-07-02T00:19:53.736220+00:00,D:\broker-announcement-system-demo\backend\data\raw_json\2026-04-14_80f836ef_中信建投证券2026-2029年网厅系统建设项目竞争性磋商公告.json,中信建投证券,2026-04-14,采购招标,IT软硬件,业务系统与软件,中信建投证券2026-2029年网厅系统建设项目,竞争性磋商,新购,选聘1家供应商提供网厅系统建设服务，服务期三年,,,,2026-04-28 10:00,36,,
notices,2026-04-14_9c2e73ba_国泰海通证券金融科技园南区节能改造BA系统硬件升级采购项目竞争性磋商公告.md,a2e3aa6f30bf440b41ea6fdb159cdad5c74f38d3,2026-07-02T00:19:53.738213+00:00,D:\broker-announcement-system-demo\backend\data\raw_json\2026-04-14_9c2e73ba_国泰海通证券金融科技园南区节能改造BA系统硬件升级采购项目竞争性磋商公告.json,国泰海通证券,2026-04-14,采购招标,IT软硬件,业务系统与软件,国泰海通证券金融科技园南区节能改造BA系统硬件升级采购项目,公开招标,升级改造,采购BA系统控制器、阀控柜、传感器、定制网关等硬件设备及安装调试、系统集成服务,,,,2026-04-27 14:00,,,
notices,2026-04-14_dcaee982_中信建投证券2026年核心网络设备维保服务采购项目（包1思科）招标公告.md,ab179060255df6138763256569aeb489953c1fe8,2026-07-02T00:19:53.738213+00:00,D:\broker-announcement-system-demo\backend\data\raw_json\2026-04-14_dcaee982_中信建投证券2026年核心网络设备维保服务采购项目（包1思科）招标公告.json,中信建投证券,2026-04-14,采购招标,IT软硬件,IT运维与外包,中信建投证券2026年核心网络设备维保服务采购项目（包1思科）,公开招标,维保,采购思科核心网络设备维保服务，服务期1年,,,,2026-05-07 10:00,12,,
notices,2026-04-14_fff172fb_中信建投证券2026年核心网络设备维保服务采购项目（包2F5）招标公告.md,5a498d91b89cf0cedfda1c9a3c183b2e485adfd2,2026-07-02T00:19:53.738213+00:00,D:\broker-announcement-system-demo\backend\data\raw_json\2026-04-14_fff172fb_中信建投证券2026年核心网络设备维保服务采购项目（包2F5）招标公告.json,中信建投证券,2026-04-14,采购招标,IT软硬件,IT运维与外包,中信建投证券2026年核心网络设备维保服务采购项目（包2F5）,公开招标,维保,采购F5网络设备维保服务,,,,2026-05-07 10:00,,,
notices,2026-04-15_151d36c0_中信建投证券防火墙采购项目（包3互联网防火墙）招标公告.md,f42a7bf46bf32b32772700a5a1a26725125a8630,2026-07-02T00:19:53.740208+00:00,D:\broker-announcement-system-demo\backend\data\raw_json\2026-04-15_151d36c0_中信建投证券防火墙采购项目（包3互联网防火墙）招标公告.json,中信建投证券,2026-04-15,采购招标,IT软硬件,网络与信息安全,中信建投证券防火墙采购项目（包3互联网防火墙）,公开招标,新购,采购数据中心互联网防火墙，具体要求详见技术规范书。,,,,2026-05-06 09:30,,,
notices,2026-04-15_29cf819c_中信建投证券2026年天擎软件授权维保采购项目谈判公告.md,0582773d83c6418b57c781d49c9ac3c13ff05dfd,2026-07-02T00:19:53.741206+00:00,D:\broker-announcement-system-demo\backend\data\raw_json\2026-04-15_29cf819c_中信建投证券2026年天擎软件授权维保采购项目谈判公告.json,中信建投证券,2026-04-15,采购招标,IT软硬件,IT运维与外包,中信建投证券2026年天擎软件授权维保采购项目,竞争性谈判,维保,采购天擎软件授权维保服务,,,,2026-04-23 15:00,,,
notices,2026-04-15_31039c3f_中信建投证券EMC存储设备原厂维保采购项目谈判公告.md,1387f379629d096a473f6cd6bf5202190a375a24,2026-07-02T00:19:53.749184+00:00,D:\broker-announcement-system-demo\backend\data\raw_json\2026-04-15_31039c3f_中信建投证券EMC存储设备原厂维保采购项目谈判公告.json,中信建投证券,2026-04-15,采购招标,IT软硬件,IT运维与外包,中信建投证券EMC存储设备原厂维保采购项目,竞争性谈判,维保,采购EMC存储设备原厂维保服务,,,,2026-04-23 09:00,,,
notices,2026-04-15_64d9669c_中信建投证券防火墙采购项目（包1数据中心内网防火墙）招标公告.md,6a7303e2c7736bc6f9dc57d548947f1b531ab866,2026-07-02T00:19:53.749848+00:00,D:\broker-announcement-system-demo\backend\data\raw_json\2026-04-15_64d9669c_中信建投证券防火墙采购项目（包1数据中心内网防火墙）招标公告.json,中信建投证券,2026-04-15,采购招标,IT软硬件,网络与信息安全,中信建投证券防火墙采购项目（包1数据中心内网防火墙）,公开招标,新购,采购数据中心内网防火墙，具体要求详见技术规范书。,,,,2026-05-06 09:30,,,
notices,2026-04-15_7276a588_中信建投证券2026年-2029年开发安全工具及维保服务采购项目谈判公告.md,7ec79a4529709bb182fe97b34dea2bef83ca0831,2026-07-02T00:19:53.749848+00:00,D:\broker-announcement-system-demo\backend\data\raw_json\2026-04-15_7276a588_中信建投证券2026年-2029年开发安全工具及维保服务采购项目谈判公告.json,中信建投证券,2026-04-15,采购招标,IT软硬件,网络与信息安全,中信建投证券2026年-2029年开发安全工具及维保服务采购项目,竞争性谈判,新购,采购开发安全工具及维保服务，服务期3年,,,,2026-04-23 09:00,36,,
notices,2026-04-15_85b5787b_中信建投证券深信服原厂驻场维护服务采购项目竞争性谈判公告.md,5ce42e2a6db70e8642b44c56170dd05664934a87,2026-07-02T00:19:53.751355+00:00,D:\broker-announcement-system-demo\backend\data\raw_json\2026-04-15_85b5787b_中信建投证券深信服原厂驻场维护服务采购项目竞争性谈判公告.json,中信建投证券,2026-04-15,采购招标,IT软硬件,IT运维与外包,中信建投证券深信服原厂驻场维护服务采购项目,竞争性谈判,维保,采购深信服原厂驻场维护服务，具体要求详见技术规范书。,,,,2026-04-23 09:00,,,
notices,2026-04-15_896ec47f_光大证券股份有限公司华南IDC机房-机柜租赁_2026_托管项目单一来源公示.md,ac48941c11f3b53b401ea6f1aa634df5949aa13d,2026-07-02T00:19:53.751355+00:00,D:\broker-announcement-system-demo\backend\data\raw_json\2026-04-15_896ec47f_光大证券股份有限公司华南IDC机房-机柜租赁_2026_托管项目单一来源公示.json,光大证券,2026-04-15,结果公示,IT软硬件,基础算力与云存储,华南IDC机房-机柜租赁_2026_托管,单一来源,续采续约,续签华南IDC机房15个机柜租赁服务，确保机房持续稳定运行,,,,,,,深圳市宝腾互联科技有限公司
notices,2026-04-15_b938c021_中信建投证券防火墙采购项目（包2园区内网防火墙）招标公告.md,9c9a13875bb2bcda351bb251f242913ff1f9295f,2026-07-02T00:19:53.754344+00:00,D:\broker-announcement-system-demo\backend\data\raw_json\2026-04-15_b938c021_中信建投证券防火墙采购项目（包2园区内网防火墙）招标公告.json,中信建投证券,2026-04-15,采购招标,IT软硬件,网络与信息安全,中信建投证券防火墙采购项目（包2园区内网防火墙）,公开招标,新购,采购园区内网防火墙，具体要求详见技术规范书。,,,,2026-05-06 09:30,,,
notices,2026-04-15_c7ae91f3_中信建投证券2026信创存储设备扩容采购项目谈判公告.md,9d2d046f256ed2dfa932b95d0b0999fd790615c9,2026-07-02T00:19:53.755342+00:00,D:\broker-announcement-system-demo\backend\data\raw_json\2026-04-15_c7ae91f3_中信建投证券2026信创存储设备扩容采购项目谈判公告.json,中信建投证券,2026-04-15,采购招标,IT软硬件,基础算力与云存储,中信建投证券2026信创存储设备扩容采购项目,竞争性谈判,扩容,采购宏杉品牌存储设备扩容，具体规格详见技术规范书。,,,,2026-04-23 09:00,,,
notices,2026-04-16_0c45891e_国泰海通证券总部博华广场食堂家具采购项目询价公告.md,eb1df3fb4592b1dcdaff771cffddf6803f2e432d,2026-07-02T00:19:53.754344+00:00,D:\broker-announcement-system-demo\backend\data\raw_json\2026-04-16_0c45891e_国泰海通证券总部博华广场食堂家具采购项目询价公告.json,国泰海通证券,2026-04-16,采购招标,其他,行政与办公后勤,国泰海通证券总部博华广场食堂家具采购项目,公开招标,新购,采购1家供应商提供公司食堂家具,,,,2026-04-23 17:00,,,
notices,2026-04-16_19d3c924_国新证券恒华机房搬迁相关基础资源采购项目-信创虚拟化软件许可询比采购公告.md,530812a1b96757adb39221453dd992cb62bad4ea,2026-07-02T00:19:53.756340+00:00,D:\broker-announcement-system-demo\backend\data\raw_json\2026-04-16_19d3c924_国新证券恒华机房搬迁相关基础资源采购项目-信创虚拟化软件许可询比采购公告.json,国新证券,2026-04-16,采购招标,IT软硬件,基础算力与云存储,国新证券恒华机房搬迁相关基础资源采购项目-信创虚拟化软件许可,其他,新购,采购15套信创虚拟化软件许可，用于机房搬迁项目,,630000,,2026-04-28 10:00,,,
notices,2026-04-16_23d978ff_中信建投证券威胁情报服务采购项目磋商公告.md,87af0d39be2d238632cb645a29d43dd9b8e96016,2026-07-02T00:19:53.756340+00:00,D:\broker-announcement-system-demo\backend\data\raw_json\2026-04-16_23d978ff_中信建投证券威胁情报服务采购项目磋商公告.json,中信建投证券,2026-04-16,采购招标,IT软硬件,网络与信息安全,中信建投证券威胁情报服务采购项目,竞争性磋商,服务订阅,采购三家威胁情报订阅服务，用于网络安全防护。,,,,2026-04-24 09:00,,,
notices,2026-04-16_4b86ed54_光大证券股份有限公司2026年度工会消费券项目招标公告.md,713bcb4298ab6484158e5b48a128f1fb9be6ddf1,2026-07-02T00:19:53.758336+00:00,D:\broker-announcement-system-demo\backend\data\raw_json\2026-04-16_4b86ed54_光大证券股份有限公司2026年度工会消费券项目招标公告.json,光大证券,2026-04-16,采购招标,其他,其他未分类,光大证券股份有限公司2026年度工会消费券项目,公开招标,服务订阅,采购工会会员日用消费品线上兑换平台服务，预计约3280人，标准2000元/人，总金额不超过656万元。,6560000,,,2026-05-12 09:00,7,,
notices,2026-04-16_4c9f240e_中信建投证券防火墙采购项目（包2园区内网防火墙）公告.md,12aaa1bfd48499aeb4a2f8cbb1df788156f7cc98,2026-07-02T00:19:53.758336+00:00,D:\broker-announcement-system-demo\backend\data\raw_json\2026-04-16_4c9f240e_中信建投证券防火墙采购项目（包2园区内网防火墙）公告.json,中信建投证券,2026-04-16,采购招标,IT软硬件,网络与信息安全,中信建投证券防火墙采购项目（包2园区内网防火墙）,公开招标,新购,采购园区内网防火墙，具体要求详见技术规范书。,,,,2026-05-06 09:30,,,
notices,2026-04-16_53001c2f_国泰海通证券2026年投行底稿系统升级优化服务采购项目公告.md,467f710261130fbfa672525cbbfcf9bf753e435b,2026-07-02T00:19:53.760839+00:00,D:\broker-announcement-system-demo\backend\data\raw_json\2026-04-16_53001c2f_国泰海通证券2026年投行底稿系统升级优化服务采购项目公告.json,国泰海通证券,2026-04-16,采购招标,IT软硬件,业务系统与软件,国泰海通证券2026年投行底稿系统升级优化服务采购项目,询价,升级改造,采购投行底稿系统升级优化服务，实施地点为上海,,,,2026-04-23 17:00,,,
notices,2026-04-16_5eea737c_国新证券恒华机房搬迁相关基础资源采购项目-配件采购询比采购公告.md,8a317dfd1e95949aa242725715069d8210fad56d,2026-07-02T00:19:53.761836+00:00,D:\broker-announcement-system-demo\backend\data\raw_json\2026-04-16_5eea737c_国新证券恒华机房搬迁相关基础资源采购项目-配件采购询比采购公告.json,国新证券,2026-04-16,采购招标,IT软硬件,IT运维与外包,国新证券恒华机房搬迁相关基础资源采购项目-配件采购,其他,新购,采购网卡、网线和电源线等配件，用于机房搬迁项目,,847000,,2026-04-28 10:00,,,
notices,2026-04-16_7952b210_国新证券恒华机房搬迁相关基础资源采购项目-信创服务器询比采购公告.md,416c769115bf12ab005a94078eef574fc88c1745,2026-07-02T00:19:53.760839+00:00,D:\broker-announcement-system-demo\backend\data\raw_json\2026-04-16_7952b210_国新证券恒华机房搬迁相关基础资源采购项目-信创服务器询比采购公告.json,国新证券,2026-04-16,采购招标,IT软硬件,基础算力与云存储,国新证券恒华机房搬迁相关基础资源采购项目-信创服务器,其他,新购,采购15台信创服务器，用于机房搬迁项目,,5670000,,2026-04-28 10:00,,,
notices,2026-04-16_a5adfb0e_国新证券恒华机房搬迁相关基础资源采购项目-信创网络交换机询比采购公告.md,8383758d2ba38a441c58f52eae094ca799452dd6,2026-07-02T00:19:53.761836+00:00,D:\broker-announcement-system-demo\backend\data\raw_json\2026-04-16_a5adfb0e_国新证券恒华机房搬迁相关基础资源采购项目-信创网络交换机询比采购公告.json,国新证券,2026-04-16,采购招标,IT软硬件,网络与信息安全,国新证券恒华机房搬迁相关基础资源采购项目-信创网络交换机,其他,新购,采购62台信创网络交换机，用于机房搬迁项目,,1880000,,2026-04-28 10:00,,,
notices,2026-04-16_ca98cf93_国新证券恒华机房搬迁相关基础资源采购项目-存储硬盘扩容采购询比采购公告.md,622f6953077fa5ce5df5850c81cc47867c952a26,2026-07-02T00:19:53.762834+00:00,D:\broker-announcement-system-demo\backend\data\raw_json\2026-04-16_ca98cf93_国新证券恒华机房搬迁相关基础资源采购项目-存储硬盘扩容采购询比采购公告.json,国新证券,2026-04-16,采购招标,IT软硬件,基础算力与云存储,国新证券恒华机房搬迁相关基础资源采购项目-存储硬盘扩容采购,其他,扩容,采购存储硬盘扩容，用于恒华机房搬迁相关基础资源项目,,1650000,,2026-04-28 10:00,,,
notices,2026-04-16_db07301a_光大证券股份有限公司2026年度工会春秋游活动服务项目招标公告.md,8a7fd7cdc975031539359c539f6320037b8133c7,2026-07-02T00:19:53.764828+00:00,D:\broker-announcement-system-demo\backend\data\raw_json\2026-04-16_db07301a_光大证券股份有限公司2026年度工会春秋游活动服务项目招标公告.json,光大证券,2026-04-16,采购招标,其他,行政与办公后勤,光大证券股份有限公司2026年度工会春秋游活动服务项目,公开招标,服务订阅,采购工会春秋游活动服务，为约2900名会员提供交通、餐饮、门票等一体化服务，每人每年最多2次，入围3家供应商。,1740000,,,2026-05-13 09:00,8,,
notices,2026-04-16_f347a293_中信建投证券防火墙采购项目（包3互联网防火墙）公告.md,deec03905dca4c62aeda3dabab58276d69cbed71,2026-07-02T00:19:53.766823+00:00,D:\broker-announcement-system-demo\backend\data\raw_json\2026-04-16_f347a293_中信建投证券防火墙采购项目（包3互联网防火墙）公告.json,中信建投证券,2026-04-16,采购招标,IT软硬件,网络与信息安全,中信建投证券防火墙采购项目（包3互联网防火墙）,公开招标,新购,采购数据中心互联网防火墙，具体规格详见技术规范书。,,,,2026-05-06 09:30,,,
notices,2026-04-20_07828aa4_中信建投证券IPO项目券商律师服务采购项目磋商公告.md,45cd58207c88d74f25c12313194e1d5f6f608b2b,2026-07-02T00:19:53.767821+00:00,D:\broker-announcement-system-demo\backend\data\raw_json\2026-04-20_07828aa4_中信建投证券IPO项目券商律师服务采购项目磋商公告.json,中信建投证券,2026-04-20,采购招标,专业及金融服务,法律与合规服务,中信建投证券IPO项目券商律师服务采购项目,公开招标,服务订阅,采购IPO项目券商律师服务,,,,2026-04-28 09:00,,,
notices,2026-04-20_33a08120_中信建投证券IPO项目券商会计师服务采购项目磋商公告.md,febe674d7e80c98a7ab7124a02268fc3d0a3f5b4,2026-07-02T00:19:53.767821+00:00,D:\broker-announcement-system-demo\backend\data\raw_json\2026-04-20_33a08120_中信建投证券IPO项目券商会计师服务采购项目磋商公告.json,中信建投证券,2026-04-20,采购招标,专业及金融服务,审计与咨询服务,中信建投证券IPO项目券商会计师服务采购项目,公开招标,服务订阅,采购IPO项目券商会计师服务，协助完成A股IPO上市案例相关财务工作。,,,,2026-04-28 09:00,,,
notices,2026-04-20_5485416b_光大证券股份有限公司智能个性化推荐+信创_2025_新建项目（二次）招标公告.md,841646e4fd3f8ede687149e5a8d5377614cee0c0,2026-07-02T00:19:53.767821+00:00,D:\broker-announcement-system-demo\backend\data\raw_json\2026-04-20_5485416b_光大证券股份有限公司智能个性化推荐+信创_2025_新建项目（二次）招标公告.json,光大证券,2026-04-20,采购招标,IT软硬件,业务系统与软件,光大证券股份有限公司智能个性化推荐+信创_2025_新建项目（二次）,公开招标,新购,新建金阳光APP智能个性化推荐系统，整合客户数据提供精准推荐方案,,2000000,,2026-05-13 09:30,,365,
notices,2026-04-20_803f254f_光大证券股份有限公司专业工具软件第三批次信创2025新增项目（第二次）招标公告.md,f52b3c9e5c6aa6d86c2206b45432c3049ca01643,2026-07-02T00:19:53.769815+00:00,D:\broker-announcement-system-demo\backend\data\raw_json\2026-04-20_803f254f_光大证券股份有限公司专业工具软件第三批次信创2025新增项目（第二次）招标公告.json,光大证券,2026-04-20,采购招标,IT软硬件,业务系统与软件,光大证券股份有限公司专业工具软件第三批次信创2025新增项目,公开招标,新购,采购5套专业报表软件永久授权，用于新一代核心交易系统报表模块,,600000,,2026-05-14 09:30,,,
notices,2026-04-20_9813f1a3_国泰海通证券2026年低延时交换机采购项目竞争性谈判公告.md,61e00b097059730a99d3579a4c09d246085c83be,2026-07-02T00:19:53.770812+00:00,D:\broker-announcement-system-demo\backend\data\raw_json\2026-04-20_9813f1a3_国泰海通证券2026年低延时交换机采购项目竞争性谈判公告.json,国泰海通证券,2026-04-20,采购招标,IT软硬件,网络与信息安全,国泰海通证券2026年低延时交换机采购项目,公开招标,新购,采购若干台低延时交换机，用于上海地区部署,,,,2026-04-29 14:00,,,
notices,2026-04-20_aa406fa2_光大证券股份有限公司人力资源体系优化咨询项目招标公告.md,2c9ab34fbdfb7f2879f7b3ba8bc63db40394ce37,2026-07-02T00:19:53.770812+00:00,D:\broker-announcement-system-demo\backend\data\raw_json\2026-04-20_aa406fa2_光大证券股份有限公司人力资源体系优化咨询项目招标公告.json,光大证券,2026-04-20,采购招标,专业及金融服务,审计与咨询服务,光大证券股份有限公司人力资源体系优化咨询项目,公开招标,服务订阅,采购人力资源体系优化咨询服务，包括岗位编制、职级体系、工资总额管理等方案设计,,1250000,,2026-05-12 09:30,,,
notices,2026-04-21_6d966a0c_中信建投证券集中式信创存储设备采购项目磋商公告.md,580c2d7c764a0fa71ec0208c10dee9fb9e109ab0,2026-07-02T00:19:53.770812+00:00,D:\broker-announcement-system-demo\backend\data\raw_json\2026-04-21_6d966a0c_中信建投证券集中式信创存储设备采购项目磋商公告.json,中信建投证券,2026-04-21,采购招标,IT软硬件,基础算力与云存储,中信建投证券集中式信创存储设备采购项目,竞争性磋商,新购,采购集中式信创存储设备，具体规格详见技术规范书,,,,2026-05-07 09:30,,,
notices,2026-04-21_e22ef30d_光大证券股份有限公司郑州金水路营业部迁址装修工程公开招标公告.md,06fbe2ad70a50a534fd6050e35396ef049e5498d,2026-07-02T00:19:53.772806+00:00,D:\broker-announcement-system-demo\backend\data\raw_json\2026-04-21_e22ef30d_光大证券股份有限公司郑州金水路营业部迁址装修工程公开招标公告.json,光大证券,2026-04-21,采购招标,其他,工程装修与物业,光大证券股份有限公司郑州金水路营业部迁址装修工程,公开招标,其他,郑州金水路营业部迁址装修，建筑面积900㎡，含装饰及强电工程。,1595822.4,899663.94,,2026-05-13 09:30,,45,
notices,2026-04-21_ff84550a_国泰海通证券2026年上网行为审计系统与零信任控制系统采购项目竞争性磋商公告.md,950fbde8698ebffe6cb7e5a24fdefba8e5a1e7cd,2026-07-02T00:19:53.772806+00:00,D:\broker-announcement-system-demo\backend\data\raw_json\2026-04-21_ff84550a_国泰海通证券2026年上网行为审计系统与零信任控制系统采购项目竞争性磋商公告.json,国泰海通证券,2026-04-21,采购招标,IT软硬件,网络与信息安全,国泰海通证券2026年上网行为审计系统与零信任控制系统采购项目,公开招标,新购,采购深信服零信任访问控制系统软件（含500个接入授权）及上网行为审计系统（虚拟化版），含定制开发服务,,,,2026-05-11 13:30,,,
notices,2026-04-22_53b79b5d_中信建投证券北京总部办公网络驻场服务采购项目竞争性磋商公告.md,703df5d139db2861d70fa219775157c3612134ab,2026-07-02T00:19:53.772806+00:00,D:\broker-announcement-system-demo\backend\data\raw_json\2026-04-22_53b79b5d_中信建投证券北京总部办公网络驻场服务采购项目竞争性磋商公告.json,中信建投证券,2026-04-22,采购招标,IT软硬件,IT运维与外包,中信建投证券北京总部办公网络驻场服务采购项目,竞争性磋商,维保,采购北京总部办公网络驻场服务，要求供应商具备金融行业网络运维或设备维保服务案例。,,,,2026-05-08 10:00,,,
notices,2026-04-22_7caf277a_中山证券-济南世茂广场CMBS聘请律师事务所的采购项目招标公告.md,06c74c4fe0ed98c2c701b2b8fab593c57c333edf,2026-07-02T00:19:53.773804+00:00,D:\broker-announcement-system-demo\backend\data\raw_json\2026-04-22_7caf277a_中山证券-济南世茂广场CMBS聘请律师事务所的采购项目招标公告.json,中山证券,2026-04-22,采购招标,专业及金融服务,法律与合规服务,中山证券-济南世茂广场CMBS聘请律师事务所的采购项目,公开招标,服务订阅,为济南世茂广场CMBS项目聘请律师事务所提供法律服务,,,,2026-05-14 10:30,,,
notices,2026-04-22_8d04fc36_国泰海通证券金融科技园南区节能改造精密空调升级采购项目招标公告.md,46cc341865b7c90946629802b39eda9eb38215b0,2026-07-02T00:19:53.774801+00:00,D:\broker-announcement-system-demo\backend\data\raw_json\2026-04-22_8d04fc36_国泰海通证券金融科技园南区节能改造精密空调升级采购项目招标公告.json,国泰海通证券,2026-04-22,采购招标,其他,工程装修与物业,国泰海通证券金融科技园南区节能改造精密空调升级采购项目,公开招标,升级改造,升级改造金融科技园南区84台冷冻水精密空调及7台新风机等配套设施，含安装调试及旧设备拆除回收,,7250000,,2026-05-13 09:30,24,,
notices,2026-04-22_cb29e4df_光大证券股份有限公司投行电子函证管理系统+信创_2026_新建项目招标公告.md,de8d4ad162480e68c5b8f4eba4a48d8cecb0d462,2026-07-02T00:19:53.774801+00:00,D:\broker-announcement-system-demo\backend\data\raw_json\2026-04-22_cb29e4df_光大证券股份有限公司投行电子函证管理系统+信创_2026_新建项目招标公告.json,光大证券,2026-04-22,采购招标,IT软硬件,业务系统与软件,光大证券股份有限公司投行电子函证管理系统+信创_2026_新建项目,公开招标,新购,采购投行电子函证管理系统，实现函证全流程数字化及风险管控，含区块链技术应用。,,900000,,2026-05-15 13:30,,,
notices,2026-04-22_deb3d928_中信建投证券2026年ARM服务器采购项目（第一批）招标公告.md,fb9032f5802ccc1074beb428b61bc74d8920002a,2026-07-02T00:19:53.775798+00:00,D:\broker-announcement-system-demo\backend\data\raw_json\2026-04-22_deb3d928_中信建投证券2026年ARM服务器采购项目（第一批）招标公告.json,中信建投证券,2026-04-22,采购招标,IT软硬件,基础算力与云存储,中信建投证券2026年ARM服务器采购项目（第一批）,公开招标,新购,采购一批ARM服务器，具体数量及规格详见技术规范书。,,,,2026-04-30 09:30,,,
notices,2026-04-22_f9600276_中山证券-济南世茂广场CMBS聘请资产评估机构的采购项目招标公告.md,93be1598aeb87ea10da46a45365ef6945939d512,2026-07-02T00:19:53.775798+00:00,D:\broker-announcement-system-demo\backend\data\raw_json\2026-04-22_f9600276_中山证券-济南世茂广场CMBS聘请资产评估机构的采购项目招标公告.json,中山证券,2026-04-22,采购招标,专业及金融服务,审计与咨询服务,中山证券-济南世茂广场CMBS聘请资产评估机构的采购项目,公开招标,服务订阅,为济南世茂广场CMBS项目聘请资产评估机构，入围2家供应商,,,,2026-05-14 10:00,,,
notices,2026-04-23_3171bdcd_国泰海通证券2026年AI算力资源池采购项目采购公告.md,3217245785fdef54a397e1a53f71a6435f418ec7,2026-07-02T00:19:53.776796+00:00,D:\broker-announcement-system-demo\backend\data\raw_json\2026-04-23_3171bdcd_国泰海通证券2026年AI算力资源池采购项目采购公告.json,国泰海通证券,2026-04-23,采购招标,IT软硬件,基础算力与云存储,国泰海通证券2026年AI算力资源池采购项目,公开招标,新购,采购若干台AI算力服务器（GPU服务器），含安装调试及3年原厂维保服务,,,,2026-05-18 09:30,36,30,
notices,2026-04-23_3447ff1c_中信建投证券自动化攻击防护系统及维保服务采购项目谈判公告.md,80099621be5a99df6cec7ee13f0ce1e44a82a93c,2026-07-02T00:19:53.776796+00:00,D:\broker-announcement-system-demo\backend\data\raw_json\2026-04-23_3447ff1c_中信建投证券自动化攻击防护系统及维保服务采购项目谈判公告.json,中信建投证券,2026-04-23,采购招标,IT软硬件,网络与信息安全,中信建投证券自动化攻击防护系统及维保服务采购项目,竞争性谈判,新购,采购瑞数Botgate自动化攻击防护系统及维保服务,,,,2026-05-07 09:00,,,
notices,2026-04-23_477df5ba_国泰海通证券2026年存储及专用设备维保服务采购项目结果公告.md,b5e560b0a172111bf7c87e09314c77f19e22a3c4,2026-07-02T00:19:53.777793+00:00,D:\broker-announcement-system-demo\backend\data\raw_json\2026-04-23_477df5ba_国泰海通证券2026年存储及专用设备维保服务采购项目结果公告.json,国泰海通证券,2026-04-23,结果公示,IT软硬件,IT运维与外包,国泰海通证券2026年存储及专用设备维保服务采购项目,竞争性磋商,维保,采购存储及专用设备维保服务，服务期1年,,,1710000,,12,,荣联科技集团股份有限公司
notices,2026-04-23_add7ac4b_中信建投证券PC端自动化回归测试服务采购项目磋商公告.md,56ed85758dbc8bbcdeefcebe4295e893a56382b3,2026-07-02T00:19:53.778312+00:00,D:\broker-announcement-system-demo\backend\data\raw_json\2026-04-23_add7ac4b_中信建投证券PC端自动化回归测试服务采购项目磋商公告.json,中信建投证券,2026-04-23,采购招标,IT软硬件,IT运维与外包,中信建投证券PC端自动化回归测试服务采购项目,竞争性磋商,服务订阅,采购PC端自动化回归测试及柜台升级服务，服务期限三年。,,,,2026-05-27 09:30,36,,
notices,2026-04-23_ae9c77d6_国泰海通证券2026年科技园南区及南方机房低延时交换机采购项目询价公告.md,1037739615e1c98e81956589e6746a2679cdd50f,2026-07-02T00:19:53.780297+00:00,D:\broker-announcement-system-demo\backend\data\raw_json\2026-04-23_ae9c77d6_国泰海通证券2026年科技园南区及南方机房低延时交换机采购项目询价公告.json,国泰海通证券,2026-04-23,采购招标,IT软硬件,网络与信息安全,国泰海通证券2026年科技园南区及南方机房低延时交换机采购项目,公开招标,新购,采购低延时交换机若干，用于科技园南区及南方机房,,,,2026-04-30 17:00,,,
notices,2026-04-23_bdafd0c5_国泰海通证券新疆分公司装修施工采购项目竞争性磋商公告.md,c5d8126aef7efb624c4351dcab1b16183670d770,2026-07-02T00:19:53.783801+00:00,D:\broker-announcement-system-demo\backend\data\raw_json\2026-04-23_bdafd0c5_国泰海通证券新疆分公司装修施工采购项目竞争性磋商公告.json,国泰海通证券,2026-04-23,采购招标,其他,工程装修与物业,国泰海通证券新疆分公司装修施工采购项目,公开招标,升级改造,对乌鲁木齐市777.5㎡办公楼进行室内全屋装修改造，包含主体装修和强电施工改造。,,1726400.0,,2026-05-08 09:30,,90,
notices,2026-04-23_fe51aff7_中信建投证券2026-2029年数据库及信创专家驻场服务采购项目（第二次）竞争性磋商公告.md,52b96a6fc8342c65fb5a3da5b8b1678a2e393a46,2026-07-02T00:19:53.780297+00:00,D:\broker-announcement-system-demo\backend\data\raw_json\2026-04-23_fe51aff7_中信建投证券2026-2029年数据库及信创专家驻场服务采购项目（第二次）竞争性磋商公告.json,中信建投证券,2026-04-23,采购招标,IT软硬件,IT运维与外包,中信建投证券2026-2029年数据库及信创专家驻场服务采购项目（第二次）,公开招标,服务订阅,采购2026-2029年数据库及信创专家驻场服务，选聘1家供应商,,,,2026-05-08 09:30,36,,
notices,2026-04-24_1b7c2e0f_国泰海通证券2026年北区机房暖通系统设备维保服务采购项目竞争性磋商公告.md,daf25e7b19373556abb67325f3aa889dae4a32a2,2026-07-02T00:19:53.783288+00:00,D:\broker-announcement-system-demo\backend\data\raw_json\2026-04-24_1b7c2e0f_国泰海通证券2026年北区机房暖通系统设备维保服务采购项目竞争性磋商公告.json,国泰海通证券,2026-04-24,采购招标,IT软硬件,IT运维与外包,国泰海通证券2026年北区机房暖通系统设备维保服务采购项目,竞争性磋商,维保,采购北区机房暖通系统设备维保服务，服务期未明确，地点上海。,,,,2026-05-12 13:30,,,
notices,2026-04-24_4baf957c_光大证券股份有限公司深度兼容性测试服务+2026_资讯项目招标公告.md,8141d446b8dcd1dc9304ee7c3b4624da4f014637,2026-07-02T00:19:53.784797+00:00,D:\broker-announcement-system-demo\backend\data\raw_json\2026-04-24_4baf957c_光大证券股份有限公司深度兼容性测试服务+2026_资讯项目招标公告.json,光大证券,2026-04-24,采购招标,IT软硬件,IT运维与外包,光大证券股份有限公司深度兼容性测试服务+2026_资讯项目,公开招标,服务订阅,采购1家服务商提供深度兼容性测试服务，服务期一年,866600,866600,,2026-05-15 09:30,12,,
notices,2026-04-24_a6297849_国泰海通证券2026年集成测试环境及AI知识库配件扩容采购项目询价公告.md,9bad7a955f4abf130cb05c3c7b1140b1146800bf,2026-07-02T00:19:53.787787+00:00,D:\broker-announcement-system-demo\backend\data\raw_json\2026-04-24_a6297849_国泰海通证券2026年集成测试环境及AI知识库配件扩容采购项目询价公告.json,国泰海通证券,2026-04-24,采购招标,IT软硬件,基础算力与云存储,国泰海通证券2026年集成测试环境及AI知识库配件扩容采购项目,公开招标,扩容,采购一批服务器内存及硬盘配件，用于集成测试环境及AI知识库扩容,,,,2026-04-30 15:00,,,
notices,2026-04-24_b40b66cf_兴业证券上海办公场所前台及保洁外包服务采购项目供应商征集公告.md,03052f5e0ec6ed6f1b69894a42a105459d025b53,2026-07-02T00:19:53.787787+00:00,D:\broker-announcement-system-demo\backend\data\raw_json\2026-04-24_b40b66cf_兴业证券上海办公场所前台及保洁外包服务采购项目供应商征集公告.json,兴业证券,2026-04-24,采购招标,其他,行政与办公后勤,兴业证券上海办公场所前台及保洁外包服务采购项目,邀请招标,服务订阅,采购上海办公场所前台及保洁外包服务，含保洁耗材及设备，服务期未明确。,,,,2026-04-29 17:00,,,
notices,2026-04-24_efbce390_国泰海通证券2026年北区机房配电设备维保服务采购项目竞争性磋商公告.md,2a79e615b7a4c5e3583710896538482c2a8d1059,2026-07-02T00:19:53.788785+00:00,D:\broker-announcement-system-demo\backend\data\raw_json\2026-04-24_efbce390_国泰海通证券2026年北区机房配电设备维保服务采购项目竞争性磋商公告.json,国泰海通证券,2026-04-24,采购招标,IT软硬件,IT运维与外包,国泰海通证券2026年北区机房配电设备维保服务采购项目,竞争性磋商,维保,采购1家供应商提供北区机房配电设备维保服务，实施地点为上海。,,,,2026-05-11 13:30,,,
notices,2026-04-24_f26e5e09_太平养老2026年财汇数据、证券风险预警系统数据及大智慧资讯终端采购项目单一来源采购立项公示.md,adfb9baf653c02e6c3b547e5c3b14544bbff041e,2026-07-02T00:19:53.787787+00:00,D:\broker-announcement-system-demo\backend\data\raw_json\2026-04-24_f26e5e09_太平养老2026年财汇数据、证券风险预警系统数据及大智慧资讯终端采购项目单一来源采购立项公示.json,太平养老保险股份有限公司,2026-04-24,采购招标,专业及金融服务,营销与投研数据,太平养老2026年财汇数据、证券风险预警系统数据及大智慧资讯终端采购项目,单一来源,续采续约,续购财汇金融数据、证券风险预警系统数据一年期服务，并新购21个用户大智慧资讯终端账号一年期授权,,,,,12,,
notices,2026-04-27_2e57499f_国泰海通证券2026年桌面终端集中通讯安全维保采购项目公告.md,ae089e5144c87ea12e773cdaaa5d2d89df020a76,2026-07-02T00:19:53.789782+00:00,D:\broker-announcement-system-demo\backend\data\raw_json\2026-04-27_2e57499f_国泰海通证券2026年桌面终端集中通讯安全维保采购项目公告.json,国泰海通证券,2026-04-27,采购招标,IT软硬件,IT运维与外包,国泰海通证券2026年桌面终端集中通讯安全维保采购项目,竞争性磋商,维保,采购1家供应商提供桌面终端集中通讯安全维保服务，实施地点为上海,,,,2026-05-13 13:30,,,
notices,2026-04-27_998ec3df_国泰海通证券2026年中期策略会会务服务采购项目竞争性磋商公告.md,3948c3397ca9e3e1d3e11e5a9574ceb0fd7f85c9,2026-07-02T00:19:53.789782+00:00,D:\broker-announcement-system-demo\backend\data\raw_json\2026-04-27_998ec3df_国泰海通证券2026年中期策略会会务服务采购项目竞争性磋商公告.json,国泰海通证券,2026-04-27,采购招标,专业及金融服务,营销与投研数据,国泰海通证券2026年中期策略会会务服务采购项目,公开招标,服务订阅,采购1家会议服务供应商，提供会场搭建、会务服务等支持，实施地点为昆明。,,,,2026-05-11 13:30,,,
notices,2026-04-27_ab43fa20_光大证券重庆民权路营业部原址装修工程项目 公开招标公告.md,5bd4a851050a9f83c9c8c2dec9c24641d623e712,2026-07-02T00:19:53.790779+00:00,D:\broker-announcement-system-demo\backend\data\raw_json\2026-04-27_ab43fa20_光大证券重庆民权路营业部原址装修工程项目 公开招标公告.json,光大证券,2026-04-27,采购招标,其他,工程装修与物业,光大证券重庆民权路营业部原址装修工程项目,公开招标,升级改造,对重庆民权路营业部原址进行装修，建筑面积806㎡，包括强电工程等。,776127.58,,,2026-05-21 09:30,,60,
notices,2026-04-27_e6b786d6_国泰海通证券2026年第一期GEO服务商框架协议采购项目竞争性磋商公告.md,4a8fb6fe62ec75e57909290a362e6ce9a67fe911,2026-07-02T00:19:53.791777+00:00,D:\broker-announcement-system-demo\backend\data\raw_json\2026-04-27_e6b786d6_国泰海通证券2026年第一期GEO服务商框架协议采购项目竞争性磋商公告.json,国泰海通证券,2026-04-27,采购招标,IT软硬件,业务系统与软件,国泰海通证券2026年第一期GEO服务商框架协议采购项目,公开招标,服务订阅,采购2家入围供应商提供GEO（生成式引擎优化）技术实施服务,,,,2026-05-11 13:30,,,
notices,2026-04-28_17cc3903_光大证券股份有限公司本部、光大期货2023-2026年度信息技术管理全面审计项目招标公告.md,9da6213747adbdc560fa536cc4208357df2a88d3,2026-07-02T00:19:53.792774+00:00,D:\broker-announcement-system-demo\backend\data\raw_json\2026-04-28_17cc3903_光大证券股份有限公司本部、光大期货2023-2026年度信息技术管理全面审计项目招标公告.json,光大证券,2026-04-28,采购招标,专业及金融服务,审计与咨询服务,光大证券股份有限公司本部、光大期货2023-2026年度信息技术管理全面审计项目,公开招标,服务订阅,采购信息技术管理全面审计服务，覆盖光大证券本部及光大期货2023-2026年度,,562500,,2026-05-19 09:30,,,
notices,2026-04-28_9432595f_中信建投证券新一代财务总账系统采购项目竞争性磋商公告.md,26084d759c01b1410ae87064998ab1f2f02817ce,2026-07-02T00:19:53.793772+00:00,D:\broker-announcement-system-demo\backend\data\raw_json\2026-04-28_9432595f_中信建投证券新一代财务总账系统采购项目竞争性磋商公告.json,中信建投证券,2026-04-28,采购招标,IT软硬件,业务系统与软件,中信建投证券新一代财务总账系统采购项目,竞争性磋商,新购,采购1套新一代财务总账系统，用于财务核算与管理,,,,2026-05-14 09:30,,,
notices,2026-04-28_9e80f1eb_国泰海通证券2026年第五批高性能服务器租赁项目竞争性谈判公告.md,3f5798945cf770402e00a11cba1fc7c367447d66,2026-07-02T00:19:53.793772+00:00,D:\broker-announcement-system-demo\backend\data\raw_json\2026-04-28_9e80f1eb_国泰海通证券2026年第五批高性能服务器租赁项目竞争性谈判公告.json,国泰海通证券,2026-04-28,采购招标,IT软硬件,基础算力与云存储,国泰海通证券2026年第五批高性能服务器租赁项目,公开招标,租赁,租赁若干台高性能服务器，实施地点为上海,,,,2026-05-14 14:00,,,
notices,2026-04-28_ae659ed7_国泰海通证券2026年科技园南区及南方机房低延时防火墙采购项目竞争性磋商公告.md,5159be0fda94b4df53b19bbe55d125e70229d7e6,2026-07-02T00:19:53.794769+00:00,D:\broker-announcement-system-demo\backend\data\raw_json\2026-04-28_ae659ed7_国泰海通证券2026年科技园南区及南方机房低延时防火墙采购项目竞争性磋商公告.json,国泰海通证券,2026-04-28,采购招标,IT软硬件,网络与信息安全,国泰海通证券2026年科技园南区及南方机房低延时防火墙采购项目,竞争性磋商,新购,采购1家供应商提供低延时防火墙，用于科技园南区及南方机房,,,,2026-05-14 13:30,,,
notices,2026-04-28_b4f952e5_申万宏源证券有限公司2026年整体渗透测试服务采购招标公告.md,06304a0bb52a27ebcb1b048b709ab070fea7ebe3,2026-07-02T00:19:53.803746+00:00,D:\broker-announcement-system-demo\backend\data\raw_json\2026-04-28_b4f952e5_申万宏源证券有限公司2026年整体渗透测试服务采购招标公告.json,申万宏源证券有限公司,2026-04-28,采购招标,IT软硬件,网络与信息安全,申万宏源证券有限公司2026年整体渗透测试服务采购,公开招标,服务订阅,采购整体渗透测试服务，为申万宏源证券及13家子公司提供2轮渗透测试（每半年一轮）。,,,,2026-05-19 14:30,24,,
notices,2026-04-28_c7cd02dc_光大证券股份有限公司TIP威胁情报中心_2026_维保项目招标公告.md,5d792cd8b47d41c6a86785808d00572740f75a4c,2026-07-02T00:19:53.804742+00:00,D:\broker-announcement-system-demo\backend\data\raw_json\2026-04-28_c7cd02dc_光大证券股份有限公司TIP威胁情报中心_2026_维保项目招标公告.json,光大证券,2026-04-28,采购招标,IT软硬件,网络与信息安全,光大证券股份有限公司TIP威胁情报中心_2026_维保项目,公开招标,维保,采购北京微步在线威胁情报平台的本地情报订阅与维护支持服务，服务期3年,,770000,,2026-05-21 09:00,36,,
notices,2026-04-28_d4ecc7e2_国泰海通证券2026年金桥数据中心量化服务器搬迁配套线缆采购项目询价公告.md,0621684ae56a7b3fba52d94fa715eb7b7c0b61b0,2026-07-02T00:19:53.804742+00:00,D:\broker-announcement-system-demo\backend\data\raw_json\2026-04-28_d4ecc7e2_国泰海通证券2026年金桥数据中心量化服务器搬迁配套线缆采购项目询价公告.json,国泰海通证券,2026-04-28,采购招标,IT软硬件,IT运维与外包,国泰海通证券2026年金桥数据中心量化服务器搬迁配套线缆采购项目,公开招标,其他,采购1家供应商提供服务器搬迁配套线缆供货服务,,,,2026-05-11 17:00,,,
notices,2026-04-29_312fbdcb_中信建投证券GPU资源管理平台授权扩容采购项目竞争性谈判公告.md,cae5f93703539537c9f996c4cccb3259c919bef9,2026-07-02T00:19:53.808732+00:00,D:\broker-announcement-system-demo\backend\data\raw_json\2026-04-29_312fbdcb_中信建投证券GPU资源管理平台授权扩容采购项目竞争性谈判公告.json,中信建投证券,2026-04-29,采购招标,IT软硬件,业务系统与软件,中信建投证券GPU资源管理平台授权扩容采购项目,竞争性谈判,扩容,采购OrionX GPU池化软件授权，用于GPU资源管理平台授权扩容。,,,,2026-05-12 09:30,,,
notices,2026-04-29_528f62a4_国泰海通证券上海分公司2026年全辖保洁服务框架协议采购项目采购公告.md,44dfaf15d93b79bfd5dc476db764c37b5f259953,2026-07-02T00:19:53.806737+00:00,D:\broker-announcement-system-demo\backend\data\raw_json\2026-04-29_528f62a4_国泰海通证券上海分公司2026年全辖保洁服务框架协议采购项目采购公告.json,国泰海通证券,2026-04-29,采购招标,其他,行政与办公后勤,国泰海通证券上海分公司2026年全辖保洁服务框架协议采购项目,公开招标,服务订阅,采购上海分公司及辖内营业部保洁服务，框架协议期至2029年6月30日，拟入围3家供应商,,,,2026-05-21 09:30,38,,
notices,2026-04-29_660b5f56_中银国际证券股份有限公司一体化财务共享系统建设项目竞争性磋商公告.md,6b04ebd5e9973a534a6da4347a67ead2fbc1a746,2026-07-02T00:19:53.808732+00:00,D:\broker-announcement-system-demo\backend\data\raw_json\2026-04-29_660b5f56_中银国际证券股份有限公司一体化财务共享系统建设项目竞争性磋商公告.json,中银国际证券,2026-04-29,采购招标,IT软硬件,业务系统与软件,中银国际证券股份有限公司一体化财务共享系统建设项目,竞争性磋商,新购,采购一体化财务共享系统，用于优化财务管理模式，支持分支机构集约运营,,,,2026-05-18 09:00,,,
notices,2026-04-29_66976d79_国泰海通证券浙江分公司杭州富春路营业部装修施工采购项目竞争性磋商公告.md,2f6487571d82fbae3d38bf7f15e470493a125b72,2026-07-02T00:19:53.806737+00:00,D:\broker-announcement-system-demo\backend\data\raw_json\2026-04-29_66976d79_国泰海通证券浙江分公司杭州富春路营业部装修施工采购项目竞争性磋商公告.json,国泰海通证券,2026-04-29,采购招标,其他,工程装修与物业,国泰海通证券浙江分公司杭州富春路营业部装修施工采购项目,竞争性磋商,其他,杭州富春路营业部装修施工，建筑面积约1419.6㎡，包括主体装修和强电施工，工期60天。,,1960000,,2026-05-15 13:00,,60,
notices,2026-04-29_6f425ccc_国泰海通证券上海分公司2026年全辖保安服务框架协议采购项目采购公告.md,2afe0efd9f719db79eafa893e3ab7cd649669e94,2026-07-02T00:19:53.808732+00:00,D:\broker-announcement-system-demo\backend\data\raw_json\2026-04-29_6f425ccc_国泰海通证券上海分公司2026年全辖保安服务框架协议采购项目采购公告.json,国泰海通证券,2026-04-29,采购招标,其他,行政与办公后勤,国泰海通证券上海分公司2026年全辖保安服务框架协议采购项目,公开招标,服务订阅,采购上海分公司全辖营业部保安服务，框架协议服务期至2029年6月30日,,,,2026-05-21 09:30,38,,
notices,2026-04-29_7734d9a1_中信建投证券服务器采购项目（第三批）竞争性谈判公告.md,d117f00868bf9ae62b3681c97a022632c5eab52c,2026-07-02T00:19:53.810726+00:00,D:\broker-announcement-system-demo\backend\data\raw_json\2026-04-29_7734d9a1_中信建投证券服务器采购项目（第三批）竞争性谈判公告.json,中信建投证券,2026-04-29,采购招标,IT软硬件,基础算力与云存储,中信建投证券服务器采购项目（第三批）,竞争性谈判,新购,采购非信创服务器，具体规格详见技术规范书。,,,,2026-05-13 09:30,,,
notices,2026-04-29_831fdfe7_国泰海通证券2026-2028年南北区机房动力基础设施运维驻场服务采购项目招标公告.md,0779b65ee4bc2f21af2ee37372a397bac7220a3f,2026-07-02T00:19:53.812720+00:00,D:\broker-announcement-system-demo\backend\data\raw_json\2026-04-29_831fdfe7_国泰海通证券2026-2028年南北区机房动力基础设施运维驻场服务采购项目招标公告.json,国泰海通证券,2026-04-29,采购招标,IT软硬件,IT运维与外包,国泰海通证券2026-2028年南北区机房动力基础设施运维驻场服务采购项目,公开招标,维保,采购南、北区机房7*24小时动力基础设施运维驻场服务，包括机房动力、暖通系统日常监控和环境巡检。,17040000,17040000,,2026-05-26 09:30,36,,
notices,2026-04-30_ab0e5f61_国泰海通证券2026年算力服务框架协议采购项目竞争性磋商公告.md,c935e1ca923b3b81ed4cc7013765c0f61f8b255e,2026-07-02T00:19:53.810726+00:00,D:\broker-announcement-system-demo\backend\data\raw_json\2026-04-30_ab0e5f61_国泰海通证券2026年算力服务框架协议采购项目竞争性磋商公告.json,国泰海通证券,2026-04-30,采购招标,IT软硬件,基础算力与云存储,国泰海通证券2026年算力服务框架协议采购项目,公开招标,服务订阅,采购算力服务，拟入围最多5家供应商，服务地点上海,,,,2026-05-18 13:30,,,
notices,2026-04-30_bb97570e_上海国际招标有限公司关于国泰海通证券 2026 年金融科技园南区厨房设备采购项目的招标公告.md,c3ebb0bc60b86bdd0b24eac3388ac6e01caf1434,2026-07-02T00:19:53.813720+00:00,D:\broker-announcement-system-demo\backend\data\raw_json\2026-04-30_bb97570e_上海国际招标有限公司关于国泰海通证券 2026 年金融科技园南区厨房设备采购项目的招标公告.json,国泰海通证券,2026-04-30,采购招标,其他,行政与办公后勤,国泰海通证券2026年金融科技园南区厨房设备采购项目,公开招标,新购,采购金融科技园南区厨房设备，含运输、安装调试及质保服务,,4250000,,2026-05-21 09:30,,,
notices,2026-04-30_bca4606a_中信建投证券2026年等级保护测评服务采购项目竞争性磋商公告.md,253f0fd8e0011b2b2c643214c38c90b5b5b94fbe,2026-07-02T00:19:53.812720+00:00,D:\broker-announcement-system-demo\backend\data\raw_json\2026-04-30_bca4606a_中信建投证券2026年等级保护测评服务采购项目竞争性磋商公告.json,中信建投证券,2026-04-30,采购招标,IT软硬件,网络与信息安全,中信建投证券2026年等级保护测评服务采购项目,竞争性磋商,服务订阅,选聘1家供应商提供等保测评服务，服务期一年,,,,2026-05-22 10:00,12,,
notices,2026-04-30_efbec7f5_中信建投证券2026年-2028年信息安全服务采购项目招标公告.md,efa6ce13fd33b1d6721be46164b9e5ced0a2f3af,2026-07-02T00:19:53.813720+00:00,D:\broker-announcement-system-demo\backend\data\raw_json\2026-04-30_efbec7f5_中信建投证券2026年-2028年信息安全服务采购项目招标公告.json,中信建投证券,2026-04-30,采购招标,IT软硬件,网络与信息安全,中信建投证券2026年-2028年信息安全服务采购项目,公开招标,服务订阅,采购安全渗透测试及代码审计服务，服务期2年,,,,2026-05-21 09:30,24,,
notices,2026-04-30_fd5b5212_中国中金财富证券有限公司管理和通用能力线下课程采购项目招标公告.md,9b8ee314a58b66b9acba553a5543f71f09e72fe8,2026-07-02T00:19:53.815714+00:00,D:\broker-announcement-system-demo\backend\data\raw_json\2026-04-30_fd5b5212_中国中金财富证券有限公司管理和通用能力线下课程采购项目招标公告.json,中国中金财富证券有限公司,2026-04-30,采购招标,专业及金融服务,人力与外包服务,中国中金财富证券有限公司管理和通用能力线下课程采购项目,公开招标,服务订阅,采购外部管理能力及通用能力线下课程，服务期2年，预算740万元。,7400000,,,2026-05-26 09:30,24,,
notices,2026-05-06_2279eedb_国新证券OEM版APP安全检测认证服务询比采购公告.md,9819818c55be4010e7a4b8442d983fa77e6ac560,2026-07-02T00:19:53.816710+00:00,D:\broker-announcement-system-demo\backend\data\raw_json\2026-05-06_2279eedb_国新证券OEM版APP安全检测认证服务询比采购公告.json,国新证券,2026-05-06,采购招标,IT软硬件,网络与信息安全,国新证券OEM版APP安全检测认证服务,询价采购,服务订阅,采购国新证券OEM版APP的安全检测认证服务，服务期三年。,,436000,,2026-05-14 09:30,36,,
notices,2026-05-06_3ba07ecd_财信证券APP--华为应用市场付费推广采购项目采购公告.md,a9ee6719226796a524cf945d50404e87cfab7e17,2026-07-02T00:19:53.817708+00:00,D:\broker-announcement-system-demo\backend\data\raw_json\2026-05-06_3ba07ecd_财信证券APP--华为应用市场付费推广采购项目采购公告.json,财信证券,2026-05-06,采购招标,专业及金融服务,营销与投研数据,财信证券APP--华为应用市场付费推广采购项目,竞争性磋商,服务订阅,采购华为应用市场付费推广广告服务，包含关键词竞价，服务期1年。,840000,,,2026-05-27 09:30,12,,
notices,2026-05-07_f06d1ee3_国泰海通证券2026年第六批高性能服务器租赁项目竞争性谈判公告.md,f5aa7f91f62aeffcba1e0aed310034040052ca4a,2026-07-02T00:19:53.817708+00:00,D:\broker-announcement-system-demo\backend\data\raw_json\2026-05-07_f06d1ee3_国泰海通证券2026年第六批高性能服务器租赁项目竞争性谈判公告.json,国泰海通证券,2026-05-07,采购招标,IT软硬件,基础算力与云存储,国泰海通证券2026年第六批高性能服务器租赁项目,公开招标,租赁,租赁若干台高性能服务器，实施地点为上海,,,,2026-05-20 14:00,,,
notices,2026-05-08_0d72dfd2_国新证券恒华机房搬迁相关基础资源采购项目-信创服务器（二次）询比采购公告.md,ea8c789227a2a331927446b247d25ed89b486d6e,2026-07-02T00:19:53.819702+00:00,D:\broker-announcement-system-demo\backend\data\raw_json\2026-05-08_0d72dfd2_国新证券恒华机房搬迁相关基础资源采购项目-信创服务器（二次）询比采购公告.json,国新证券,2026-05-08,采购招标,IT软硬件,基础算力与云存储,国新证券恒华机房搬迁相关基础资源采购项目-信创服务器（二次）,其他,新购,采购15台信创服务器，用于机房搬迁项目,,5670000,,2026-05-21 10:00,,,
notices,2026-05-08_174850e6_中信建投证券自动化攻击防护系统及维保服务采购项目（第二次） 谈判公告.md,0233a524f7a2c1eaef94028f45bd6a00ecf7e3df,2026-07-02T00:19:53.821697+00:00,D:\broker-announcement-system-demo\backend\data\raw_json\2026-05-08_174850e6_中信建投证券自动化攻击防护系统及维保服务采购项目（第二次） 谈判公告.json,中信建投证券,2026-05-08,采购招标,IT软硬件,网络与信息安全,中信建投证券自动化攻击防护系统及维保服务采购项目（第二次）,竞争性谈判,新购,采购瑞数Botgate自动化攻击防护系统及维保服务,,,,2026-05-18 09:00,,,
notices,2026-05-08_5b1f40fb_国新证券恒华机房搬迁相关基础资源采购项目-4台SAN交换机租赁询比采购公告.md,eda8168e94d3afee281cde32a202d9231acd8d2c,2026-07-02T00:19:53.823691+00:00,D:\broker-announcement-system-demo\backend\data\raw_json\2026-05-08_5b1f40fb_国新证券恒华机房搬迁相关基础资源采购项目-4台SAN交换机租赁询比采购公告.json,国新证券,2026-05-08,采购招标,IT软硬件,基础算力与云存储,国新证券恒华机房搬迁相关基础资源采购项目-4台SAN交换机租赁,其他,租赁,租赁4台SAN交换机，用于恒华机房搬迁项目,,1320000,,2026-05-21 10:00,,,
notices,2026-05-08_8d2f5670_国新证券恒华机房搬迁相关基础资源采购项目-配件采购（二次）.md,3560f30b0285e594817718938bcb390d0d016dfc,2026-07-02T00:19:53.822694+00:00,D:\broker-announcement-system-demo\backend\data\raw_json\2026-05-08_8d2f5670_国新证券恒华机房搬迁相关基础资源采购项目-配件采购（二次）.json,国新证券,2026-05-08,采购招标,IT软硬件,基础算力与云存储,国新证券恒华机房搬迁相关基础资源采购项目-配件采购（二次）,其他,新购,采购网卡、网线和电源线等机房搬迁配件,,847000,,2026-05-21 10:00,,,
notices,2026-05-08_ac8b5473_国泰海通证券2026年理财中台系统Web应用防火墙设备采购项目公告.md,1240982e2e351135230ab496a79df76c5f5b6028,2026-07-02T00:19:53.823691+00:00,D:\broker-announcement-system-demo\backend\data\raw_json\2026-05-08_ac8b5473_国泰海通证券2026年理财中台系统Web应用防火墙设备采购项目公告.json,国泰海通证券,2026-05-08,采购招标,IT软硬件,网络与信息安全,国泰海通证券2026年理财中台系统Web应用防火墙设备采购项目,竞争性磋商,新购,采购1家供应商提供Web应用防火墙设备，用于理财中台系统安全防护,,,,2026-05-21 13:30,,,
notices,2026-05-08_b4a25b5f_中信建投证券新一代核心交易系统数据库采购项目竞争性磋商公告.md,95148198ba839d21daa42a69ee885e7552ecbb0f,2026-07-02T00:19:53.827190+00:00,D:\broker-announcement-system-demo\backend\data\raw_json\2026-05-08_b4a25b5f_中信建投证券新一代核心交易系统数据库采购项目竞争性磋商公告.json,中信建投证券,2026-05-08,采购招标,IT软硬件,业务系统与软件,中信建投证券新一代核心交易系统数据库采购项目,竞争性磋商,新购,采购新一代核心交易系统所需的信创数据库，用于核心交易系统建设。,,,,2026-05-19 09:30,,,
notices,2026-05-08_fa5b6854_中信建投证券通用文档解析软件采购项目磋商公告.md,b2e53b84a945eb15ed7f95d14f3e80fb8185f393,2026-07-02T00:19:53.828188+00:00,D:\broker-announcement-system-demo\backend\data\raw_json\2026-05-08_fa5b6854_中信建投证券通用文档解析软件采购项目磋商公告.json,中信建投证券,2026-05-08,采购招标,IT软硬件,业务系统与软件,中信建投证券通用文档解析软件采购项目,竞争性磋商,新购,采购通用文档解析模块，支持表格、图片、印章、目录等文档元素的高精度识别。,,,,2026-05-22 13:30,,,
notices,2026-05-11_132762a0_中信建投证券公有云采购项目磋商公告.md,f171a3fdbd3c94edba0b6d88b238d29e8bffed7f,2026-07-02T00:19:53.828188+00:00,D:\broker-announcement-system-demo\backend\data\raw_json\2026-05-11_132762a0_中信建投证券公有云采购项目磋商公告.json,中信建投证券,2026-05-11,采购招标,IT软硬件,基础算力与云存储,中信建投证券公有云采购项目,竞争性磋商,服务订阅,采购公有云服务，服务期3年,,,,2026-05-20 09:30,36,,
notices,2026-05-11_317a236d_光大证券行业智算中心_2026_服务单一来源公示.md,90bf9ac5f22cdacf16ff41a158a177be91ecc4d4,2026-07-02T00:19:53.839188+00:00,D:\broker-announcement-system-demo\backend\data\raw_json\2026-05-11_317a236d_光大证券行业智算中心_2026_服务单一来源公示.json,光大证券,2026-05-11,结果公示,IT软硬件,基础算力与云存储,光大证券行业智算中心_2026_服务,单一来源,服务订阅,租用上交所行业智算中心高性能国产GPU算力服务，用于大模型预训练、精调与推理，服务期1年,,,,,12,,上证所信息网络有限公司
notices,2026-05-12_47f9177f_国泰海通证券2026年WPS办公软件及维保采购项目竞争性谈判公告（第2次）.md,aad631e1f78ed57bb77173485fa54b4112ebb4e2,2026-07-02T00:19:53.840183+00:00,D:\broker-announcement-system-demo\backend\data\raw_json\2026-05-12_47f9177f_国泰海通证券2026年WPS办公软件及维保采购项目竞争性谈判公告（第2次）.json,国泰海通证券,2026-05-12,采购招标,IT软硬件,业务系统与软件,国泰海通证券2026年WPS办公软件及维保采购项目,公开招标,服务订阅,采购1年WPS办公软件产品授权及软件保障服务,,,,2026-05-19 14:00,12,,
notices,2026-05-12_73771237_国泰海通证券2026年科来网络设备维保服务采购项目公告.md,80047c11fb54bb5a0750ff0d2d2e168f5c84725b,2026-07-02T00:19:53.839188+00:00,D:\broker-announcement-system-demo\backend\data\raw_json\2026-05-12_73771237_国泰海通证券2026年科来网络设备维保服务采购项目公告.json,国泰海通证券,2026-05-12,采购招标,IT软硬件,IT运维与外包,国泰海通证券2026年科来网络设备维保服务采购项目,询价,维保,采购科来网络设备维保服务，实施地点为上海,,,,2026-05-19 17:00,,,
notices,2026-05-12_867daf39_中国中金财富证券有限公司上海新机房网络设备采购项目招标公告.md,b700563580371cb66c9ff4c588c3e31c4d248fdd,2026-07-02T00:19:53.842176+00:00,D:\broker-announcement-system-demo\backend\data\raw_json\2026-05-12_867daf39_中国中金财富证券有限公司上海新机房网络设备采购项目招标公告.json,中国中金财富证券有限公司,2026-05-12,采购招标,IT软硬件,网络与信息安全,中国中金财富证券有限公司上海新机房网络设备采购项目,公开招标,新购,采购1套上海新机房网络设备及配套模块，含低延迟交换机、防火墙等,4250000,4250000,,2026-06-03 09:30,,30,
notices,2026-05-12_91f03609_中信建投证券致胜平台定制化开发建设项目竞争性磋商公告.md,8f9dbd9bf493bc101e36b8690ae5796e7f07f65d,2026-07-02T00:19:53.851153+00:00,D:\broker-announcement-system-demo\backend\data\raw_json\2026-05-12_91f03609_中信建投证券致胜平台定制化开发建设项目竞争性磋商公告.json,中信建投证券,2026-05-12,采购招标,IT软硬件,业务系统与软件,中信建投证券致胜平台定制化开发建设项目,竞争性磋商,新购,采购致胜平台定制化开发服务，包含微服务中台、统一推送或消息中心、AI智能应用开发等,,,,2026-05-25 09:30,,,
notices,2026-05-12_a554d1cc_国泰海通证券2026年波分设备维保服务采购项目公告.md,20e348cfeb137e7abcb2d004e32295684cd3a27c,2026-07-02T00:19:53.850157+00:00,D:\broker-announcement-system-demo\backend\data\raw_json\2026-05-12_a554d1cc_国泰海通证券2026年波分设备维保服务采购项目公告.json,国泰海通证券,2026-05-12,采购招标,IT软硬件,IT运维与外包,国泰海通证券2026年波分设备维保服务采购项目,询价,维保,采购波分设备维保服务，实施地点为上海，服务期1年。,,,,2026-05-19 17:00,12,,
notices,2026-05-12_d1cd6e9f_光大证券股份有限公司市场行情源异构工具_信创_2025_扩容项目招标公告.md,2cc38ce66600efc9c7bb3c56311a780a0968f6d7,2026-07-02T00:19:53.851153+00:00,D:\broker-announcement-system-demo\backend\data\raw_json\2026-05-12_d1cd6e9f_光大证券股份有限公司市场行情源异构工具_信创_2025_扩容项目招标公告.json,光大证券,2026-05-12,采购招标,IT软硬件,业务系统与软件,光大证券股份有限公司市场行情源异构工具_信创_2025_扩容项目,公开招标,扩容,采购一套异构行情转发工具，与现有系统并轨运行，支持对接沪深北交易所行情源，满足信创要求。,,600000,,2026-06-02 13:30,,,
notices,2026-05-12_e066282a_光大证券股份有限公司金融云异构公有云2025新建项目招标公告.md,b537bbf8ddff82379486565668d8aa725226e035,2026-07-02T00:19:53.850157+00:00,D:\broker-announcement-system-demo\backend\data\raw_json\2026-05-12_e066282a_光大证券股份有限公司金融云异构公有云2025新建项目招标公告.json,光大证券,2026-05-12,采购招标,IT软硬件,基础算力与云存储,光大证券股份有限公司金融云异构公有云2025新建项目,公开招标,新购,引入另一家公有云服务提供商，建立两朵公有云并行互备架构，采购云主机、对象存储及边缘安全加速服务。,,3640000,,2026-06-02 09:30,12,,
notices,2026-05-12_e2cc8308_中国农业银行甘肃省分行自然人不良贷款批量转让、证券化和收益权转让评估机构选聘项目.md,f0f8a642b026fcb30226e597912b58b6c76b85aa,2026-07-02T00:19:53.853147+00:00,D:\broker-announcement-system-demo\backend\data\raw_json\2026-05-12_e2cc8308_中国农业银行甘肃省分行自然人不良贷款批量转让、证券化和收益权转让评估机构选聘项目.json,中国农业银行甘肃分行,2026-05-12,采购招标,专业及金融服务,审计与咨询服务,中国农业银行甘肃省分行自然人不良贷款批量转让、证券化和收益权转让评估机构选聘项目,公开招标,服务订阅,选聘评估机构，为自然人不良贷款批量转让、证券化和收益权转让提供资产评估服务，服务期三年,,,,2026-06-05 09:00,36,,
notices,2026-05-12_ebb717e7_国泰海通证券2026年数字资产安全管理系统采购项目竞争性磋商公告.md,2c969c9da235deb2670f5a2b651906eb8d34d72e,2026-07-02T00:19:53.853147+00:00,D:\broker-announcement-system-demo\backend\data\raw_json\2026-05-12_ebb717e7_国泰海通证券2026年数字资产安全管理系统采购项目竞争性磋商公告.json,国泰海通证券,2026-05-12,采购招标,IT软硬件,业务系统与软件,国泰海通证券2026年数字资产安全管理系统采购项目,公开招标,新购,采购1套数字资产安全管理系统，实现资产数据接入、清洗及模型落地,,,,2026-05-22 13:30,,,
notices,2026-05-13_19368ab6_国泰海通证券2026年华为网络设备软硬件维保服务采购项目公告.md,a95166627de87d1330a12dadc16bfc97ca1b00f8,2026-07-02T00:19:53.855141+00:00,D:\broker-announcement-system-demo\backend\data\raw_json\2026-05-13_19368ab6_国泰海通证券2026年华为网络设备软硬件维保服务采购项目公告.json,国泰海通证券,2026-05-13,采购招标,IT软硬件,IT运维与外包,国泰海通证券2026年华为网络设备软硬件维保服务采购项目,竞争性磋商,维保,采购1家供应商提供华为网络设备软硬件维保服务，服务期1年,,,,2026-05-26 13:30,12,,
notices,2026-05-13_f80735ea_中信建投证券服务器采购项目（第三批）（第二次）竞争性谈判公告.md,b8042f69bfba1d0f259daf7fdbf1e2868ce98d59,2026-07-02T00:19:53.855141+00:00,D:\broker-announcement-system-demo\backend\data\raw_json\2026-05-13_f80735ea_中信建投证券服务器采购项目（第三批）（第二次）竞争性谈判公告.json,中信建投证券,2026-05-13,采购招标,IT软硬件,基础算力与云存储,中信建投证券服务器采购项目（第三批）（第二次）,竞争性谈判,新购,采购非信创服务器，具体数量及规格详见技术规范书。,,,,2026-05-20 09:30,,,
notices,2026-05-14_066ed6b8_中信建投证券2026交易环境存储扩容采购项目谈判公告.md,2460dec9d220985f5dc51f7d6fc74bf45ed8de99,2026-07-02T00:19:53.857136+00:00,D:\broker-announcement-system-demo\backend\data\raw_json\2026-05-14_066ed6b8_中信建投证券2026交易环境存储扩容采购项目谈判公告.json,中信建投证券,2026-05-14,采购招标,IT软硬件,基础算力与云存储,中信建投证券2026交易环境存储扩容采购项目,竞争性谈判,扩容,DELL EMC存储扩容，具体详见技术规范书,,,,2026-05-25 09:00,,,
notices,2026-05-14_12e65592_光大证券股份有限公司万得金融终端API增订+2026_资讯项目单一来源公示.md,1520f3400b167b8b19dc899425ebb9f767299de8,2026-07-02T00:19:53.856138+00:00,D:\broker-announcement-system-demo\backend\data\raw_json\2026-05-14_12e65592_光大证券股份有限公司万得金融终端API增订+2026_资讯项目单一来源公示.json,光大证券,2026-05-14,结果公示,专业及金融服务,营销与投研数据,光大证券股份有限公司万得金融终端API增订+2026_资讯项目,单一来源,扩容,增订23套万得金融终端Client API（普通版），服务期约7个月,,,,,7,,万得信息技术股份有限公司
notices,2026-05-14_40d70936_国泰海通证券2026年清华永新网络设备维保服务采购项目公告.md,86f153e26886c044e96dca1862632feaf5597b7a,2026-07-02T00:19:53.857136+00:00,D:\broker-announcement-system-demo\backend\data\raw_json\2026-05-14_40d70936_国泰海通证券2026年清华永新网络设备维保服务采购项目公告.json,国泰海通证券,2026-05-14,采购招标,IT软硬件,IT运维与外包,国泰海通证券2026年清华永新网络设备维保服务采购项目,竞争性磋商,维保,采购1家供应商提供清华永新网络设备维保服务,,,,2026-05-27 14:00,,,
notices,2026-05-14_6dd279bd_中信建投证券2026-2027年线上活动定制化开发项目竞争性磋商公告.md,0f5d492985858f0ef9dcd64254f46fe30cd76cf6,2026-07-02T00:19:53.862359+00:00,D:\broker-announcement-system-demo\backend\data\raw_json\2026-05-14_6dd279bd_中信建投证券2026-2027年线上活动定制化开发项目竞争性磋商公告.json,中信建投证券,2026-05-14,采购招标,IT软硬件,业务系统与软件,中信建投证券2026-2027年线上活动定制化开发项目,竞争性磋商,新购,选聘1家供应商提供线上活动定制化开发服务，服务期约2年,,,,2026-05-27 09:30,24,,
notices,2026-05-15_0370b2af_光大证券股份有限公司天眼全流量设备_2026_维保项目.md,c88d96ebc6d2b15555f654faf09c6de53225231c,2026-07-02T00:19:53.864865+00:00,D:\broker-announcement-system-demo\backend\data\raw_json\2026-05-15_0370b2af_光大证券股份有限公司天眼全流量设备_2026_维保项目.json,光大证券,2026-05-15,采购招标,IT软硬件,IT运维与外包,光大证券股份有限公司天眼全流量设备_2026_维保项目,公开招标,维保,采购40台天眼全流量设备一年原厂维保与支持服务及一年原厂威胁情报更新服务,,1820000,,2026-06-10 09:00,12,,
notices,2026-05-15_22f75c2b_国开证券XC超融合软件采购项目竞争性谈判公告.md,45e98d71f7d14d1da50b8e93f2c190d77c94c9cc,2026-07-02T00:19:53.862359+00:00,D:\broker-announcement-system-demo\backend\data\raw_json\2026-05-15_22f75c2b_国开证券XC超融合软件采购项目竞争性谈判公告.json,国开证券,2026-05-15,采购招标,IT软硬件,基础算力与云存储,国开证券XC超融合软件采购项目,竞争性谈判,新购,采购70C云宏CNware WinStack超融合软件，用于搭建XC超融合平台,1905000,,,2026-06-02 09:30,,,
notices,2026-05-15_38274599_中信建投证券2026年联软系统维保服务采购项目竞争性谈判公告.md,635f991492bae2c38f9283893983318757184777,2026-07-02T00:19:53.862359+00:00,D:\broker-announcement-system-demo\backend\data\raw_json\2026-05-15_38274599_中信建投证券2026年联软系统维保服务采购项目竞争性谈判公告.json,中信建投证券,2026-05-15,采购招标,IT软硬件,IT运维与外包,中信建投证券2026年联软系统维保服务采购项目,竞争性谈判,维保,采购联软系统维保服务，服务期一年,,,,2026-05-27 09:30,12,,
notices,2026-05-15_508f5f19_中信建投证券主机安全及人员驻场服务项目竞争性谈判公告.md,f670e4de861363b540fc8488ff6bc77f42b9737e,2026-07-02T00:19:53.865862+00:00,D:\broker-announcement-system-demo\backend\data\raw_json\2026-05-15_508f5f19_中信建投证券主机安全及人员驻场服务项目竞争性谈判公告.json,中信建投证券,2026-05-15,采购招标,IT软硬件,IT运维与外包,中信建投证券主机安全及人员驻场服务项目,竞争性谈判,维保,采购主机安全及人员驻场服务，服务期限三年,,,,2026-05-28 09:30,36,,
notices,2026-05-15_5e68b061_国泰海通证券2026年Matrix全连接软件开发服务采购项目询价公告.md,8c6333a85d93bd687826a73aae0ec03fd980c2e6,2026-07-02T00:19:53.865862+00:00,D:\broker-announcement-system-demo\backend\data\raw_json\2026-05-15_5e68b061_国泰海通证券2026年Matrix全连接软件开发服务采购项目询价公告.json,国泰海通证券,2026-05-15,采购招标,IT软硬件,IT运维与外包,国泰海通证券2026年Matrix全连接软件开发服务采购项目,公开招标,服务订阅,采购1家供应商提供驻场开发和测试服务，完成Matrix系统2026年开发测试任务,,,,2026-05-25 17:00,,,
notices,2026-05-15_7c38a650_中信建投证券算力服务网络设备集成采购项目竞争性磋商公告.md,09fe051330c24302e1b4c3b099a9062635bfefea,2026-07-02T00:19:53.873840+00:00,D:\broker-announcement-system-demo\backend\data\raw_json\2026-05-15_7c38a650_中信建投证券算力服务网络设备集成采购项目竞争性磋商公告.json,中信建投证券,2026-05-15,采购招标,IT软硬件,网络与信息安全,中信建投证券算力服务网络设备集成采购项目,竞争性磋商,新购,采购算力服务网络设备及集成，包含路由器、网络交换机、防火墙、负载均衡等,,,,2026-05-28 09:30,,,
notices,2026-05-15_8929bc50_国泰海通证券2026年UAT自营测试技术服务采购项目询价公告.md,8a6f2adc65208dd96b5ab7b28d11eaafb5d6c6d6,2026-07-02T00:19:53.873840+00:00,D:\broker-announcement-system-demo\backend\data\raw_json\2026-05-15_8929bc50_国泰海通证券2026年UAT自营测试技术服务采购项目询价公告.json,国泰海通证券,2026-05-15,采购招标,IT软硬件,IT运维与外包,国泰海通证券2026年UAT自营测试技术服务采购项目,公开招标,服务订阅,采购若干名驻场人员提供UAT自营测试技术服务，实施地点为上海。,,,,2026-05-22 17:00,,,
notices,2026-05-15_a49a1c0d_中信建投证券达梦数据库驻场专家采购项目竞争性磋商公告.md,f0484ff3b3bf491d3e89565d1711733135125a6e,2026-07-02T00:19:53.873840+00:00,D:\broker-announcement-system-demo\backend\data\raw_json\2026-05-15_a49a1c0d_中信建投证券达梦数据库驻场专家采购项目竞争性磋商公告.json,中信建投证券,2026-05-15,采购招标,IT软硬件,IT运维与外包,中信建投证券达梦数据库驻场专家采购项目,竞争性磋商,服务订阅,选聘1家供应商提供达梦数据库驻场专家服务，服务期限三年,,,,2026-05-26 09:30,36,,
notices,2026-05-15_c775297c_国泰海通证券2026年低延时QFII两融测试技术服务采购项目询价公告.md,2235437e1840da6f2eaeb93eaaa08105dad0b3e9,2026-07-02T00:19:53.873840+00:00,D:\broker-announcement-system-demo\backend\data\raw_json\2026-05-15_c775297c_国泰海通证券2026年低延时QFII两融测试技术服务采购项目询价公告.json,国泰海通证券,2026-05-15,采购招标,IT软硬件,IT运维与外包,国泰海通证券2026年低延时QFII两融测试技术服务采购项目,公开招标,服务订阅,采购若干名驻场人员提供低延时QFII两融测试技术服务，实施地点为上海。,,,,2026-05-22 17:00,,,
notices,2026-05-18_0ded048e_国泰海通证券粤港澳大湾区公务车采购项目询价公告.md,882e665e2c88db30c0ec1c071ab3d5a620c85450,2026-07-02T00:19:53.875834+00:00,D:\broker-announcement-system-demo\backend\data\raw_json\2026-05-18_0ded048e_国泰海通证券粤港澳大湾区公务车采购项目询价公告.json,国泰海通证券,2026-05-18,采购招标,其他,行政与办公后勤,国泰海通证券粤港澳大湾区公务车采购项目,公开招标,新购,采购2辆腾势D9 MPV公务车，并代办上牌、保险及购置税缴纳服务,,,,2026-05-25 15:00,,,
notices,2026-05-18_5eba6f97_国泰海通证券2026年深信服桌面云软件授权采购项目询价公告.md,c0a1bc199ed4e803390678b2c1e3e40f7de3fc9e,2026-07-02T00:19:53.875834+00:00,D:\broker-announcement-system-demo\backend\data\raw_json\2026-05-18_5eba6f97_国泰海通证券2026年深信服桌面云软件授权采购项目询价公告.json,国泰海通证券,2026-05-18,采购招标,IT软硬件,业务系统与软件,国泰海通证券2026年深信服桌面云软件授权采购项目,公开招标,服务订阅,采购深信服桌面云软件授权，服务期未明确,,,,2026-05-22 17:00,,,
notices,2026-05-18_6ac70233_国泰海通证券2026年深信服网络设备维保服务采购项目公告.md,3c264422fe5c26f2d7b5ef6669089b9ad0b3ac42,2026-07-02T00:19:53.877829+00:00,D:\broker-announcement-system-demo\backend\data\raw_json\2026-05-18_6ac70233_国泰海通证券2026年深信服网络设备维保服务采购项目公告.json,国泰海通证券,2026-05-18,采购招标,IT软硬件,IT运维与外包,国泰海通证券2026年深信服网络设备维保服务采购项目,竞争性磋商,维保,采购深信服网络设备维保服务，服务期1年,,,,2026-05-29 14:00,12,,
notices,2026-05-18_6bc811de_中信建投证券理财前端系统建设项目竞争性磋商公告.md,291d899204c38c000ed5cb87346cd0ce4fd61b72,2026-07-02T00:19:53.876831+00:00,D:\broker-announcement-system-demo\backend\data\raw_json\2026-05-18_6bc811de_中信建投证券理财前端系统建设项目竞争性磋商公告.json,中信建投证券,2026-05-18,采购招标,IT软硬件,业务系统与软件,中信建投证券理财前端系统建设项目,竞争性磋商,新购,选聘1家供应商建设理财前端系统，服务期三年,,,,2026-05-29 09:30,36,,
notices,2026-05-19_039b95f9_国泰海通证券2026年思科网络设备维保服务采购项目公告.md,68111aab894927259e0d8670a74192a92774de1b,2026-07-02T00:19:53.877829+00:00,D:\broker-announcement-system-demo\backend\data\raw_json\2026-05-19_039b95f9_国泰海通证券2026年思科网络设备维保服务采购项目公告.json,国泰海通证券,2026-05-19,采购招标,IT软硬件,IT运维与外包,国泰海通证券2026年思科网络设备维保服务采购项目,竞争性磋商,维保,采购1家供应商提供思科网络设备维保服务,,,,2026-06-01 14:00,,,
notices,2026-05-19_07191f20_中信建投证券向量数据库采购项目竞争性磋商公告.md,e5b887fa4d11b9ddc6bf8dcedd69c6c7ffc4968f,2026-07-02T00:19:53.878826+00:00,D:\broker-announcement-system-demo\backend\data\raw_json\2026-05-19_07191f20_中信建投证券向量数据库采购项目竞争性磋商公告.json,中信建投证券,2026-05-19,采购招标,IT软硬件,业务系统与软件,中信建投证券向量数据库采购项目,竞争性磋商,新购,采购向量数据库一套，用于支撑业务系统，要求详见技术服务规范书。,,,,2026-06-02 10:00,,,
notices,2026-05-19_66576f2c_国泰海通证券2026年君弘积分商城框架协议采购项目采购公告.md,971dd70dec5651bd5e28c4099f9260fb82b1723a,2026-07-02T00:19:53.883813+00:00,D:\broker-announcement-system-demo\backend\data\raw_json\2026-05-19_66576f2c_国泰海通证券2026年君弘积分商城框架协议采购项目采购公告.json,国泰海通证券,2026-05-19,采购招标,其他,其他未分类,国泰海通证券2026年君弘积分商城框架协议采购项目-多品类线上充值卡券,公开招标,服务订阅,采购君弘积分商城多品类线上充值卡券兑换服务，服务期2年，拟入围3家供应商,,,,2026-06-09 10:00,24,,
notices,2026-05-19_66576f2c_国泰海通证券2026年君弘积分商城框架协议采购项目采购公告.md,971dd70dec5651bd5e28c4099f9260fb82b1723a,2026-07-02T00:19:53.883813+00:00,D:\broker-announcement-system-demo\backend\data\raw_json\2026-05-19_66576f2c_国泰海通证券2026年君弘积分商城框架协议采购项目采购公告.json,国泰海通证券,2026-05-19,采购招标,其他,其他未分类,国泰海通证券2026年君弘积分商城框架协议采购项目-实物礼品,公开招标,服务订阅,采购君弘积分商城实物礼品兑换服务，服务期2年，拟入围3家供应商,,,,2026-06-09 10:00,24,,
notices,2026-05-19_66576f2c_国泰海通证券2026年君弘积分商城框架协议采购项目采购公告.md,971dd70dec5651bd5e28c4099f9260fb82b1723a,2026-07-02T00:19:53.883813+00:00,D:\broker-announcement-system-demo\backend\data\raw_json\2026-05-19_66576f2c_国泰海通证券2026年君弘积分商城框架协议采购项目采购公告.json,国泰海通证券,2026-05-19,采购招标,其他,其他未分类,国泰海通证券2026年君弘积分商城框架协议采购项目-微信红包,公开招标,服务订阅,采购君弘积分商城微信红包兑换服务，服务期2年，拟入围3家供应商,,,,2026-06-09 10:00,24,,
notices,2026-05-19_8c6aa608_库尔勒滨河路证券营业部装修工程.md,5bd15fb3afa66e5d77160f1dc879bab4adf1891f,2026-07-02T00:19:53.881818+00:00,D:\broker-announcement-system-demo\backend\data\raw_json\2026-05-19_8c6aa608_库尔勒滨河路证券营业部装修工程.json,申万宏源西部证券,2026-05-19,采购招标,其他,工程装修与物业,库尔勒滨河路证券营业部装修工程,公开招标,其他,对库尔勒滨河路证券营业部进行装饰装修，包括建筑装饰、给排水、消防、电气、通风空调、拆除及门楣招牌等，工期120天。,,,,2026-06-09 13:30,,120,
notices,2026-05-19_b2a56f1a_国泰海通证券金融科技园南区节能改造精密空调升级采购项目（第二次）招标公告.md,539ba24fc025f4295b077ef2b2285d37223ce6fd,2026-07-02T00:19:53.881818+00:00,D:\broker-announcement-system-demo\backend\data\raw_json\2026-05-19_b2a56f1a_国泰海通证券金融科技园南区节能改造精密空调升级采购项目（第二次）招标公告.json,国泰海通证券,2026-05-19,采购招标,其他,工程装修与物业,国泰海通证券金融科技园南区节能改造精密空调升级采购项目（第二次）,公开招标,升级改造,采购84台冷冻水精密空调及7台新风机等配套设施的升级改造，含安装调试及旧设备拆除,,7250000,,2026-06-10 09:30,24,,
notices,2026-05-19_b3073da5_中银国际证券股份有限公司关于聘请律师事务所为公募基金产品管理相关事宜提供法律服务项目采购邀请公告.md,93647396575788dbd5fddee906f19bd38dfe34f0,2026-07-02T00:19:53.882815+00:00,D:\broker-announcement-system-demo\backend\data\raw_json\2026-05-19_b3073da5_中银国际证券股份有限公司关于聘请律师事务所为公募基金产品管理相关事宜提供法律服务项目采购邀请公告.json,中银国际证券,2026-05-19,采购招标,专业及金融服务,法律与合规服务,中银国际证券股份有限公司关于聘请律师事务所为公募基金产品管理相关事宜提供法律服务项目,竞争性磋商,服务订阅,聘请律师事务所为公募基金产品管理相关事宜提供法律服务,,,,2026-05-29 09:30,,,
notices,2026-05-19_bfb64d4c_库尔勒滨河路证券营业部装修工程公开招标公告.md,910c0b06d071bb199761c247080143c06d396b0f,2026-07-02T00:19:53.883813+00:00,D:\broker-announcement-system-demo\backend\data\raw_json\2026-05-19_bfb64d4c_库尔勒滨河路证券营业部装修工程公开招标公告.json,申万宏源西部证券,2026-05-19,采购招标,其他,工程装修与物业,库尔勒滨河路证券营业部装修工程,公开招标,其他,营业部装修工程，包括装饰装修、给排水、消防、电气、通风空调、拆除及门楣招牌等，工期120天,,,,2026-06-09 13:30,,120,
notices,2026-05-20_302855aa_光大证券股份有限公司网络运维管理平台信创2025新建项目的招标公告.md,6f640e65823312ea6da28c030c44e3466bc947f5,2026-07-02T00:19:53.883813+00:00,D:\broker-announcement-system-demo\backend\data\raw_json\2026-05-20_302855aa_光大证券股份有限公司网络运维管理平台信创2025新建项目的招标公告.json,光大证券,2026-05-20,采购招标,IT软硬件,业务系统与软件,光大证券股份有限公司网络运维管理平台信创2025新建项目,公开招标,新购,新建一套信创网络运维管理平台，实现网络数据采集、告警管理、性能分析及可视化展示的一体化与智能化。,,2480000,,2026-06-11 09:30,,,
notices,2026-05-20_55d6a03f_国泰海通证券金融科技园南区节能改造UPS扩容升级采购项目招标公告.md,01ce62d175c72138948d79884893d53d80d9b4d2,2026-07-02T00:19:53.885808+00:00,D:\broker-announcement-system-demo\backend\data\raw_json\2026-05-20_55d6a03f_国泰海通证券金融科技园南区节能改造UPS扩容升级采购项目招标公告.json,国泰海通证券,2026-05-20,采购招标,IT软硬件,基础算力与云存储,国泰海通证券金融科技园南区节能改造UPS扩容升级采购项目,公开招标,扩容,对金融科技园南区8台伊顿UPS进行节能改造，扩容4台UPS及电池、电池架、电池开关柜、电缆等配套设施，含安装调试及原厂维保2年,4980000,4980000,,2026-06-10 10:30,24,,
notices,2026-05-20_59fab771_兴业证券2026年第二批次信创服务器采购项目招标公告.md,e9e42649f6fdca62a247d70d9f060157e7624be3,2026-07-02T00:19:53.885808+00:00,D:\broker-announcement-system-demo\backend\data\raw_json\2026-05-20_59fab771_兴业证券2026年第二批次信创服务器采购项目招标公告.json,兴业证券,2026-05-20,采购招标,IT软硬件,基础算力与云存储,兴业证券2026年第二批次信创服务器采购项目（包件1：海光、鲲鹏均可路线服务器）,公开招标,新购,采购45台海光或鲲鹏路线服务器，包含5年原厂维保,,,,2026-06-10 13:30,60,45,
notices,2026-05-20_59fab771_兴业证券2026年第二批次信创服务器采购项目招标公告.md,e9e42649f6fdca62a247d70d9f060157e7624be3,2026-07-02T00:19:53.885808+00:00,D:\broker-announcement-system-demo\backend\data\raw_json\2026-05-20_59fab771_兴业证券2026年第二批次信创服务器采购项目招标公告.json,兴业证券,2026-05-20,采购招标,IT软硬件,基础算力与云存储,兴业证券2026年第二批次信创服务器采购项目（包件2：鲲鹏路线服务器）,公开招标,新购,采购8台鲲鹏路线服务器，包含5年原厂维保,,,,2026-06-10 13:30,60,45,
notices,2026-05-20_59fab771_兴业证券2026年第二批次信创服务器采购项目招标公告.md,e9e42649f6fdca62a247d70d9f060157e7624be3,2026-07-02T00:19:53.885808+00:00,D:\broker-announcement-system-demo\backend\data\raw_json\2026-05-20_59fab771_兴业证券2026年第二批次信创服务器采购项目招标公告.json,兴业证券,2026-05-20,采购招标,IT软硬件,基础算力与云存储,兴业证券2026年第二批次信创服务器采购项目（包件3：海光路线服务器）,公开招标,新购,采购30台海光路线服务器，包含5年原厂维保,,,,2026-06-10 13:30,60,45,
notices,2026-05-20_90e66d4b_上海银行深圳分行2026年香港证券与银行同业金融交流活动服务采购项目采购信息公示.md,19d69c72a72800736c47874ddf08978c8769293f,2026-07-02T00:19:53.885808+00:00,D:\broker-announcement-system-demo\backend\data\raw_json\2026-05-20_90e66d4b_上海银行深圳分行2026年香港证券与银行同业金融交流活动服务采购项目采购信息公示.json,上海银行,2026-05-20,采购招标,专业及金融服务,营销与投研数据,上海银行深圳分行2026年香港证券与银行同业金融交流活动服务采购项目,询价采购,服务订阅,采购2026年香港证券与银行同业金融交流活动服务,,,,,,,
notices,2026-05-21_27abf654_国泰海通证券2026年带外管理系统采购项目竞争性磋商公告.md,bb27da28508584c619eae0bff092528883f3b2b5,2026-07-02T00:19:53.886805+00:00,D:\broker-announcement-system-demo\backend\data\raw_json\2026-05-21_27abf654_国泰海通证券2026年带外管理系统采购项目竞争性磋商公告.json,国泰海通证券,2026-05-21,采购招标,IT软硬件,业务系统与软件,国泰海通证券2026年带外管理系统采购项目,公开招标,升级改造,采购1家供应商提供带外管理系统信创升级和整合实施服务，实施地点为上海。,,,,2026-06-03 13:30,,,
notices,2026-05-21_3c98d760_国新证券股份有限公司小权智能算法软件技术服务项目采购信息公示.md,64f5a0dca8f0cfe100cbecd83f39d3a1c190531f,2026-07-02T00:19:53.887802+00:00,D:\broker-announcement-system-demo\backend\data\raw_json\2026-05-21_3c98d760_国新证券股份有限公司小权智能算法软件技术服务项目采购信息公示.json,国新证券,2026-05-21,结果公示,IT软硬件,业务系统与软件,国新证券股份有限公司小权智能算法软件技术服务项目,单一来源,服务订阅,采购小权智能算法软件技术服务，按交易量对应的算力授权个数收费，T0算法每个授权10万元,,7600000,,,,,
notices,2026-05-21_68e28c4c_中信建投证券存储磁盘扩容采购项目谈判公告.md,06663acc0898b10ee98fe028e1f44ba6c98a571a,2026-07-02T00:19:53.887802+00:00,D:\broker-announcement-system-demo\backend\data\raw_json\2026-05-21_68e28c4c_中信建投证券存储磁盘扩容采购项目谈判公告.json,中信建投证券,2026-05-21,采购招标,IT软硬件,基础算力与云存储,中信建投证券存储磁盘扩容采购项目,竞争性谈判,扩容,采购存储磁盘扩容，用于增加存储容量。,,,,2026-06-02 09:30,,,
notices,2026-05-21_73b4a12c_中信建投证券新一代核心交易系统数据库采购项目（第二次）竞争性磋商公告.md,29fd56120911469acc03fc875d48d54fd38e3a75,2026-07-02T00:19:53.888800+00:00,D:\broker-announcement-system-demo\backend\data\raw_json\2026-05-21_73b4a12c_中信建投证券新一代核心交易系统数据库采购项目（第二次）竞争性磋商公告.json,中信建投证券,2026-05-21,采购招标,IT软硬件,业务系统与软件,中信建投证券新一代核心交易系统数据库采购项目（第二次）,竞争性磋商,新购,采购新一代核心交易系统所需的信创数据库，用于核心交易系统建设。,,,,2026-05-28 17:00,,,
notices,2026-05-21_885fca09_国新证券OEM版APP安全检测认证服务项目（二次）询比采购公告.md,1de8245d2cb9e226a3b2145ff66c1629bd0afe8c,2026-07-02T00:19:53.888800+00:00,D:\broker-announcement-system-demo\backend\data\raw_json\2026-05-21_885fca09_国新证券OEM版APP安全检测认证服务项目（二次）询比采购公告.json,国新证券,2026-05-21,采购招标,IT软硬件,网络与信息安全,国新证券OEM版APP安全检测认证服务项目（二次）,询价采购,服务订阅,采购OEM版APP安全检测认证服务，服务期三年,,436000,,2026-06-02 09:30,36,,
notices,2026-05-21_9f6710e2_中信建投证券资金结算及统一支付信创改造采购项目竞争性磋商公告.md,56e0154536102b3ff13758f1e40fd3778d9fa566,2026-07-02T00:19:53.890794+00:00,D:\broker-announcement-system-demo\backend\data\raw_json\2026-05-21_9f6710e2_中信建投证券资金结算及统一支付信创改造采购项目竞争性磋商公告.json,中信建投证券,2026-05-21,采购招标,IT软硬件,业务系统与软件,中信建投证券资金结算及统一支付信创改造采购项目,竞争性磋商,升级改造,对资金结算及统一支付系统进行信创改造，详见技术规范书。,,,,2026-06-02 09:30,,,
notices,2026-05-21_f37b2ffc_国新证券股份有限公司卡方ATX智能投资交易软件技术服务项目采购信息公示.md,1f63f7b7c41706d8885d219c58ebeeee3ca09da2,2026-07-02T00:19:53.890794+00:00,D:\broker-announcement-system-demo\backend\data\raw_json\2026-05-21_f37b2ffc_国新证券股份有限公司卡方ATX智能投资交易软件技术服务项目采购信息公示.json,国新证券,2026-05-21,结果公示,IT软硬件,业务系统与软件,国新证券股份有限公司卡方ATX智能投资交易软件技术服务项目,单一来源,服务订阅,采购卡方ATX智能投资交易软件技术服务，按交易量对应的算力授权个数收费，含主动算法和T0算法。,,5000000,,,,,
notices,2026-05-22_179e9cb7_国新证券股份有限公司办公家具采购项目询比公告.md,5a69513254bd3c3cbed66d636df3b39f3cde3286,2026-07-02T00:19:53.891792+00:00,D:\broker-announcement-system-demo\backend\data\raw_json\2026-05-22_179e9cb7_国新证券股份有限公司办公家具采购项目询比公告.json,国新证券,2026-05-22,采购招标,其他,行政与办公后勤,办公家具采购项目,询价采购,新购,新增采购办公家具，用于新址办公,,5500000,,2026-06-01 17:30,,,
notices,2026-05-22_557eaa47_中信建投证券与基金公司联合实验室量化交易执行系统采购项目竞争性磋商公告.md,7bbba8b4cba5009639ddf63abe757501ce75cb0e,2026-07-02T00:19:53.891792+00:00,D:\broker-announcement-system-demo\backend\data\raw_json\2026-05-22_557eaa47_中信建投证券与基金公司联合实验室量化交易执行系统采购项目竞争性磋商公告.json,中信建投证券,2026-05-22,采购招标,IT软硬件,业务系统与软件,中信建投证券与基金公司联合实验室量化交易执行系统采购项目,竞争性磋商,新购,采购联合实验室量化交易执行系统一套,,,,2026-06-03 09:30,,,
notices,2026-05-22_9cf418ad_国泰海通证券2026年金融科技园南区机房精密配电柜维保服务采购项目公告.md,105a83924d7d4b6c5e5c9bb6f347e568210d4c74,2026-07-02T00:19:53.895782+00:00,D:\broker-announcement-system-demo\backend\data\raw_json\2026-05-22_9cf418ad_国泰海通证券2026年金融科技园南区机房精密配电柜维保服务采购项目公告.json,国泰海通证券,2026-05-22,采购招标,IT软硬件,IT运维与外包,国泰海通证券2026年金融科技园南区机房精密配电柜维保服务采购项目,竞争性磋商,维保,采购1家供应商提供金融科技园南区机房精密配电柜维保服务,,,,2026-06-04 14:00,,,
notices,2026-05-22_a13ab39a_财信证券2026年银河麒麟服务器操作系统场地授权采购项目采购公告.md,bcf9fe48ecc98f00de1550cf0fe7ae00e3e5be1b,2026-07-02T00:19:53.895782+00:00,D:\broker-announcement-system-demo\backend\data\raw_json\2026-05-22_a13ab39a_财信证券2026年银河麒麟服务器操作系统场地授权采购项目采购公告.json,财信证券,2026-05-22,采购招标,IT软硬件,基础算力与云存储,财信证券2026年银河麒麟服务器操作系统场地授权采购项目,竞争性谈判,服务订阅,采购银河麒麟服务器操作系统场地授权一年，预算96万元,960000,,,2026-06-02 09:30,12,,
notices,2026-05-22_c3a75fc5_国泰海通证券2026年HPE高性能服务器租赁项目竞争性谈判公告.md,336137b3c32a2558263c48cf947a04713b8d1e3f,2026-07-02T00:19:53.895782+00:00,D:\broker-announcement-system-demo\backend\data\raw_json\2026-05-22_c3a75fc5_国泰海通证券2026年HPE高性能服务器租赁项目竞争性谈判公告.json,国泰海通证券,2026-05-22,采购招标,IT软硬件,基础算力与云存储,国泰海通证券2026年HPE高性能服务器租赁项目,公开招标,租赁,租赁若干台HPE高性能服务器，实施地点为上海,,,,2026-06-01 14:00,,,
notices,2026-05-25_73d7f569_兴业证券股份有限公司网开单向视频回访服务外包项目 招标公告.md,4a2290ab210e4c566f92dca6b387f1b1253e14dc,2026-07-02T00:19:53.898298+00:00,D:\broker-announcement-system-demo\backend\data\raw_json\2026-05-25_73d7f569_兴业证券股份有限公司网开单向视频回访服务外包项目 招标公告.json,兴业证券,2026-05-25,采购招标,专业及金融服务,人力与外包服务,兴业证券股份有限公司网开单向视频回访服务外包项目,公开招标,服务订阅,采购网开单向视频电话回访外包服务，要求7×24小时运营、5分钟内响应、45人坐席规模，服务期3年,4783200,4783200,,2026-06-17 13:30,36,,
notices,2026-05-25_95e7460b_兴业证券2026年集团数据中心网络设备原厂维保项目招标公告.md,a9f91d12ab4622e59485620c2b057123ed2b7057,2026-07-02T00:19:53.898298+00:00,D:\broker-announcement-system-demo\backend\data\raw_json\2026-05-25_95e7460b_兴业证券2026年集团数据中心网络设备原厂维保项目招标公告.json,兴业证券,2026-05-25,采购招标,IT软硬件,IT运维与外包,兴业证券2026年集团数据中心网络设备原厂维保项目,公开招标,维保,采购思科、华为、深信服等8个品牌共299台网络设备原厂维保服务，服务期至2027年6月30日,,4290000,,2026-06-15 13:30,13,,
notices,2026-05-25_d458fddd_光大证券股份有限公司数据管理能力成熟度评估认证2025服务项目（第二次）招标公告.md,cd1bbefb624861e41b20512527ee6b47abe7c63b,2026-07-02T00:19:53.898298+00:00,D:\broker-announcement-system-demo\backend\data\raw_json\2026-05-25_d458fddd_光大证券股份有限公司数据管理能力成熟度评估认证2025服务项目（第二次）招标公告.json,光大证券,2026-05-25,采购招标,专业及金融服务,审计与咨询服务,光大证券股份有限公司数据管理能力成熟度评估认证2025服务项目（第二次）,公开招标,服务订阅,采购数据管理能力成熟度（DCMM）评估认证服务，目标获得DCMM4级或更高等级认证,,974000,,2026-06-17 09:30,,,
notices,2026-05-26_481c055e_中信建投证券2026-2027年荣耀应用市场投放项目招标公告.md,017850db0aae81bdcc0de0a0b5086b6de7d7b5dd,2026-07-02T00:19:53.898733+00:00,D:\broker-announcement-system-demo\backend\data\raw_json\2026-05-26_481c055e_中信建投证券2026-2027年荣耀应用市场投放项目招标公告.json,中信建投证券,2026-05-26,采购招标,专业及金融服务,营销与投研数据,中信建投证券2026-2027年荣耀应用市场投放项目,公开招标,服务订阅,采购荣耀应用市场广告投放服务，服务期约1年,,,,2026-06-16 09:30,12,,
notices,2026-05-26_575c3995_国泰海通证券粤港澳大湾区公务车采购项目询价终止公告.md,56552bb6ce738b72d3df936ee42041c17d8bdcfb,2026-07-02T00:19:53.900289+00:00,D:\broker-announcement-system-demo\backend\data\raw_json\2026-05-26_575c3995_国泰海通证券粤港澳大湾区公务车采购项目询价终止公告.json,国泰海通证券,2026-05-26,流标废标,其他,行政与办公后勤,国泰海通证券粤港澳大湾区公务车采购项目,公开招标,新购,采购公务车，用于粤港澳大湾区业务,,,,,,,
notices,2026-05-26_8e0d9925_光大证券股份有限公司统一备份存储2026扩容项目的招标公告.md,23198ec483a47d4dd157d438c1bfa986dd408dbe,2026-07-02T00:19:53.901287+00:00,D:\broker-announcement-system-demo\backend\data\raw_json\2026-05-26_8e0d9925_光大证券股份有限公司统一备份存储2026扩容项目的招标公告.json,光大证券,2026-05-26,采购招标,IT软硬件,基础算力与云存储,光大证券股份有限公司统一备份存储2026扩容项目,公开招标,扩容,扩容深圳、金桥站点共9台备份一体机，新增630TB备份空间及770TB备份软件永久授权,,3600000,,2026-06-18 09:30,,,
notices,2026-05-26_9ff2552c_中信建投证券2026-2027年小米应用市场投放项目招标公告.md,5fdd2b55f50cbabc1708a0ad33cbd341c10b62a5,2026-07-02T00:19:53.901287+00:00,D:\broker-announcement-system-demo\backend\data\raw_json\2026-05-26_9ff2552c_中信建投证券2026-2027年小米应用市场投放项目招标公告.json,中信建投证券,2026-05-26,采购招标,专业及金融服务,营销与投研数据,中信建投证券2026-2027年小米应用市场投放项目,公开招标,服务订阅,采购小米应用市场广告投放服务，服务期约2年,,,,2026-06-16 09:30,24,,
notices,2026-05-26_a3aa1b6c_中信建投证券自营债券销售交易管理系统信创改造项目磋商公告.md,d0f9a37fa82abc224d6083430b9040f0802aa209,2026-07-02T00:19:53.901287+00:00,D:\broker-announcement-system-demo\backend\data\raw_json\2026-05-26_a3aa1b6c_中信建投证券自营债券销售交易管理系统信创改造项目磋商公告.json,中信建投证券,2026-05-26,采购招标,IT软硬件,业务系统与软件,中信建投证券自营债券销售交易管理系统信创改造项目,竞争性磋商,升级改造,自营债券销售交易管理系统信创改造，详见技术规范书,,,,2026-06-08 09:30,,,
notices,2026-05-26_c473a5ab_光大证券股份有限公司边界防火墙设备_2026_维保项目招标公告.md,44ef2aeef6cc1798a419497f2ed9a7c84d155b57,2026-07-02T00:19:53.903281+00:00,D:\broker-announcement-system-demo\backend\data\raw_json\2026-05-26_c473a5ab_光大证券股份有限公司边界防火墙设备_2026_维保项目招标公告.json,光大证券,2026-05-26,采购招标,IT软硬件,网络与信息安全,光大证券股份有限公司边界防火墙设备_2026_维保项目,公开招标,维保,采购29台防火墙设备及2台日志收集分析设备的维保服务,,1190000,,2026-06-17 09:00,,,
notices,2026-05-26_f883eb8c_国泰海通证券2026年3C数码配件采购项目竞争性谈判公告.md,9e2368ac8d521fee70ccf20e2d0cf56dbe590249,2026-07-02T00:19:53.903281+00:00,D:\broker-announcement-system-demo\backend\data\raw_json\2026-05-26_f883eb8c_国泰海通证券2026年3C数码配件采购项目竞争性谈判公告.json,国泰海通证券,2026-05-26,采购招标,其他,行政与办公后勤,国泰海通证券2026年3C数码配件采购项目,公开招标,新购,采购1家供应商提供3C数码配件，包括移动电源、蓝牙耳机和氮化镓充电器等,,,,2026-06-02 13:30,,,
notices,2026-05-27_57daef7b_光大证券股份有限公司统一备份_2026_服务项目招标公告.md,917ae57f72bedb7742d781eb6363f72843fc258e,2026-07-02T00:19:53.904279+00:00,D:\broker-announcement-system-demo\backend\data\raw_json\2026-05-27_57daef7b_光大证券股份有限公司统一备份_2026_服务项目招标公告.json,光大证券,2026-05-27,采购招标,IT软硬件,IT运维与外包,光大证券股份有限公司统一备份_2026_服务项目,公开招标,维保,采购统一备份平台NBU软件及硬件维保、600盒LTO-7磁带、300盒磁带翻录服务及一年期现场支持服务。,,750000,,2026-06-25 09:00,12,,
notices,2026-05-28_2f873350_国泰海通证券2026年北京金融街物业服务采购项目采购公告.md,dd2336bf04e04216ab372391595e4c2070cf4237,2026-07-02T00:19:53.905276+00:00,D:\broker-announcement-system-demo\backend\data\raw_json\2026-05-28_2f873350_国泰海通证券2026年北京金融街物业服务采购项目采购公告.json,国泰海通证券,2026-05-28,采购招标,其他,工程装修与物业,国泰海通证券2026年北京金融街物业服务采购项目,竞争性磋商,服务订阅,采购1家供应商为国泰海通证券北京金融街中心总部职场提供1年物业服务,,,,2026-06-11 16:00,12,,
notices,2026-05-28_56495d35_中信建投证券资金结算及统一支付信创改造采购项目（第二次）竞争性磋商公告.md,c6a8b71af1a313f20de53d5532345a8e295e711e,2026-07-02T00:19:53.905276+00:00,D:\broker-announcement-system-demo\backend\data\raw_json\2026-05-28_56495d35_中信建投证券资金结算及统一支付信创改造采购项目（第二次）竞争性磋商公告.json,中信建投证券,2026-05-28,采购招标,IT软硬件,业务系统与软件,中信建投证券资金结算及统一支付信创改造采购项目（第二次）,竞争性磋商,升级改造,对资金结算及统一支付系统进行信创改造，包含系统开发与实施。,,,,2026-06-08 09:30,,,
notices,2026-05-28_738b522e_光大证券股份有限公司外部主机-机柜租赁_上海_2026_托管项目招标公告.md,64418c609260707f3cd6253caf087ebc07972c1b,2026-07-02T00:19:53.906274+00:00,D:\broker-announcement-system-demo\backend\data\raw_json\2026-05-28_738b522e_光大证券股份有限公司外部主机-机柜租赁_上海_2026_托管项目招标公告.json,光大证券,2026-05-28,采购招标,IT软硬件,基础算力与云存储,光大证券股份有限公司外部主机-机柜租赁_上海_2026_托管项目,公开招标,租赁,租赁20个标准机柜（每柜不低于4KW），预留不少于10个相邻机柜，并搬迁60台设备至距上交所金桥数据中心10公里内的数据中心。,,2800000,,2026-06-26 09:00,,,
notices,2026-05-28_f5f00d4e_中信证券华南股份有限公司海南分公司原址扩租改造装修工程招标公告.md,2bb74f68e6a77553c2c31f62cc5a68d42ad4d178,2026-07-02T00:19:53.907272+00:00,D:\broker-announcement-system-demo\backend\data\raw_json\2026-05-28_f5f00d4e_中信证券华南股份有限公司海南分公司原址扩租改造装修工程招标公告.json,中信证券,2026-05-28,采购招标,其他,工程装修与物业,中信证券华南股份有限公司海南分公司原址扩租改造装修工程,公开招标,升级改造,海南分公司原址扩租改造装修，面积约200平方米，包括装饰、暖通、消防等工程,,830000,,2026-06-23 09:30,,60,
notices,2026-05-29_21f9d31d_申万宏源证券有限公司2026年第一批海光服务器采购招标公告.md,b052a9ba0c810525efce8130780c9134a62c0f63,2026-07-02T00:19:53.908268+00:00,D:\broker-announcement-system-demo\backend\data\raw_json\2026-05-29_21f9d31d_申万宏源证券有限公司2026年第一批海光服务器采购招标公告.json,申万宏源证券有限公司,2026-05-29,采购招标,IT软硬件,基础算力与云存储,申万宏源证券有限公司2026年第一批海光服务器采购,公开招标,新购,采购4台海光服务器，限定品牌：浪潮、联想、新华三、中兴通讯,2200000,,,2026-06-24 15:00,,60,
notices,2026-05-29_25a521ed_申万宏源证券有限公司新一代交易清算系统应用软件采购招标公告.md,3f968442a85f47e726b7f392e927d20760ebb416,2026-07-02T00:19:53.908268+00:00,D:\broker-announcement-system-demo\backend\data\raw_json\2026-05-29_25a521ed_申万宏源证券有限公司新一代交易清算系统应用软件采购招标公告.json,申万宏源证券有限公司,2026-05-29,采购招标,IT软硬件,业务系统与软件,申万宏源证券有限公司新一代交易清算系统应用软件采购,公开招标,新购,采购1套新一代交易清算系统应用软件，包含开发和实施服务，服务期1年。,8000000,,,2026-06-24 14:30,12,,
notices,2026-05-29_37b75b11_南京证券股份有限公司2026-2028年度员工工作服采购项目招标公告.md,9f41bb2d66bab7e72372081d51c533ac8408accb,2026-07-02T00:19:53.909266+00:00,D:\broker-announcement-system-demo\backend\data\raw_json\2026-05-29_37b75b11_南京证券股份有限公司2026-2028年度员工工作服采购项目招标公告.json,南京证券,2026-05-29,采购招标,其他,行政与办公后勤,南京证券股份有限公司2026-2028年度员工工作服采购项目,公开招标,新购,采购2026-2028年度员工工作服，包括西服、西裤、衬衫等，框架协议招标,,,,2026-06-18 14:00,36,90,
notices,2026-05-29_5bf466a7_中信证券华南股份有限公司惠州麦地路证券营业部新址装修工程招标公告.md,80478093b4083ac92981edc3dcb9940ab29abf3a,2026-07-02T00:19:53.910263+00:00,D:\broker-announcement-system-demo\backend\data\raw_json\2026-05-29_5bf466a7_中信证券华南股份有限公司惠州麦地路证券营业部新址装修工程招标公告.json,中信证券,2026-05-29,采购招标,其他,工程装修与物业,中信证券华南股份有限公司惠州麦地路证券营业部新址装修工程,公开招标,新购,新址装修工程，面积约468.72平方米，包括装饰、暖通、消防、电气等工程,,972000,,2026-06-22 09:30,,60,
notices,2026-05-29_6546ee26_国新证券APP体验重塑设计服务项目询比采购公告.md,194a6838104630c0c08d8152d2f0f72e7d3bb8e0,2026-07-02T00:19:53.911260+00:00,D:\broker-announcement-system-demo\backend\data\raw_json\2026-05-29_6546ee26_国新证券APP体验重塑设计服务项目询比采购公告.json,国新证券,2026-05-29,采购招标,IT软硬件,业务系统与软件,国新证券APP体验重塑设计服务项目,其他,升级改造,采购国新证券APP体验重塑设计服务，包括投顾策略宝箱、AI智能体和资产分析体验重塑，服务期1年,,430000,,2026-06-11 13:30,12,,
notices,2026-05-29_de79aabb_中信建投证券容器云平台内存扩容采购项目询价公告.md,6a7b105b7ddd9694a5565895834ca897fcb02e0f,2026-07-02T00:19:53.912257+00:00,D:\broker-announcement-system-demo\backend\data\raw_json\2026-05-29_de79aabb_中信建投证券容器云平台内存扩容采购项目询价公告.json,中信建投证券,2026-05-29,采购招标,IT软硬件,基础算力与云存储,中信建投证券容器云平台内存扩容采购项目,询价采购,扩容,采购容器云平台所需内存，用于平台内存扩容，具体规格详见技术规范书。,,,,2026-06-08 09:00,,,
notices,2026-06-01_2883420e_国泰海通证券粤港澳大湾区公务车采购项目询价公告.md,288b90023af5165b72762a0697e6bcdc761bed10,2026-07-02T00:19:53.911260+00:00,D:\broker-announcement-system-demo\backend\data\raw_json\2026-06-01_2883420e_国泰海通证券粤港澳大湾区公务车采购项目询价公告.json,国泰海通证券,2026-06-01,采购招标,其他,行政与办公后勤,国泰海通证券粤港澳大湾区公务车采购项目,公开招标,新购,采购2辆腾势D9 MPV公务车，并代办上牌、保险及购置税缴纳服务,,,,2026-06-08 15:00,,,
notices,2026-06-01_5a2ce983_中信建投证券员工行为审计系统维保采购项目竞争性谈判公告.md,e431505271f9e9076e3ac2e4a29c55c2de4840e6,2026-07-02T00:19:53.914254+00:00,D:\broker-announcement-system-demo\backend\data\raw_json\2026-06-01_5a2ce983_中信建投证券员工行为审计系统维保采购项目竞争性谈判公告.json,中信建投证券,2026-06-01,采购招标,IT软硬件,IT运维与外包,中信建投证券员工行为审计系统维保采购项目,竞争性谈判,维保,采购员工行为审计系统维保服务，服务期三年,,,,2026-06-10 10:00,36,,
notices,2026-06-01_6f222459_中信建投证券2026-2027年国际大厦物业服务采购项目竞争性磋商公告.md,ea74f95dabbdb0312e34bf8b4ce4734f55eb1e43,2026-07-02T00:19:53.914254+00:00,D:\broker-announcement-system-demo\backend\data\raw_json\2026-06-01_6f222459_中信建投证券2026-2027年国际大厦物业服务采购项目竞争性磋商公告.json,中信建投证券,2026-06-01,采购招标,其他,工程装修与物业,中信建投证券2026-2027年国际大厦物业服务采购项目,竞争性磋商,服务订阅,选聘1家供应商为国际大厦办公区提供保洁、绿植服务，服务期至2027年9月10日,,,,2026-06-11 10:00,15,,
notices,2026-06-01_c9874f33_中信建投证券企微会话存档采购项目竞争性谈判公告.md,025a8bbd251a4161b73c448945ecec4115245cca,2026-07-02T00:19:53.914254+00:00,D:\broker-announcement-system-demo\backend\data\raw_json\2026-06-01_c9874f33_中信建投证券企微会话存档采购项目竞争性谈判公告.json,中信建投证券,2026-06-01,采购招标,IT软硬件,业务系统与软件,中信建投证券企微会话存档采购项目,竞争性谈判,服务订阅,采购企业微信会话存档授权服务，服务期一年，选聘1家供应商。,,,,2026-06-11 10:00,12,,
notices,2026-06-01_df076b75_中信建投证券通用文档解析软件采购项目（第二次）.md,f7fb64861f7050d9a65bf3f57afe673d32a895ce,2026-07-02T00:19:53.914254+00:00,D:\broker-announcement-system-demo\backend\data\raw_json\2026-06-01_df076b75_中信建投证券通用文档解析软件采购项目（第二次）.json,中信建投证券,2026-06-01,采购招标,IT软硬件,业务系统与软件,中信建投证券通用文档解析软件采购项目（第二次）,竞争性磋商,新购,采购通用文档解析模块，支持表格、图片、印章、目录等文档元素的高精度识别。,,,,2026-06-12 13:30,,,
notices,2026-06-01_e4fb4a24_光大证券中兴路营业部2026年保安服务招标公告.md,7c59b95d7d576284812a4c93fb703f3040d13f0c,2026-07-02T00:19:53.916246+00:00,D:\broker-announcement-system-demo\backend\data\raw_json\2026-06-01_e4fb4a24_光大证券中兴路营业部2026年保安服务招标公告.json,光大证券,2026-06-01,采购招标,其他,行政与办公后勤,光大证券中兴路营业部2026年保安服务,公开招标,服务订阅,采购光大证券中兴路营业部2026年保安服务，服务期3年,756000,756000,,2026-06-24 09:00,36,,
notices,2026-06-02_4170d6d5_国泰海通证券2026年道合APP用户体系和场景融合建设采购项目公告.md,c216487e264669b948bdc44ff27041fae67e69e9,2026-07-02T00:19:53.916246+00:00,D:\broker-announcement-system-demo\backend\data\raw_json\2026-06-02_4170d6d5_国泰海通证券2026年道合APP用户体系和场景融合建设采购项目公告.json,国泰海通证券,2026-06-02,采购招标,IT软硬件,业务系统与软件,国泰海通证券2026年道合APP用户体系和场景融合建设采购项目,竞争性磋商,新购,采购1家供应商提供道合APP用户体系和场景融合项目建设,,,,2026-06-15 14:00,,,
notices,2026-06-02_41e66f12_申万宏源证券有限公司2026年服务器集中采购招标公告.md,a5f410e30101e57e810a7c38daa7fe0722b59807,2026-07-02T00:19:53.917243+00:00,D:\broker-announcement-system-demo\backend\data\raw_json\2026-06-02_41e66f12_申万宏源证券有限公司2026年服务器集中采购招标公告.json,申万宏源证券,2026-06-02,采购招标,IT软硬件,基础算力与云存储,申万宏源证券有限公司2026年服务器集中采购（包件一：鲲鹏芯片服务器184台）,公开招标,新购,采购184台鲲鹏芯片服务器，预算限价5556.8万元,55568000,55568000,,2026-06-24 15:15,,60,
notices,2026-06-02_41e66f12_申万宏源证券有限公司2026年服务器集中采购招标公告.md,a5f410e30101e57e810a7c38daa7fe0722b59807,2026-07-02T00:19:53.917243+00:00,D:\broker-announcement-system-demo\backend\data\raw_json\2026-06-02_41e66f12_申万宏源证券有限公司2026年服务器集中采购招标公告.json,申万宏源证券,2026-06-02,采购招标,IT软硬件,基础算力与云存储,申万宏源证券有限公司2026年服务器集中采购（包件三：Intel芯片服务器A 30台）,公开招标,新购,采购30台Intel芯片服务器A，品牌限定浪潮、联想、新华三、中兴通讯，预算限价648万元,6480000,6480000,,2026-06-24 15:15,,60,
notices,2026-06-02_41e66f12_申万宏源证券有限公司2026年服务器集中采购招标公告.md,a5f410e30101e57e810a7c38daa7fe0722b59807,2026-07-02T00:19:53.917243+00:00,D:\broker-announcement-system-demo\backend\data\raw_json\2026-06-02_41e66f12_申万宏源证券有限公司2026年服务器集中采购招标公告.json,申万宏源证券,2026-06-02,采购招标,IT软硬件,基础算力与云存储,申万宏源证券有限公司2026年服务器集中采购（包件二：海光芯片服务器73台）,公开招标,新购,采购73台海光芯片服务器，品牌限定浪潮、联想、新华三、中兴通讯，预算限价2924.6万元,29246000,29246000,,2026-06-24 15:15,,60,
notices,2026-06-02_41e66f12_申万宏源证券有限公司2026年服务器集中采购招标公告.md,a5f410e30101e57e810a7c38daa7fe0722b59807,2026-07-02T00:19:53.917243+00:00,D:\broker-announcement-system-demo\backend\data\raw_json\2026-06-02_41e66f12_申万宏源证券有限公司2026年服务器集中采购招标公告.json,申万宏源证券,2026-06-02,采购招标,IT软硬件,基础算力与云存储,申万宏源证券有限公司2026年服务器集中采购（包件四：Intel芯片服务器B 8台）,公开招标,新购,采购8台Intel芯片服务器B，品牌限定新华三HPE、联想ThinkSystem，预算限价640万元,6400000,6400000,,2026-06-24 15:15,,60,
notices,2026-06-02_5b2f5242_国新证券恒华机房搬迁相关基础资源采购项目-4台SAN交换机租赁（二次）询比采购公告.md,0864b6b0b66c137a799b4b50641d76e086aa7c2c,2026-07-02T00:19:53.917243+00:00,D:\broker-announcement-system-demo\backend\data\raw_json\2026-06-02_5b2f5242_国新证券恒华机房搬迁相关基础资源采购项目-4台SAN交换机租赁（二次）询比采购公告.json,国新证券,2026-06-02,采购招标,IT软硬件,基础算力与云存储,国新证券恒华机房搬迁相关基础资源采购项目-4台SAN交换机租赁（二次）,其他,租赁,租赁4台SAN交换机，用于恒华机房搬迁项目,,1320000,,2026-06-12 10:00,,,
notices,2026-06-02_6fd568ad_申万宏源证券有限公司2026年度上线前测试服务招标公告.md,2ee49f085fa7e5d47dc1318e78d6925dca9c97ba,2026-07-02T00:19:53.918241+00:00,D:\broker-announcement-system-demo\backend\data\raw_json\2026-06-02_6fd568ad_申万宏源证券有限公司2026年度上线前测试服务招标公告.json,申万宏源证券有限公司,2026-06-02,采购招标,IT软硬件,IT运维与外包,申万宏源证券有限公司2026年度上线前测试服务,公开招标,服务订阅,采购2026年度约120个应用系统的上线前测试服务，包括安全功能测试、渗透测试和安全扫描测试，需3名驻场人员。,,,,2026-06-24 10:00,12,,
notices,2026-06-02_8c9bd3c3_国泰海通证券2026年深圳分公司服务器租赁项目询价公告.md,7c28333d04c9727a893a942e473d47e6bed5cf5a,2026-07-02T00:19:53.919238+00:00,D:\broker-announcement-system-demo\backend\data\raw_json\2026-06-02_8c9bd3c3_国泰海通证券2026年深圳分公司服务器租赁项目询价公告.json,国泰海通证券,2026-06-02,采购招标,IT软硬件,基础算力与云存储,国泰海通证券2026年深圳分公司服务器租赁项目,公开招标,租赁,租用1台高性能低延时服务器,,,,2026-06-09 17:00,,,
notices,2026-06-02_9298e78d_中信建投证券2026-2027年小米应用市场投放项目（第二次） 招标公告.md,ae7d18bc00001b8ffbd8db954bf48def907d47ea,2026-07-02T00:19:53.919238+00:00,D:\broker-announcement-system-demo\backend\data\raw_json\2026-06-02_9298e78d_中信建投证券2026-2027年小米应用市场投放项目（第二次） 招标公告.json,中信建投证券,2026-06-02,采购招标,专业及金融服务,营销与投研数据,中信建投证券2026-2027年小米应用市场投放项目（第二次）,公开招标,服务订阅,采购小米应用市场广告投放服务，服务期覆盖2026-2027年。,,,,2026-06-23 09:30,24,,
notices,2026-06-02_e02131fd_国泰海通证券2026年专业化交易AI运营系统采购项目竞争性磋商公告.md,86933b50557ced5091d7cada07ee2c9b96a494a9,2026-07-02T00:19:53.920236+00:00,D:\broker-announcement-system-demo\backend\data\raw_json\2026-06-02_e02131fd_国泰海通证券2026年专业化交易AI运营系统采购项目竞争性磋商公告.json,国泰海通证券,2026-06-02,采购招标,IT软硬件,业务系统与软件,国泰海通证券2026年专业化交易AI运营系统采购项目,公开招标,新购,采购1家供应商提供专业化交易AI运营系统建设服务，实施地点为上海。,,,,2026-06-12 13:30,,,
notices,2026-06-02_e4e8d57a_申万宏源证券有限公司2026年信创SAN存储设备采购招标公告.md,5c11f78ad6c63e955ccc268ec2525cdf15db62c3,2026-07-02T00:19:53.921233+00:00,D:\broker-announcement-system-demo\backend\data\raw_json\2026-06-02_e4e8d57a_申万宏源证券有限公司2026年信创SAN存储设备采购招标公告.json,申万宏源证券有限公司,2026-06-02,采购招标,IT软硬件,基础算力与云存储,申万宏源证券有限公司2026年信创SAN存储设备采购,公开招标,新购,采购2套华为全闪信创SAN存储，单台可用空间不低于80TB,,,,2026-06-24 10:15,,,
notices,2026-06-02_f2e0d27a_中信建投证券2026-2027年荣耀应用市场投放项目（第二次） 招标公告.md,f0db3a5b61488e57abed912ac0797230d7d2d027,2026-07-02T00:19:53.921233+00:00,D:\broker-announcement-system-demo\backend\data\raw_json\2026-06-02_f2e0d27a_中信建投证券2026-2027年荣耀应用市场投放项目（第二次） 招标公告.json,中信建投证券,2026-06-02,采购招标,专业及金融服务,营销与投研数据,中信建投证券2026-2027年荣耀应用市场投放项目（第二次）,公开招标,服务订阅,采购荣耀应用市场广告投放服务，服务期覆盖2026-2027年。,,,,2026-06-23 09:30,24,,
notices,2026-06-03_02bebf19_国泰海通证券2026年深信服信创代理服务器及集中管理平台采购项目公告.md,9a69a12c877d6c028d02726b01974079f93acf72,2026-07-02T00:19:53.922232+00:00,D:\broker-announcement-system-demo\backend\data\raw_json\2026-06-03_02bebf19_国泰海通证券2026年深信服信创代理服务器及集中管理平台采购项目公告.json,国泰海通证券,2026-06-03,采购招标,IT软硬件,业务系统与软件,国泰海通证券2026年深信服信创代理服务器及集中管理平台采购项目,询价,新购,采购深信服信创代理服务器及集中管理平台，实施地点为上海,,,,2026-06-09 17:00,,,
notices,2026-06-03_55642ee3_中信建投证券2026-2027年苹果应用市场投放采购项目招标公告.md,f242b1bb1cfa8b20a769bc25e418470678a4c12e,2026-07-02T00:19:53.923229+00:00,D:\broker-announcement-system-demo\backend\data\raw_json\2026-06-03_55642ee3_中信建投证券2026-2027年苹果应用市场投放采购项目招标公告.json,中信建投证券,2026-06-03,采购招标,专业及金融服务,营销与投研数据,中信建投证券2026-2027年苹果应用市场投放采购项目,公开招标,服务订阅,选聘1家苹果应用市场广告投放供应商，服务期约2年,,,,2026-06-24 10:00,24,,
notices,2026-06-03_c1f0d0e8_国泰海通证券2026年远程办公零信任扩容服务采购项目询价公告.md,84e18a56f759066d944c37c41b8aa089dbd188cd,2026-07-02T00:19:53.924227+00:00,D:\broker-announcement-system-demo\backend\data\raw_json\2026-06-03_c1f0d0e8_国泰海通证券2026年远程办公零信任扩容服务采购项目询价公告.json,国泰海通证券,2026-06-03,采购招标,IT软硬件,网络与信息安全,国泰海通证券2026年远程办公零信任扩容服务采购项目,公开招标,扩容,采购深信服零信任系统扩容服务，用于远程办公场景,,,,2026-06-09 17:00,,,
notices,2026-06-04_8e673789_国泰海通证券2026年集中交易系统历史库存储扩容采购项目询价公告.md,231e8b1f69b11b27baed3be8ecebdc43496856a1,2026-07-02T00:19:53.925224+00:00,D:\broker-announcement-system-demo\backend\data\raw_json\2026-06-04_8e673789_国泰海通证券2026年集中交易系统历史库存储扩容采购项目询价公告.json,国泰海通证券,2026-06-04,采购招标,IT软硬件,基础算力与云存储,国泰海通证券2026年集中交易系统历史库存储扩容采购项目,公开招标,扩容,采购华为OceanStor Dorado 8000 V700R001机头及储存盘，用于集中交易系统历史库存储扩容,,,,2026-06-11 17:00,,,
notices,2026-06-04_f3f22473_国泰海通证券山西分公司装修施工采购项目招标公告.md,672f65e97feccb6e001d1a43c92b4ffc52fc275a,2026-07-02T00:19:53.925224+00:00,D:\broker-announcement-system-demo\backend\data\raw_json\2026-06-04_f3f22473_国泰海通证券山西分公司装修施工采购项目招标公告.json,国泰海通证券,2026-06-04,采购招标,其他,工程装修与物业,国泰海通证券股份有限公司山西分公司及山西转型综合改革示范区分公司新址装修改造工程项目,公开招标,新购,新址装修及强电施工，装修面积1799.23平方米，工期50天。,,2910000,,2026-06-26 13:00,,50,
notices,2026-06-05_64e30087_国泰海通证券2026年互联网数智经营中台内容中心模块开发项目竞争性磋商公告.md,7d57ccda76e7d0571b3df0ccd902e50b8ce0f83f,2026-07-02T00:19:53.927217+00:00,D:\broker-announcement-system-demo\backend\data\raw_json\2026-06-05_64e30087_国泰海通证券2026年互联网数智经营中台内容中心模块开发项目竞争性磋商公告.json,国泰海通证券,2026-06-05,采购招标,IT软硬件,业务系统与软件,国泰海通证券2026年互联网数智经营中台内容中心模块开发项目,竞争性磋商,新购,采购1家供应商提供互联网数智经营中台内容中心模块开发服务，实施周期不超过5个月,,,,2026-06-17 14:00,,150,
notices,2026-06-05_6e267326_国泰海通证券2026年多源共享威胁情报系统智能化建设采购项目竞争性磋商公告.md,96d15d15e2e3f3f77e02cc950808fbbb4112146e,2026-07-02T00:19:53.927217+00:00,D:\broker-announcement-system-demo\backend\data\raw_json\2026-06-05_6e267326_国泰海通证券2026年多源共享威胁情报系统智能化建设采购项目竞争性磋商公告.json,国泰海通证券,2026-06-05,采购招标,IT软硬件,网络与信息安全,国泰海通证券2026年多源共享威胁情报系统智能化建设采购项目,公开招标,新购,采购1套多源共享威胁情报系统智能化建设服务，融合大模型与多源威胁情报能力,,,,2026-06-17 14:00,,,
notices,2026-06-05_de6ff7b7_国泰海通证券南宁双拥路第二营业部2026年新址装修工程采购项目比选公告.md,0fa98c4c6813d31204669bd97639823bc4257b41,2026-07-02T00:19:53.927217+00:00,D:\broker-announcement-system-demo\backend\data\raw_json\2026-06-05_de6ff7b7_国泰海通证券南宁双拥路第二营业部2026年新址装修工程采购项目比选公告.json,国泰海通证券,2026-06-05,采购招标,其他,工程装修与物业,国泰海通证券南宁双拥路第二营业部2026年新址装修工程采购项目,公开招标,其他,新址装修工程，装修面积491平方米，包括基础装修及强电施工，工期60天。,,854700,,2026-06-16 13:00,,60,
notices,2026-06-08_178fbd94_中信建投证券数据中台运营中心智能报送建设项目招标公告.md,69272e5795149c63b385b40a4d0420e09f71f7bc,2026-07-02T00:19:53.928215+00:00,D:\broker-announcement-system-demo\backend\data\raw_json\2026-06-08_178fbd94_中信建投证券数据中台运营中心智能报送建设项目招标公告.json,中信建投证券,2026-06-08,采购招标,IT软硬件,业务系统与软件,中信建投证券数据中台运营中心智能报送建设项目,公开招标,新购,建设数据中台运营中心智能报送系统，包含大模型解析、知识问答等功能,,,,2026-06-29 09:30,,,
notices,2026-06-08_42d48111_中信建投证券非现场开户系统建设项目招标公告.md,7197a2617c25c20c6972ded9ab7ee3fe3724b0c7,2026-07-02T00:19:53.929211+00:00,D:\broker-announcement-system-demo\backend\data\raw_json\2026-06-08_42d48111_中信建投证券非现场开户系统建设项目招标公告.json,中信建投证券,2026-06-08,采购招标,IT软硬件,业务系统与软件,中信建投证券非现场开户系统建设项目,公开招标,新购,采购非现场开户系统建设服务，服务期三年,,,,2026-06-29 09:30,36,,
notices,2026-06-08_e13fbc6c_国泰海通证券2026年华为存储设备维保服务采购项目公告.md,36ba2bf9ab0fec029e531d4165781e3eb8b40266,2026-07-02T00:19:53.929730+00:00,D:\broker-announcement-system-demo\backend\data\raw_json\2026-06-08_e13fbc6c_国泰海通证券2026年华为存储设备维保服务采购项目公告.json,国泰海通证券,2026-06-08,采购招标,IT软硬件,IT运维与外包,国泰海通证券2026年华为存储设备维保服务采购项目,询价,维保,采购华为存储设备维保服务，实施地点为上海,,,,2026-06-15 17:00,,,
notices,2026-06-09_19c7b480_国泰海通证券2026年金融科技园区餐饮服务采购项目采购公告.md,50139eb7b3d410fdf2098c1e2e8d9b85db3f6b85,2026-07-02T00:19:53.930239+00:00,D:\broker-announcement-system-demo\backend\data\raw_json\2026-06-09_19c7b480_国泰海通证券2026年金融科技园区餐饮服务采购项目采购公告.json,国泰海通证券,2026-06-09,采购招标,其他,行政与办公后勤,国泰海通证券2026年金融科技园区餐饮服务采购项目,公开招标,服务订阅,采购金融科技园区餐饮管理服务，服务期3年，入围2家供应商分别负责北区和南区。,,,,2026-06-30 10:00,36,,
notices,2026-06-09_48a2144c_国泰海通证券粤港澳大湾区公务车采购项目询价终止公告.md,35ba5760986c19fd2d0faa40d8ec68ea1b7d6a43,2026-07-02T00:19:53.934226+00:00,D:\broker-announcement-system-demo\backend\data\raw_json\2026-06-09_48a2144c_国泰海通证券粤港澳大湾区公务车采购项目询价终止公告.json,国泰海通证券,2026-06-09,流标废标,其他,行政与办公后勤,国泰海通证券粤港澳大湾区公务车采购项目,公开招标,新购,采购公务车，用于粤港澳大湾区业务,,,,,,,
notices,2026-06-09_a12a22a7_国泰海通证券浙江分公司2026年SD-WAN网络标准化建设项目采购公告.md,172e5d983a75c123465f2c17933cae71a8567cbe,2026-07-02T00:19:53.935223+00:00,D:\broker-announcement-system-demo\backend\data\raw_json\2026-06-09_a12a22a7_国泰海通证券浙江分公司2026年SD-WAN网络标准化建设项目采购公告.json,国泰海通证券,2026-06-09,采购招标,IT软硬件,网络与信息安全,国泰海通证券浙江分公司2026年SD-WAN网络标准化建设项目,竞争性磋商,升级改造,对浙江分公司网络进行软件定义广域网（SD-WAN）改造,,,,2026-06-24 13:30,,,
notices,2026-06-09_a65745bf_国泰海通证券天津分公司装修施工采购项目磋商公告.md,52c28f00175274bfcf1f135a9a4eeab687b0e527,2026-07-02T00:19:53.935223+00:00,D:\broker-announcement-system-demo\backend\data\raw_json\2026-06-09_a65745bf_国泰海通证券天津分公司装修施工采购项目磋商公告.json,国泰海通证券,2026-06-09,采购招标,其他,工程装修与物业,国泰海通证券天津分公司装修施工采购项目,公开招标,其他,天津分公司办公场所装修施工，建筑面积约1485.67㎡，包括主体装修和强电施工，工期50日历天。,,1787700,,2026-06-18 13:00,,50,
notices,2026-06-10_1702e496_国泰海通证券2026年日内策略算法框架协议采购项目采购公告.md,e378837694928f6e26aac194fb1b9d03e56a27f1,2026-07-02T00:19:53.936220+00:00,D:\broker-announcement-system-demo\backend\data\raw_json\2026-06-10_1702e496_国泰海通证券2026年日内策略算法框架协议采购项目采购公告.json,国泰海通证券,2026-06-10,采购招标,专业及金融服务,营销与投研数据,国泰海通证券2026年日内策略算法框架协议采购项目,公开招标,服务订阅,采购日内策略算法服务，拟选择15家框架协议入围供应商，服务期1年,,,,2026-07-01 15:00,12,,
notices,2026-06-10_26e42daf_光大证券股份有限公司市场风险系统信创2026改造项目招标公告.md,a8e7bfc8b26a8772c41fe46c90a7523d03d3d751,2026-07-02T00:19:53.936220+00:00,D:\broker-announcement-system-demo\backend\data\raw_json\2026-06-10_26e42daf_光大证券股份有限公司市场风险系统信创2026改造项目招标公告.json,光大证券,2026-06-10,采购招标,IT软硬件,业务系统与软件,光大证券股份有限公司市场风险系统信创2026改造项目,公开招标,升级改造,对市场风险系统进行信创改造及新业务需求升级，包括数据迁移、压力测试优化、统一认证对接等。,,3424000,,2026-07-01 09:30,,,
notices,2026-06-10_c1b1d090_中信建投证券投教及财经资讯数据采购项目磋商公告.md,c864f7400c5ce171504395cd0e0c56768f06b313,2026-07-02T00:19:53.937218+00:00,D:\broker-announcement-system-demo\backend\data\raw_json\2026-06-10_c1b1d090_中信建投证券投教及财经资讯数据采购项目磋商公告.json,中信建投证券,2026-06-10,采购招标,专业及金融服务,营销与投研数据,中信建投证券投教及财经资讯数据采购项目,竞争性磋商,服务订阅,采购投教及财经资讯数据服务，服务期3年,,,,2026-06-22 09:30,36,,
notices,2026-06-10_e41c2f54_国泰海通证券2026年专业化交易平台拆单算法框架协议采购项目采购公告.md,0d82989a7ad23317166badf4201bb23a09ec87ba,2026-07-02T00:19:53.938721+00:00,D:\broker-announcement-system-demo\backend\data\raw_json\2026-06-10_e41c2f54_国泰海通证券2026年专业化交易平台拆单算法框架协议采购项目采购公告.json,国泰海通证券,2026-06-10,采购招标,IT软硬件,业务系统与软件,国泰海通证券2026年专业化交易平台拆单算法框架协议采购项目,公开招标,服务订阅,采购主动拆单算法服务，选择10家框架协议入围供应商，服务期1年,,,,2026-07-01 13:30,12,,
notices,2026-06-11_b50e8f39_中信建投证券2026-2028分支机构网点标识标牌采购项目招标公告.md,76425fe9711423fb3843e23b21b530f00cfa3499,2026-07-02T00:19:53.938721+00:00,D:\broker-announcement-system-demo\backend\data\raw_json\2026-06-11_b50e8f39_中信建投证券2026-2028分支机构网点标识标牌采购项目招标公告.json,中信建投证券,2026-06-11,采购招标,其他,行政与办公后勤,中信建投证券2026-2028分支机构网点标识标牌采购项目,公开招标,新购,为全国分支机构采购标识标牌，含测量、设计、制作、运输安装，服务期至2028年底,,,,2026-07-02 09:30,31,,
notices,2026-06-11_b577a6d4_中信建投证券东坝机房网络扩容集成采购项目谈判公告.md,3c0aefc7669f3f0c14da692d13b9d976902b89ab,2026-07-02T00:19:53.938721+00:00,D:\broker-announcement-system-demo\backend\data\raw_json\2026-06-11_b577a6d4_中信建投证券东坝机房网络扩容集成采购项目谈判公告.json,中信建投证券,2026-06-11,采购招标,IT软硬件,网络与信息安全,中信建投证券东坝机房网络扩容集成采购项目,竞争性谈判,扩容,采购东坝机房网络扩容设备及集成服务，用于数据中心网络扩容,,,,2026-06-25 09:30,,,
notices,2026-06-11_d4fdb04f_中信建投证券微软操作系统及数据库驻场专家采购项目磋商公告.md,bb16fe7b72dd0797a28a6e02b14f961af45fde3d,2026-07-02T00:19:53.938721+00:00,D:\broker-announcement-system-demo\backend\data\raw_json\2026-06-11_d4fdb04f_中信建投证券微软操作系统及数据库驻场专家采购项目磋商公告.json,中信建投证券,2026-06-11,采购招标,IT软硬件,IT运维与外包,中信建投证券微软操作系统及数据库驻场专家采购项目,竞争性磋商,服务订阅,采购微软操作系统及数据库驻场专家服务，服务期3年,,,,2026-06-24 09:30,36,,
notices,2026-06-12_22f88cd4_中信建投证券东坝信创镜像网设备扩容采购项目招标公告.md,bdc4fdb64eda27f986df9d1ac13769ef70c61bb1,2026-07-02T00:19:53.941714+00:00,D:\broker-announcement-system-demo\backend\data\raw_json\2026-06-12_22f88cd4_中信建投证券东坝信创镜像网设备扩容采购项目招标公告.json,中信建投证券,2026-06-12,采购招标,IT软硬件,网络与信息安全,中信建投证券东坝信创镜像网设备扩容采购项目,公开招标,扩容,采购镜像网设备及驻场运维服务，用于信创镜像网设备扩容,,,,2026-07-06 09:30,,,
notices,2026-06-12_53ec9187_建信基金东方证券分仓接口授权项目改造单一来源采前公示.md,0d0770b495d15d673d2d766b296e7febc17645a6,2026-07-02T00:19:53.945706+00:00,D:\broker-announcement-system-demo\backend\data\raw_json\2026-06-12_53ec9187_建信基金东方证券分仓接口授权项目改造单一来源采前公示.json,建信基金,2026-06-12,结果公示,IT软硬件,业务系统与软件,东方证券分仓接口授权项目,单一来源,升级改造,基于恒生投资交易系统进行分仓接口授权改造，由恒生电子提供系统服务,,,,,,,恒生电子股份有限公司
notices,2026-06-12_5fdc92be_中信建投证券品牌宣传物料服务采购项目竞争性磋商公告.md,166628aad0b738f16bc359b33a103957ee48bdb8,2026-07-02T00:19:53.945706+00:00,D:\broker-announcement-system-demo\backend\data\raw_json\2026-06-12_5fdc92be_中信建投证券品牌宣传物料服务采购项目竞争性磋商公告.json,中信建投证券,2026-06-12,采购招标,其他,行政与办公后勤,中信建投证券品牌宣传物料服务采购项目,竞争性磋商,服务订阅,选聘1家供应商提供品牌物料制作服务，服务期3年。,,,,2026-06-29 10:00,36,,
notices,2026-06-12_6861861a_中信建投证券自营黄金交易系统信创改造项目竞争性磋商公告.md,e87b72a8ee7ee70cbae485fbf1a61a6e101c67a9,2026-07-02T00:19:53.943712+00:00,D:\broker-announcement-system-demo\backend\data\raw_json\2026-06-12_6861861a_中信建投证券自营黄金交易系统信创改造项目竞争性磋商公告.json,中信建投证券,2026-06-12,采购招标,IT软硬件,业务系统与软件,中信建投证券自营黄金交易系统信创改造项目,竞争性磋商,升级改造,对自营黄金交易系统进行信创改造，包含系统开发与改造服务。,,,,2026-06-26 09:30,,,
notices,2026-06-15_3545d76a_中国银河证券股份有限公司2026年IT基础设施第二次集中采购项目标包1：海光CPU信创高频服务器采购项目招标公告.md,9cb9deab28f359436b95c93799c343c16bdd1c23,2026-07-02T00:19:53.946701+00:00,D:\broker-announcement-system-demo\backend\data\raw_json\2026-06-15_3545d76a_中国银河证券股份有限公司2026年IT基础设施第二次集中采购项目标包1：海光CPU信创高频服务器采购项目招标公告.json,中国银河证券,2026-06-15,采购招标,IT软硬件,基础算力与云存储,2026年IT基础设施第二次集中采购项目标包1：海光CPU信创高频服务器采购项目,公开招标,新购,采购海光CPU信创高频服务器及网卡、硬盘等配件，需在2026年7月30日前完成到货。,,,,2026-06-30 09:30,,45,
notices,2026-06-15_80554642_中国银河证券股份有限公司2026年IT基础设施第二次集中采购项目标包2：海光CPU信创低频服务器采购项目招标公告.md,9fc43d7121289b2fbd7d95e3112de821214485ae,2026-07-02T00:19:53.946701+00:00,D:\broker-announcement-system-demo\backend\data\raw_json\2026-06-15_80554642_中国银河证券股份有限公司2026年IT基础设施第二次集中采购项目标包2：海光CPU信创低频服务器采购项目招标公告.json,中国银河证券,2026-06-15,采购招标,IT软硬件,基础算力与云存储,2026年IT基础设施第二次集中采购项目标包2：海光CPU信创低频服务器采购项目,公开招标,新购,采购海光CPU信创低频服务器及内存、网卡、硬盘等配件，需在2026年7月30日前完成到货。,,,,2026-06-30 09:30,,45,
notices,2026-06-15_891865d5_中国银河证券股份有限公司2026年IT基础设施第二次集中采购项目标包3：鲲鹏CPU信创高频服务器采购项目招标公告.md,ea05d2d20f2e9a25d245d285d6df0b29f9e5d26c,2026-07-02T00:19:53.950721+00:00,D:\broker-announcement-system-demo\backend\data\raw_json\2026-06-15_891865d5_中国银河证券股份有限公司2026年IT基础设施第二次集中采购项目标包3：鲲鹏CPU信创高频服务器采购项目招标公告.json,中国银河证券,2026-06-15,采购招标,IT软硬件,基础算力与云存储,2026年IT基础设施第二次集中采购项目标包3：鲲鹏CPU信创高频服务器采购项目,公开招标,新购,采购鲲鹏CPU信创高频服务器及内存、网卡、硬盘等配件，需在2026年7月30日前完成到货。,,,,2026-06-30 09:30,,,
notices,2026-06-15_92484686_国泰海通证券2026年安恒设备维保服务采购项目公告.md,a1af303ab17ae8d495e4e8350a7d69c2f2adc0f8,2026-07-02T00:19:53.951720+00:00,D:\broker-announcement-system-demo\backend\data\raw_json\2026-06-15_92484686_国泰海通证券2026年安恒设备维保服务采购项目公告.json,国泰海通证券,2026-06-15,采购招标,IT软硬件,IT运维与外包,国泰海通证券2026年安恒设备维保服务采购项目,询价,维保,采购安恒设备维保服务，实施地点为上海,,,,2026-06-23 17:00,,,
notices,2026-06-15_f0379281_国泰海通证券上海分公司2026年绿植租摆养护采购项目竞争性磋商公告.md,5c960f010171bf9600347171479d07ab38bc4aa3,2026-07-02T00:19:53.950721+00:00,D:\broker-announcement-system-demo\backend\data\raw_json\2026-06-15_f0379281_国泰海通证券上海分公司2026年绿植租摆养护采购项目竞争性磋商公告.json,国泰海通证券,2026-06-15,采购招标,其他,行政与办公后勤,国泰海通证券上海分公司2026年绿植租摆养护采购项目,公开招标,服务订阅,为上海分公司各营业部采购绿植租摆养护服务，服务期3年，选择2家框架协议入围供应商,,,,2026-06-29 09:30,36,,
notices,2026-06-15_f9b734a4_国泰海通证券2026年长亭设备维保服务采购项目公告.md,9d1e155a6c8511060be7e86ca7e83d3969d572a9,2026-07-02T00:19:53.951720+00:00,D:\broker-announcement-system-demo\backend\data\raw_json\2026-06-15_f9b734a4_国泰海通证券2026年长亭设备维保服务采购项目公告.json,国泰海通证券,2026-06-15,采购招标,IT软硬件,IT运维与外包,国泰海通证券2026年长亭设备维保服务采购项目,询价,维保,采购长亭设备维保服务，实施地点为上海,,,,2026-06-23 17:00,,,
notices,2026-06-15_fc27ba05_国泰海通证券2026年金融科技园物业服务采购项目招标公告.md,5f61ff8797b4596e2ca35c17753ed538d9c330fa,2026-07-02T00:19:53.953712+00:00,D:\broker-announcement-system-demo\backend\data\raw_json\2026-06-15_fc27ba05_国泰海通证券2026年金融科技园物业服务采购项目招标公告.json,国泰海通证券,2026-06-15,采购招标,其他,工程装修与物业,国泰海通证券2026年金融科技园物业服务采购项目,公开招标,服务订阅,采购金融科技园北区、南区及金桥档案管理中心的物业管理服务，服务期三年。,,,,2026-07-06 10:00,36,,
notices,2026-06-15_fd046be7_中信建投证券资管债券业务管理系统信创改造采购项目磋商公告.md,5c9684aeb3096bf8e9a624db879ccc4060ebf42b,2026-07-02T00:19:53.953712+00:00,D:\broker-announcement-system-demo\backend\data\raw_json\2026-06-15_fd046be7_中信建投证券资管债券业务管理系统信创改造采购项目磋商公告.json,中信建投证券,2026-06-15,采购招标,IT软硬件,业务系统与软件,中信建投证券资管债券业务管理系统信创改造采购项目,竞争性磋商,升级改造,采购资管债券业务管理系统的信创改造服务,,,,2026-06-30 09:30,,,
notices,2026-06-16_2945de68_国泰海通证券2026年ADVA波分设备采购项目公告.md,a1e0a65bed334a144c7b836125112c9d089582dd,2026-07-02T00:19:53.953712+00:00,D:\broker-announcement-system-demo\backend\data\raw_json\2026-06-16_2945de68_国泰海通证券2026年ADVA波分设备采购项目公告.json,国泰海通证券,2026-06-16,采购招标,IT软硬件,网络与信息安全,国泰海通证券2026年ADVA波分设备采购项目,询价,新购,采购ADVA波分设备，用于广东省实施，具体数量及规格详见询价函。,,,,2026-06-24 17:00,,,
notices,2026-06-16_475560ee_国泰海通证券2026年华为波分设备采购项目公告.md,c736e32c5b98f0b081082e9351c8e03deee393c1,2026-07-02T00:19:53.953712+00:00,D:\broker-announcement-system-demo\backend\data\raw_json\2026-06-16_475560ee_国泰海通证券2026年华为波分设备采购项目公告.json,国泰海通证券,2026-06-16,采购招标,IT软硬件,网络与信息安全,国泰海通证券2026年华为波分设备采购项目,询价,新购,采购华为波分设备，用于广东省实施,,,,2026-06-24 17:00,,,
notices,2026-06-16_74200ad3_国泰海通证券2026年智能语音中台升级改造采购项目竞争性磋商公告.md,09f20051a25e97ff0178caf474c7be69a11b8a7a,2026-07-02T00:19:53.956704+00:00,D:\broker-announcement-system-demo\backend\data\raw_json\2026-06-16_74200ad3_国泰海通证券2026年智能语音中台升级改造采购项目竞争性磋商公告.json,国泰海通证券,2026-06-16,采购招标,IT软硬件,业务系统与软件,国泰海通证券2026年智能语音中台升级改造采购项目,竞争性磋商,升级改造,采购1家供应商提供专业化智能语音中台系统建设服务，实施地点为上海。,,,,2026-06-29 14:00,,,
notices,2026-06-16_872c31cd_光大证券浙江分公司投教短视频制作项目招标公告.md,c88d2c71183eae1ab546fb583a704d565867c695,2026-07-02T00:19:53.956704+00:00,D:\broker-announcement-system-demo\backend\data\raw_json\2026-06-16_872c31cd_光大证券浙江分公司投教短视频制作项目招标公告.json,光大证券,2026-06-16,采购招标,专业及金融服务,营销与投研数据,光大证券浙江分公司投教短视频制作项目,公开招标,服务订阅,采购投教短视频制作服务，包括后期制作、运营指导、脚本创作等，服务期约5.5个月。,250000,,,2026-07-07 09:30,5.5,,
notices,2026-06-17_0b215471_国新证券建设沪深机构交易机房项目-信创服务器采购(包9)竞价采购公告.md,85718fd7aa8d802fd75f0f43f53b6f914832be19,2026-07-02T00:19:53.956704+00:00,D:\broker-announcement-system-demo\backend\data\raw_json\2026-06-17_0b215471_国新证券建设沪深机构交易机房项目-信创服务器采购(包9)竞价采购公告.json,国新证券,2026-06-17,采购招标,IT软硬件,基础算力与云存储,国新证券建设沪深机构交易机房项目-信创服务器采购(包9),询价采购,新购,采购4台信创鲲鹏服务器，用于沪深机构交易机房建设,,656000,,2026-07-01 13:00,,30,
notices,2026-06-17_1756372f_国新证券建设沪深机构交易机房项目-低延时网络设备租赁(包3)竞价采购公告.md,f7c0a4f1999e4d8a9e25275149d1547248b1871e,2026-07-02T00:19:53.956704+00:00,D:\broker-announcement-system-demo\backend\data\raw_json\2026-06-17_1756372f_国新证券建设沪深机构交易机房项目-低延时网络设备租赁(包3)竞价采购公告.json,国新证券,2026-06-17,采购招标,IT软硬件,基础算力与云存储,国新证券建设沪深机构交易机房项目-低延时网络设备租赁(包3),询价采购,租赁,租赁全新思科Nexus 3524-XL低延迟交换机6台、Nexus 3548-XL低延迟交换机6台及盛立SLink_32112低延迟交换机2台，租赁期不少于6年,,2825000,,2026-07-01 13:00,72,,
notices,2026-06-17_1c92f550_国新证券新办公区IT基础设施及系统建设项目（包五）竞价公告.md,86937389eee658172b8606c17791d139ee7a3ca3,2026-07-02T00:19:53.958945+00:00,D:\broker-announcement-system-demo\backend\data\raw_json\2026-06-17_1c92f550_国新证券新办公区IT基础设施及系统建设项目（包五）竞价公告.json,国新证券,2026-06-17,采购招标,IT软硬件,网络与信息安全,国新证券新办公区IT基础设施及系统建设项目（包五）,其他,新购,采购新办公区安防系统，含监控及门禁系统，要求海康威视设备，原厂质保三年,,340000,,2026-06-24 13:30,36,,
notices,2026-06-17_2eda54e7_国新证券建设沪深机构交易机房项目--超频服务器租赁(包8)竞价采购公告.md,4264c8bd2de74adcf79e9d994217086e1dfe9ef2,2026-07-02T00:19:53.958945+00:00,D:\broker-announcement-system-demo\backend\data\raw_json\2026-06-17_2eda54e7_国新证券建设沪深机构交易机房项目--超频服务器租赁(包8)竞价采购公告.json,国新证券,2026-06-17,采购招标,IT软硬件,基础算力与云存储,国新证券建设沪深机构交易机房项目--超频服务器租赁(包8),询价采购,租赁,租赁18台超频服务器，租赁期限2年,,1548000,,2026-07-01 13:00,24,,
notices,2026-06-17_3690b563_国新证券2026年网络安全等级保护测评服务项目询比采购公告.md,9db1f411549eab01c96bcb7241b9c93dc5d42822,2026-07-02T00:19:53.958945+00:00,D:\broker-announcement-system-demo\backend\data\raw_json\2026-06-17_3690b563_国新证券2026年网络安全等级保护测评服务项目询比采购公告.json,国新证券,2026-06-17,采购招标,IT软硬件,网络与信息安全,国新证券2026年网络安全等级保护测评服务项目,其他,服务订阅,采购2026年网络安全等级保护测评服务,,300000,,2026-06-26 10:00,,,
notices,2026-06-17_89abe6df_国泰海通证券2026年大数据区机房汇聚交换机扩容采购项目询价公告.md,6353f802ae72e82dfe9a2f4860ce75863a368269,2026-07-02T00:19:53.959940+00:00,D:\broker-announcement-system-demo\backend\data\raw_json\2026-06-17_89abe6df_国泰海通证券2026年大数据区机房汇聚交换机扩容采购项目询价公告.json,国泰海通证券,2026-06-17,采购招标,IT软硬件,基础算力与云存储,国泰海通证券2026年大数据区机房汇聚交换机扩容采购项目,公开招标,扩容,采购一批华为汇聚交换机，用于大数据区机房扩容,,,,2026-06-25 17:00,,,
notices,2026-06-17_ac232684_国泰海通证券北京金益大厦装修工程（方案设计、初步设计、施工图设计）招标公告.md,3d0237839e29bbd521140a381c0280c33dbe4c32,2026-07-02T00:19:53.960937+00:00,D:\broker-announcement-system-demo\backend\data\raw_json\2026-06-17_ac232684_国泰海通证券北京金益大厦装修工程（方案设计、初步设计、施工图设计）招标公告.json,国泰海通证券,2026-06-17,采购招标,其他,工程装修与物业,国泰海通证券北京金益大厦装修工程（方案设计、初步设计、施工图设计）,公开招标,其他,北京金益大厦装修工程全专业设计服务，建筑面积16895平方米,89500000,,,2026-07-07 10:00,,,
notices,2026-06-17_c51c9b0e_国新证券新办公区IT基础设施及系统建设项目（包六）询比采购公告.md,3cb706e8a8ba486acb4cf212de24e4964e690504,2026-07-02T00:19:53.961935+00:00,D:\broker-announcement-system-demo\backend\data\raw_json\2026-06-17_c51c9b0e_国新证券新办公区IT基础设施及系统建设项目（包六）询比采购公告.json,国新证券,2026-06-17,采购招标,IT软硬件,业务系统与软件,国新证券新办公区IT基础设施及系统建设项目（包六）,其他,新购,采购信息发布系统及食堂电视直播系统，含LED大屏等设备，要求原厂质保3-5年,,570000,,2026-06-24 10:00,,,
notices,2026-06-17_d9867ae9_国泰海通证券2026年EMC集中存储设备续保项目询价公告.md,4451399105534cd093ba615bc3fab83b4d6123e4,2026-07-02T00:19:53.961935+00:00,D:\broker-announcement-system-demo\backend\data\raw_json\2026-06-17_d9867ae9_国泰海通证券2026年EMC集中存储设备续保项目询价公告.json,国泰海通证券,2026-06-17,采购招标,IT软硬件,IT运维与外包,国泰海通证券2026年EMC集中存储设备续保项目,公开招标,维保,采购EMC集中存储设备原厂维保服务，服务期1年,,,,2026-06-25 17:00,12,,
notices,2026-06-17_e16ddaa5_国新证券建设沪深机构交易机房项目-信创网络设备采购(包4)询比采购公告.md,5175ab638caffbd148e31a3ca46fb058519f785c,2026-07-02T00:19:53.961935+00:00,D:\broker-announcement-system-demo\backend\data\raw_json\2026-06-17_e16ddaa5_国新证券建设沪深机构交易机房项目-信创网络设备采购(包4)询比采购公告.json,国新证券,2026-06-17,采购招标,IT软硬件,网络与信息安全,国新证券建设沪深机构交易机房项目-信创网络设备采购(包4),询价采购,新购,采购信创网络设备共16台，含48口低延时万兆交换机2台、千兆/万兆交换机等,,958800,,2026-07-01 09:30,,30,
notices,2026-06-18_8e38cd3f_国新证券宇量易联算法管理平台软件2026年至2027年维护费项目询比采购公告.md,9895f3d20d5be619c4b57b03e26475fdcbe658d3,2026-07-02T00:19:53.962932+00:00,D:\broker-announcement-system-demo\backend\data\raw_json\2026-06-18_8e38cd3f_国新证券宇量易联算法管理平台软件2026年至2027年维护费项目询比采购公告.json,国新证券,2026-06-18,采购招标,IT软硬件,IT运维与外包,国新证券宇量易联算法管理平台软件2026年至2027年维护费项目,其他,维保,采购宇量易联算法管理平台软件2026年至2027年维护服务,,150000,,2026-06-26 10:00,24,,
notices,2026-06-18_9e93f704_光大证券股份有限公司多元资产投资部、固定收益外汇商品部、金融创新业务总部、债券销售交易部、光证资管、光大富尊2026年度外部券商研究所卖方服务采.md,7222c549f22bed1ebc11d06709562ea32c236037,2026-07-02T00:19:53.965925+00:00,D:\broker-announcement-system-demo\backend\data\raw_json\2026-06-18_9e93f704_光大证券股份有限公司多元资产投资部、固定收益外汇商品部、金融创新业务总部、债券销售交易部、光证资管、光大富尊2026年度外部券商研究所卖方服务采.json,光大证券,2026-06-18,采购招标,专业及金融服务,营销与投研数据,光大证券股份有限公司多元资产投资部、固定收益外汇商品部、金融创新业务总部、债券销售交易部、光证资管、光大富尊2026年度外部券商研究所卖方服务采购项目,公开招标,服务订阅,采购外部券商研究所卖方研究咨询服务，包括研究报告推送、一对一研究支持、行业路演及上市公司调研，入围5家,,,,2026-07-09 09:30,,,
notices,2026-06-18_c7d11804_国泰海通证券2026年奇安信设备维保服务采购项目公告.md,10936aa365553b685871ba3f17c750ff43a90851,2026-07-02T00:19:53.966922+00:00,D:\broker-announcement-system-demo\backend\data\raw_json\2026-06-18_c7d11804_国泰海通证券2026年奇安信设备维保服务采购项目公告.json,国泰海通证券,2026-06-18,采购招标,IT软硬件,IT运维与外包,国泰海通证券2026年奇安信设备维保服务采购项目,询价,维保,采购奇安信设备维保服务，实施地点为上海,,,,2026-06-26 17:00,,,
notices,2026-06-18_c8e590f7_光大证券2026年信息流平台流量运营项目公开招标公告.md,3818a9fde0016374aeb5a735d15990e89ccf71a7,2026-07-02T00:19:53.966922+00:00,D:\broker-announcement-system-demo\backend\data\raw_json\2026-06-18_c8e590f7_光大证券2026年信息流平台流量运营项目公开招标公告.json,光大证券,2026-06-18,采购招标,专业及金融服务,营销与投研数据,光大证券2026年信息流平台流量运营项目,公开招标,服务订阅,在字节系、腾讯广告、快手、B站等平台投放广告，服务期1年,2000000,,,2026-07-14 09:30,12,,
notices,2026-06-18_e6aef7e0_光大证券股份有限公司光证资管2026年人力外包供应商池采购项目招标公告.md,ea0883fb28f9cfd6f66a4b66e67fa5edaf7100dd,2026-07-02T00:19:53.966922+00:00,D:\broker-announcement-system-demo\backend\data\raw_json\2026-06-18_e6aef7e0_光大证券股份有限公司光证资管2026年人力外包供应商池采购项目招标公告.json,光大证券,2026-06-18,采购招标,专业及金融服务,人力与外包服务,光大证券股份有限公司光证资管2026年人力外包供应商池采购项目,公开招标,服务订阅,采购人力外包供应商池，入围不超过25家，提供数据开发、软件开发、测试、交互设计、桌面服务等岗位人员，服务期1年。,,,,2026-07-14 09:00,12,,
notices,2026-06-22_0c7862c4_国泰海通证券2026年金融科技园南区机房暖通系统维保采购项目竞争性磋商公告.md,08392a74696fb6e8ddd9e19a6e44f3f73e732195,2026-07-02T00:19:53.967919+00:00,D:\broker-announcement-system-demo\backend\data\raw_json\2026-06-22_0c7862c4_国泰海通证券2026年金融科技园南区机房暖通系统维保采购项目竞争性磋商公告.json,国泰海通证券,2026-06-22,采购招标,IT软硬件,IT运维与外包,国泰海通证券2026年金融科技园南区机房暖通系统维保采购项目,公开招标,维保,采购1家供应商提供一年数据中心机房暖通系统设备维保服务，包含冷水机组和冷却塔。,,,,2026-06-30 14:00,12,,
notices,2026-06-22_16196f29_国泰海通证券2026年Tenable维保采购项目询价公告.md,294045bcb344c39bcd54aa1e3fd28368e2e59db8,2026-07-02T00:19:53.969429+00:00,D:\broker-announcement-system-demo\backend\data\raw_json\2026-06-22_16196f29_国泰海通证券2026年Tenable维保采购项目询价公告.json,国泰海通证券,2026-06-22,采购招标,IT软硬件,IT运维与外包,国泰海通证券2026年Tenable维保采购项目,公开招标,维保,采购1家供应商提供Tenable软件维保服务,,,,2026-06-29 17:00,,,
notices,2026-06-22_1d773f4f_国泰海通证券辽宁分公司大连成义街营业部装修施工采购项目竞争性磋商公告.md,50a5de9c1086824369b02b89f218ef1e8ef66030,2026-07-02T00:19:53.970423+00:00,D:\broker-announcement-system-demo\backend\data\raw_json\2026-06-22_1d773f4f_国泰海通证券辽宁分公司大连成义街营业部装修施工采购项目竞争性磋商公告.json,国泰海通证券,2026-06-22,采购招标,其他,工程装修与物业,国泰海通证券辽宁分公司大连成义街营业部装修施工采购项目,公开招标,其他,对大连成义街营业部新址进行主体装修及强电施工改造，面积1304.07平方米,,1914000,,2026-07-02 14:00,,70,
notices,2026-06-22_25d370bc_国新证券信创基础资源采购-15套SmartX虚拟化软件授权（包3）竞价采购公告.md,8dc2e03a2ab65518119c11a94fd641fc0ca25c00,2026-07-02T00:19:53.970423+00:00,D:\broker-announcement-system-demo\backend\data\raw_json\2026-06-22_25d370bc_国新证券信创基础资源采购-15套SmartX虚拟化软件授权（包3）竞价采购公告.json,国新证券,2026-06-22,采购招标,IT软硬件,业务系统与软件,国新证券信创基础资源采购-15套SmartX虚拟化软件授权（包3）,询价采购,新购,采购15套SmartX虚拟化软件授权，用于搭建虚拟化平台，含1年原厂维保。,,640000,,2026-07-03 14:00,12,,
notices,2026-06-22_313c42a9_国泰海通证券2026年信创蓝光存储系统采购项目公告.md,f8a21be15df013c4e13090b06e5f577c238bab1c,2026-07-02T00:19:53.971420+00:00,D:\broker-announcement-system-demo\backend\data\raw_json\2026-06-22_313c42a9_国泰海通证券2026年信创蓝光存储系统采购项目公告.json,国泰海通证券,2026-06-22,采购招标,IT软硬件,基础算力与云存储,国泰海通证券2026年信创蓝光存储系统采购项目,公开招标,新购,采购信创蓝光存储系统，含上架安装调试，质保期不低于1年,,2120000,,2026-07-13 09:30,12,30,
notices,2026-06-22_35250961_采购公告-招标代理-国泰海通证券盘锦兴隆台街营业部2026年新址装修工程采购项目.md,1bbbd055d9649870dda1365a91863c6cb112d6a8,2026-07-02T00:19:53.972418+00:00,D:\broker-announcement-system-demo\backend\data\raw_json\2026-06-22_35250961_采购公告-招标代理-国泰海通证券盘锦兴隆台街营业部2026年新址装修工程采购项目.json,国泰海通证券,2026-06-22,采购招标,其他,工程装修与物业,国泰海通证券盘锦兴隆台街营业部2026年新址装修工程采购项目,公开招标,新购,盘锦兴隆台街营业部新址室内全屋装修改造，建筑面积469.95平方米，含采暖、电气、给排水及装饰工程,696538.65,,,2026-07-06 14:00,,,
notices,2026-06-22_36ddc58f_国新证券信创基础资源采购-15台虚拟化物理服务器（包2）竞价采购公告.md,571f089c2102fd2e6cac9a7f298fd09cf25d9faa,2026-07-02T00:19:53.973415+00:00,D:\broker-announcement-system-demo\backend\data\raw_json\2026-06-22_36ddc58f_国新证券信创基础资源采购-15台虚拟化物理服务器（包2）竞价采购公告.json,国新证券,2026-06-22,采购招标,IT软硬件,基础算力与云存储,国新证券信创基础资源采购-15台虚拟化物理服务器（包2）,询价采购,新购,采购用于搭建虚拟化集群的海光及鲲鹏架构物理服务器15台（海光5台、鲲鹏10台）,,7700000,,2026-07-03 14:00,,20,
notices,2026-06-22_36f75c4e_国新证券信创基础资源采购-32台专用物理服务器（包1）竞价采购公告.md,072e2dee9ad325e1741db35124239b86a4d1d4cc,2026-07-02T00:19:53.974412+00:00,D:\broker-announcement-system-demo\backend\data\raw_json\2026-06-22_36f75c4e_国新证券信创基础资源采购-32台专用物理服务器（包1）竞价采购公告.json,国新证券,2026-06-22,采购招标,IT软硬件,基础算力与云存储,国新证券信创基础资源采购-32台专用物理服务器（包1）,询价采购,新购,采购海光及鲲鹏架构专用物理服务器共计32台,,6000000,,2026-07-03 14:00,,20,
notices,2026-06-22_5cab758f_申万宏源证券有限公司2026年上网行为管理设备采购招标公告.md,93344ad14e4999e9d95a09f4af4e026e54b82a94,2026-07-02T00:19:53.974412+00:00,D:\broker-announcement-system-demo\backend\data\raw_json\2026-06-22_5cab758f_申万宏源证券有限公司2026年上网行为管理设备采购招标公告.json,申万宏源证券,2026-06-22,采购招标,IT软硬件,网络与信息安全,申万宏源证券有限公司2026年上网行为管理设备采购,公开招标,新购,采购深信服上网行为管理设备，框架协议预计80台，服务期1年,,,,2026-07-14 14:30,12,15,
notices,2026-06-22_7cee4dc4_国泰海通证券2026年营运业务文档辅助审核系统采购项目竞争性磋商公告.md,15a4348cc74d68e5980114f807b89cf4fb3653fb,2026-07-02T00:19:53.974412+00:00,D:\broker-announcement-system-demo\backend\data\raw_json\2026-06-22_7cee4dc4_国泰海通证券2026年营运业务文档辅助审核系统采购项目竞争性磋商公告.json,国泰海通证券,2026-06-22,采购招标,IT软硬件,业务系统与软件,国泰海通证券2026年营运业务文档辅助审核系统采购项目,公开招标,新购,采购1套营运业务智能文档辅助审核系统的开发服务，实施地点为上海。,,,,2026-07-02 13:30,,,
notices,2026-06-22_b570bfb1_中信建投证券自营黄金交易系统信创改造项目（第二次）竞争性磋商公告.md,0ea4928e439f758c2d5d9e85b5d801af419c36b2,2026-07-02T00:19:53.975410+00:00,D:\broker-announcement-system-demo\backend\data\raw_json\2026-06-22_b570bfb1_中信建投证券自营黄金交易系统信创改造项目（第二次）竞争性磋商公告.json,中信建投证券,2026-06-22,采购招标,IT软硬件,业务系统与软件,中信建投证券自营黄金交易系统信创改造项目（第二次）,竞争性磋商,升级改造,自营黄金交易系统信创改造，包含系统开发与改造服务,,,,2026-07-06 09:30,,,
notices,2026-06-22_ce511ec4_财信证券股份有限公司投行智能撰写系统信创建设软件部分采购项目采购公告.md,cbecb3bab24662dff03c3bbdcb0c600bf3f160a9,2026-07-02T00:19:53.976407+00:00,D:\broker-announcement-system-demo\backend\data\raw_json\2026-06-22_ce511ec4_财信证券股份有限公司投行智能撰写系统信创建设软件部分采购项目采购公告.json,财信证券,2026-06-22,采购招标,IT软硬件,业务系统与软件,财信证券股份有限公司投行智能撰写系统信创建设软件部分采购项目,竞争性磋商,新购,采购投行智能撰写系统信创建设软件部分，合同签订后90个自然日内完成实施上线。,600000,,,2026-07-07 09:30,,90,
notices,2026-06-22_d4566f71_财信证券负载均衡设备更新采购项目采购公告.md,0ceb6e42b0e9708616c54cc1bb6ca42f7bc931dc,2026-07-02T00:19:53.977404+00:00,D:\broker-announcement-system-demo\backend\data\raw_json\2026-06-22_d4566f71_财信证券负载均衡设备更新采购项目采购公告.json,财信证券,2026-06-22,采购招标,IT软硬件,网络与信息安全,财信证券负载均衡设备更新采购项目,竞争性谈判,替换迁移,采购负载均衡设备，含5年原厂维保，自合同签订后30天内供货,612000,,,2026-07-03 09:30,60,30,
notices,2026-06-22_e468fd59_国泰海通证券2026年第七批高性能服务器租赁项目询价公告.md,c56e60805f95d4568d641c126cd1914d8bedf4ba,2026-07-02T00:19:53.977404+00:00,D:\broker-announcement-system-demo\backend\data\raw_json\2026-06-22_e468fd59_国泰海通证券2026年第七批高性能服务器租赁项目询价公告.json,国泰海通证券,2026-06-22,采购招标,IT软硬件,基础算力与云存储,国泰海通证券2026年第七批高性能服务器租赁项目,公开招标,租赁,租赁若干台高性能服务器，实施地点为上海,,,,2026-06-30 17:00,,,
notices,2026-06-23_046c72c4_国泰海通证券金融科技园南区节能改造UPS扩容升级采购项目（第二次）招标公告.md,0c639a687b934e4ab3928492d72c5ce7a315741b,2026-07-02T00:19:53.977404+00:00,D:\broker-announcement-system-demo\backend\data\raw_json\2026-06-23_046c72c4_国泰海通证券金融科技园南区节能改造UPS扩容升级采购项目（第二次）招标公告.json,国泰海通证券,2026-06-23,采购招标,IT软硬件,基础算力与云存储,国泰海通证券金融科技园南区节能改造UPS扩容升级采购项目（第二次）,公开招标,扩容,对金融科技园南区8台伊顿UPS进行节能改造，扩容4台UPS及配套电池、电池架、电池开关柜、电缆等设备，含安装调试及原厂维保2年。,,4980000,,2026-07-14 09:30,24,,
notices,2026-06-23_94c1db48_中信建投证券公司财产一切险和公众责任险采购项目竞争性磋商公告.md,e4fc2f32678ef313a9fadd51f4f47c5bc20f94f3,2026-07-02T00:19:53.979399+00:00,D:\broker-announcement-system-demo\backend\data\raw_json\2026-06-23_94c1db48_中信建投证券公司财产一切险和公众责任险采购项目竞争性磋商公告.json,中信建投证券,2026-06-23,采购招标,专业及金融服务,其他未分类,中信建投证券公司财产一切险和公众责任险采购项目,竞争性磋商,服务订阅,选聘1家供应商提供财产一切险和公众责任险服务，服务期三年,,,,2026-07-07 10:00,36,,
notices,2026-06-24_2a988427_财信证券相关信创服务器采购项目（2026年第一批）招标公告.md,92432c7152f6d95fb1a73503cbb5e5486d905678,2026-07-02T00:19:53.979399+00:00,D:\broker-announcement-system-demo\backend\data\raw_json\2026-06-24_2a988427_财信证券相关信创服务器采购项目（2026年第一批）招标公告.json,财信证券,2026-06-24,采购招标,IT软硬件,基础算力与云存储,财信证券相关信创服务器采购项目（2026年第一批）标段1：国产ARM信创服务器,公开招标,新购,采购国产ARM信创服务器，含税预算242.48万元,2424800,,,2026-07-15 09:30,,20,
notices,2026-06-24_2a988427_财信证券相关信创服务器采购项目（2026年第一批）招标公告.md,92432c7152f6d95fb1a73503cbb5e5486d905678,2026-07-02T00:19:53.979399+00:00,D:\broker-announcement-system-demo\backend\data\raw_json\2026-06-24_2a988427_财信证券相关信创服务器采购项目（2026年第一批）招标公告.json,财信证券,2026-06-24,采购招标,IT软硬件,基础算力与云存储,财信证券相关信创服务器采购项目（2026年第一批）标段2：国产x86信创服务器,公开招标,新购,采购国产x86信创服务器，含税预算140.5万元,1405000,,,2026-07-15 09:30,,20,
notices,2026-06-24_54599fe9_国泰海通证券2026年EMC集中存储设备续保项目询价公告（延期）.md,8e973665ed3a05e12c69c711ef3080e96c55c8eb,2026-07-02T00:19:53.979399+00:00,D:\broker-announcement-system-demo\backend\data\raw_json\2026-06-24_54599fe9_国泰海通证券2026年EMC集中存储设备续保项目询价公告（延期）.json,国泰海通证券,2026-06-24,采购招标,IT软硬件,IT运维与外包,国泰海通证券2026年EMC集中存储设备续保项目,公开招标,维保,采购1家供应商提供EMC存储项目维保服务，实施地点为上海,,,,2026-06-30 17:00,,,
notices,2026-06-25_1c831d4a_中信建投证券财富管理APP AI建设项目竞争性磋商公告.md,348536ea65a467bdd8a30c2e550682514bd4795c,2026-07-02T00:19:53.979399+00:00,D:\broker-announcement-system-demo\backend\data\raw_json\2026-06-25_1c831d4a_中信建投证券财富管理APP AI建设项目竞争性磋商公告.json,中信建投证券,2026-06-25,采购招标,IT软硬件,业务系统与软件,中信建投证券财富管理APP AI建设项目,竞争性磋商,新购,选聘1家供应商建设财富管理APP AI功能，用于金融业务场景移动端智能化,,,,2026-07-06 09:30,,,
notices,2026-06-25_41f29dbb_国泰海通证券金融科技园南区节能改造液冷系统升级采购项目招标公告.md,0a30f33de1d49c58e31ec7508da4509b3c10a855,2026-07-02T00:19:53.982391+00:00,D:\broker-announcement-system-demo\backend\data\raw_json\2026-06-25_41f29dbb_国泰海通证券金融科技园南区节能改造液冷系统升级采购项目招标公告.json,国泰海通证券,2026-06-25,采购招标,IT软硬件,基础算力与云存储,国泰海通证券金融科技园南区节能改造液冷系统升级采购项目,公开招标,升级改造,采购冷板液冷系统、闭式冷却塔、信创PC等设备及安装调试服务，用于园区液冷系统升级改造,4240000,4240000,,2026-07-16 09:30,24,,
notices,2026-06-25_93882713_光大证券股份有限公司华北IDC机房-机柜租赁_2026_托管项目招标公告.md,302cf6e4d4f9726280cde3f475cd6ce477ffd140,2026-07-02T00:19:53.982903+00:00,D:\broker-announcement-system-demo\backend\data\raw_json\2026-06-25_93882713_光大证券股份有限公司华北IDC机房-机柜租赁_2026_托管项目招标公告.json,光大证券,2026-06-25,采购招标,IT软硬件,基础算力与云存储,光大证券股份有限公司华北IDC机房-机柜租赁_2026_托管项目,公开招标,租赁,租赁12个标准机柜（每柜不低于4KW），提供80台设备搬迁及一条10M专线，服务期1年,,1020000,,2026-07-23 09:00,12,,
notices,2026-06-25_f6759e0d_光大证券股份有限公司1069x三网合一短信通道_2026_服务项目招标公告.md,385beff52cc7bf785665b2ed98d6a0afd96e233a,2026-07-02T00:19:53.982903+00:00,D:\broker-announcement-system-demo\backend\data\raw_json\2026-06-25_f6759e0d_光大证券股份有限公司1069x三网合一短信通道_2026_服务项目招标公告.json,光大证券,2026-06-25,采购招标,IT软硬件,业务系统与软件,光大证券股份有限公司1069x三网合一短信通道_2026_服务项目,公开招标,服务订阅,采购1069x三网合一短信通道服务，实现移动、联通、电信三网短信发送全覆盖，服务期3年。,,0.032,,2026-07-21 13:30,36,90,
notices,2026-06-26_5f0b5194_国泰海通证券2026年AICC平台软件采购项目询价公告.md,01b219b16384431a88fa0e1ac2408068f2faa0a9,2026-07-02T00:19:53.982903+00:00,D:\broker-announcement-system-demo\backend\data\raw_json\2026-06-26_5f0b5194_国泰海通证券2026年AICC平台软件采购项目询价公告.json,国泰海通证券,2026-06-26,采购招标,IT软硬件,业务系统与软件,国泰海通证券2026年AICC软件平台采购项目,公开招标,新购,采购1套AICC软件平台，用于智能客服或呼叫中心场景,,,,2026-07-03 17:00,,,
notices,2026-06-26_613ab661_中信建投证券服务器配件采购项目谈判公告.md,41e1ef4b14de74656a01556cde0833a7b74151b9,2026-07-02T00:19:53.984894+00:00,D:\broker-announcement-system-demo\backend\data\raw_json\2026-06-26_613ab661_中信建投证券服务器配件采购项目谈判公告.json,中信建投证券,2026-06-26,采购招标,IT软硬件,基础算力与云存储,中信建投证券服务器配件采购项目,竞争性谈判,新购,采购服务器配件，具体规格详见技术规范书,,,,2026-07-07 09:30,,,
notices,2026-06-26_f549b158_光大证券股份有限公司数据交换平台_informatica_2026_维保项目公开招标公告.md,80e84970f0ed7e70967a7ed22d12ceb00e5d1a04,2026-07-02T00:19:53.984894+00:00,D:\broker-announcement-system-demo\backend\data\raw_json\2026-06-26_f549b158_光大证券股份有限公司数据交换平台_informatica_2026_维保项目公开招标公告.json,光大证券,2026-06-26,采购招标,IT软硬件,IT运维与外包,光大证券股份有限公司数据交换平台_informatica_2026_维保项目,公开招标,维保,采购Informatica数据交换平台维保服务，服务期1年,286000,,,2026-07-17 09:00,12,,
notices,2026-06-29_1749ff12_国泰海通证券2026年客服中心智能化质检及价值中控能力建设项目竞争性磋商公告.md,c6ff39dab17fc36489e5f31d3c29e0632d61b9fa,2026-07-02T00:19:53.984894+00:00,D:\broker-announcement-system-demo\backend\data\raw_json\2026-06-29_1749ff12_国泰海通证券2026年客服中心智能化质检及价值中控能力建设项目竞争性磋商公告.json,国泰海通证券,2026-06-29,采购招标,IT软硬件,业务系统与软件,国泰海通证券2026年客服中心智能化质检及价值中控能力建设项目,公开招标,新购,采购1家供应商提供客服中心智能化质检及价值中控能力建设服务，实施地点为上海,,,,2026-07-09 14:00,,,
notices,2026-06-29_dae210e9_兴业证券核心交易系统信创建设项目招标公告.md,36dfae29fd3ef8725923a38334209ac26bc9a5a1,2026-07-02T00:19:53.984894+00:00,D:\broker-announcement-system-demo\backend\data\raw_json\2026-06-29_dae210e9_兴业证券核心交易系统信创建设项目招标公告.json,兴业证券,2026-06-29,采购招标,IT软硬件,业务系统与软件,兴业证券核心交易系统信创建设项目,公开招标,替换迁移,采购核心交易系统信创建设，提供三年维保服务。,,5000000,,2026-07-20 09:00,36,,
notices,2026-06-30_25bb30d8_中信建投证券实时资产核算系统信创改造2026年采购项目公开比选公告.md,2aeff30a1999d9f76d75889c966b12a3154dbad1,2026-07-02T00:19:53.987888+00:00,D:\broker-announcement-system-demo\backend\data\raw_json\2026-06-30_25bb30d8_中信建投证券实时资产核算系统信创改造2026年采购项目公开比选公告.json,中信建投证券,2026-06-30,采购招标,IT软硬件,业务系统与软件,中信建投证券实时资产核算系统信创改造2026年采购项目,其他,升级改造,采购实时资产核算系统信创改造定制化开发服务,,,,2026-07-09 13:00,,,
notices,2026-06-30_38c9f977_国泰海通证券2026年Netapp存储设备维保服务采购项目询价公告.md,01bfbcfb33ced099fbea6fafe11b401786bc7244,2026-07-02T00:19:53.988884+00:00,D:\broker-announcement-system-demo\backend\data\raw_json\2026-06-30_38c9f977_国泰海通证券2026年Netapp存储设备维保服务采购项目询价公告.json,国泰海通证券,2026-06-30,采购招标,IT软硬件,IT运维与外包,国泰海通证券2026年Netapp存储设备维保服务采购项目,公开招标,维保,采购Netapp存储设备维保服务，服务期1年,,,,2026-07-07 17:00,12,,
notices,2026-07-01_21d62720_中信建投证券客户身份认证服务采购项目磋商公告.md,b0586274c83195c6eb1f164064a688f43e5d2feb,2026-07-06T02:19:46.269114+00:00,backend/data/raw_json/2026-07-01_21d62720_中信建投证券客户身份认证服务采购项目磋商公告.json,中信建投证券,2026-07-01,采购招标,专业及金融服务,营销与投研数据,中信建投证券客户身份认证服务采购项目,竞争性磋商,服务订阅,采购客户身份认证服务，服务期三年,,,,2026-07-13 09:30,36,,
notices,2026-07-01_2f59220f_国泰海通证券2026年华为云张江生产集群存储扩容硬盘采购项目询价公告.md,dbd18d0fefff751794c7abf32543ee690698a858,2026-07-02T00:19:53.988884+00:00,D:\broker-announcement-system-demo\backend\data\raw_json\2026-07-01_2f59220f_国泰海通证券2026年华为云张江生产集群存储扩容硬盘采购项目询价公告.json,国泰海通证券,2026-07-01,采购招标,IT软硬件,基础算力与云存储,国泰海通证券2026年华为云张江生产集群存储扩容硬盘采购项目,公开招标,扩容,采购兼容华为OceanStor Pacific 9920的存储硬盘，含三年维保,,,,2026-07-07 17:00,36,,
notices,2026-07-01_6b4dab31_国新证券宇量易联算法管理平台软件2026年至2027年维护费项目（二次）.md,2551dcabbd29146ece894ab41626c235c6a6ca37,2026-07-06T02:19:46.302083+00:00,backend/data/raw_json/2026-07-01_6b4dab31_国新证券宇量易联算法管理平台软件2026年至2027年维护费项目（二次）.json,国新证券,2026-07-01,采购招标,IT软硬件,IT运维与外包,国新证券宇量易联算法管理平台软件2026年至2027年维护费项目（二次）,其他,维保,采购宇量易联算法管理平台软件2026年至2027年维护服务,,150000,,2026-07-10 10:00,24,,
notices,2026-07-01_6ea2f81e_国泰海通证券重庆分公司装修施工采购项目招标公告.md,e930b7f2223ade7afcd2feb44a77de7da6b567cc,2026-07-06T02:19:46.269114+00:00,backend/data/raw_json/2026-07-01_6ea2f81e_国泰海通证券重庆分公司装修施工采购项目招标公告.json,国泰海通证券,2026-07-01,采购招标,其他,工程装修与物业,国泰海通证券重庆分公司装修施工采购项目,公开招标,新购,重庆分公司及营业部新址装修施工，面积1928.34平方米，工期60天,,3080000,,2026-07-22 13:00,,60,
notices,2026-07-01_742ff993_国泰海通证券2026年河北分公司服务器租赁项目询价公告.md,a546506fdb004174f062dc44eddfbe9ac30e332c,2026-07-06T02:19:46.290713+00:00,backend/data/raw_json/2026-07-01_742ff993_国泰海通证券2026年河北分公司服务器租赁项目询价公告.json,国泰海通证券,2026-07-01,采购招标,IT软硬件,基础算力与云存储,国泰海通证券2026年河北分公司服务器租赁项目,公开招标,租赁,租赁1家供应商提供高性能服务器，用于河北分公司,,,,2026-07-07 17:00,,,
notices,2026-07-02_42d25255_中信证券华南股份有限公司海南分公司原址扩租改造装修工程（第二次）招标公告.md,c65493707f95c83885f0043f5d8fffe4c99fc2c2,2026-07-06T02:20:07.576885+00:00,backend/data/raw_json/2026-07-02_42d25255_中信证券华南股份有限公司海南分公司原址扩租改造装修工程（第二次）招标公告.json,中信证券,2026-07-02,采购招标,其他,工程装修与物业,中信证券华南股份有限公司海南分公司原址扩租改造装修工程（第二次）,公开招标,升级改造,海南分公司原址扩租改造装修，面积约200平方米，包括装饰、暖通、消防、电气等工程。,,830000,,2026-07-23 09:30,,60,
notices,2026-07-03_3795c265_财信证券CRM系统信创改造升级-数据库部分采购项目采购公告.md,9e17fe2088612da68832a6da7778cf897d8aa437,2026-07-06T02:20:07.605743+00:00,backend/data/raw_json/2026-07-03_3795c265_财信证券CRM系统信创改造升级-数据库部分采购项目采购公告.json,财信证券,2026-07-03,采购招标,IT软硬件,业务系统与软件,财信证券CRM系统信创改造升级-数据库部分采购项目,竞争性谈判,升级改造,采购3套OceanBase企业版数据库管理系统，含3节点永久许可授权及1年原厂维保服务,501300,,,2026-07-14 09:30,12,,
notices,2026-07-03_563e79c3_中信建投证券全天候信息智能感知平台采购项目招标公告.md,f97a14537f6bada8eaf1169f452bcf290f112a93,2026-07-06T02:20:07.820016+00:00,backend/data/raw_json/2026-07-03_563e79c3_中信建投证券全天候信息智能感知平台采购项目招标公告.json,中信建投证券,2026-07-03,采购招标,IT软硬件,业务系统与软件,中信建投证券全天候信息智能感知平台采购项目,公开招标,新购,采购1套全天候信息智能感知平台，用于信息采集与分析,,,,2026-07-24 09:30,,,
notices,2026-07-03_c9f64043_中信建投证券2026-2028年办公区家具采购项目招标公告.md,f8932539b0fe4a8680425284d68195616cf1ddb2,2026-07-06T02:20:08.368279+00:00,backend/data/raw_json/2026-07-03_c9f64043_中信建投证券2026-2028年办公区家具采购项目招标公告.json,中信建投证券,2026-07-03,采购招标,其他,行政与办公后勤,中信建投证券2026-2028年办公区家具采购项目,公开招标,新购,采购办公家具，服务期自合同签订之日起三年。,,,,2026-07-24 09:30,36,,
shanxi_securities,468156a9881ffe92d6a0a1db.md,4625f68602b39b62c3d269d56b8eaf1b74232909,2026-06-25T08:25:12.815439+00:00,D:\Auto_capture_info\documents\structured_announcements\raw_json\shanxi_securities\468156a9881ffe92d6a0a1db.json,山西证券,2026-03-06,结果公示,专业及金融服务,审计与咨询服务,山西证券股份有限公司“十五五”战略规划咨询项目,,,,,,,,,,上海恺讯企业管理咨询有限公司
shanxi_securities,d730ea4cbf7303b59a4c2853.md,e82009590c5758a394b1cc073c335400066ea09f,2026-06-25T08:25:12.815367+00:00,D:\Auto_capture_info\documents\structured_announcements\raw_json\shanxi_securities\d730ea4cbf7303b59a4c2853.json,山西证券,2026-02-25,结果公示,专业及金融服务,审计与咨询服务,山西证券2026年ESG信息披露服务项目,,,,,,,,,,责扬天下（北京）管理顾问有限公司
xingye_securities,0006e6fe3d37fcd5dc2bc411.md,611411f61902759c45e1923c251bc19c00bab981,2026-06-25T08:25:12.815040+00:00,D:\Auto_capture_info\documents\structured_announcements\raw_json\xingye_securities\0006e6fe3d37fcd5dc2bc411.json,兴证全球基金管理有限公司,2026-04-27,结果公示,专业及金融服务,营销与投研数据,ETF流动性服务商采购项目,公开招标,,,,,,,,,
xingye_securities,00d94a1ea0e242649f00d485.md,35d2c14faea89fa53cfe8f41c488671fcf96a5df,2026-06-25T08:25:12.815098+00:00,D:\Auto_capture_info\documents\structured_announcements\raw_json\xingye_securities\00d94a1ea0e242649f00d485.json,兴业证券,,采购招标,专业及金融服务,营销与投研数据,兴业证券官微订阅号“兴业证券发布”运营商采购项目,,,,,,,,,,
xingye_securities,0187e754780b4b1fbe81e5fe.md,73be97895612adf5d77d62a774ec27d9bc0703f6,2026-06-25T08:25:12.823206+00:00,D:\Auto_capture_info\documents\structured_announcements\raw_json\xingye_securities\0187e754780b4b1fbe81e5fe.json,兴业证券,2026-03-04,结果公示,IT软硬件,业务系统与软件,兴业证券股份有限公司大投行数智化平台,公开招标,,,,,2667600,,,,苏州工业园区凌志软件股份有限公司
xingye_securities,026fabd773ecf37192a2483b.md,ccabd6fcca3894cf46c1e216a78300e091d61a5f,2026-06-25T08:25:12.823382+00:00,D:\Auto_capture_info\documents\structured_announcements\raw_json\xingye_securities\026fabd773ecf37192a2483b.json,兴业证券,,采购招标,其他,工程装修与物业,兴业证券大理分公司装修工程采购项目,,,,,,,,,,
xingye_securities,05e35bcd11402f6a51a38d71.md,7b5c2893231ebb22d9232ff7e538adca6bbb1d4c,2026-06-25T08:25:12.820124+00:00,D:\Auto_capture_info\documents\structured_announcements\raw_json\xingye_securities\05e35bcd11402f6a51a38d71.json,兴业证券,,采购招标,IT软硬件,网络与信息安全,核心交易系统信创网络设备采购（合同包1：交换机）,公开招标,,,,,,,,,
xingye_securities,05e35bcd11402f6a51a38d71.md,7b5c2893231ebb22d9232ff7e538adca6bbb1d4c,2026-06-25T08:25:12.820124+00:00,D:\Auto_capture_info\documents\structured_announcements\raw_json\xingye_securities\05e35bcd11402f6a51a38d71.json,兴业证券,,采购招标,IT软硬件,网络与信息安全,核心交易系统信创网络设备采购（合同包2：防火墙）,公开招标,,,,,,,,,
xingye_securities,061b169ea618bd109ec5845c.md,79a59c0f79e144d360aeb7075bee983c59aa0241,2026-06-25T08:25:12.822899+00:00,D:\Auto_capture_info\documents\structured_announcements\raw_json\xingye_securities\061b169ea618bd109ec5845c.json,兴业证券,,采购招标,其他,工程装修与物业,兴业证券郑州东风路营业部搬迁装修工程采购项目,,,,,,,,,,
xingye_securities,063e6a54b798bd3ff4da80ed.md,6db5ae76adcdb840e0dd0a7bab078193c7686260,2026-06-25T08:25:12.822629+00:00,D:\Auto_capture_info\documents\structured_announcements\raw_json\xingye_securities\063e6a54b798bd3ff4da80ed.json,兴业证券,2026-01-29,采购招标,IT软硬件,基础算力与云存储,兴业证券2026-2028年度信创云平台软件及服务采购项目,公开招标,,,,,,,,,
xingye_securities,07a46ae09607dff99a75a1fc.md,4338a1d51959795c6c1718187c17d3a14c138b78,2026-06-25T08:25:12.823144+00:00,D:\Auto_capture_info\documents\structured_announcements\raw_json\xingye_securities\07a46ae09607dff99a75a1fc.json,兴业证券,,采购招标,其他,工程装修与物业,兴业证券北京武定侯街证券营业部装修工程采购项目,,,,,,,,,,
xingye_securities,13d60df7476ada284976e11b.md,f8a4106a9d1937bada009c4ee97d361f77d2ae5e,2026-06-25T08:25:12.823542+00:00,D:\Auto_capture_info\documents\structured_announcements\raw_json\xingye_securities\13d60df7476ada284976e11b.json,兴业证券,2026-03-10,结果公示,IT软硬件,基础算力与云存储,2025年第二批次信创服务器采购项目（二次）合同包1（海光、鲲鹏均可路线服务器采购）,,,,,,10960000,,,,世纪怡嘉软件科技有限公司
xingye_securities,13d60df7476ada284976e11b.md,f8a4106a9d1937bada009c4ee97d361f77d2ae5e,2026-06-25T08:25:12.823542+00:00,D:\Auto_capture_info\documents\structured_announcements\raw_json\xingye_securities\13d60df7476ada284976e11b.json,兴业证券,2026-03-10,结果公示,IT软硬件,基础算力与云存储,2025年第二批次信创服务器采购项目（二次）合同包2（海光路线服务器采购）,,,,,,1415232,,,,北京可利邦信息技术股份有限公司
xingye_securities,1987992cd0d0c63877033f18.md,3e2d1d4dcfaf9b60c4623c3d3c348fcbe4708916,2026-06-25T08:25:12.830827+00:00,D:\Auto_capture_info\documents\structured_announcements\raw_json\xingye_securities\1987992cd0d0c63877033f18.json,兴业证券,2026-02-03,流标废标,IT软硬件,基础算力与云存储,2025年第二批次信创服务器采购项目,公开招标,,,,,,,,,
xingye_securities,1a54e77f7e4072dbcaba18c2.md,0653543427dcb473ba29137cade94a5e0d2d55f6,2026-06-25T08:25:12.830560+00:00,D:\Auto_capture_info\documents\structured_announcements\raw_json\xingye_securities\1a54e77f7e4072dbcaba18c2.json,兴业证券,,采购招标,其他,行政与办公后勤,兴业证券上海办公场所前台及保洁外包服务采购项目,,,,,,,,,,
xingye_securities,21db27a019e2930503242756.md,24526cfb18c68e3a97007fc21d3365d2b64526ee,2026-06-25T08:25:12.830680+00:00,D:\Auto_capture_info\documents\structured_announcements\raw_json\xingye_securities\21db27a019e2930503242756.json,兴业证券,2026-03-25,采购招标,IT软硬件,基础算力与云存储,兴业证券2026年第一批次信创服务器采购项目-包件1：海光、鲲鹏均可路线服务器,公开招标,,,,,,,,,
xingye_securities,21db27a019e2930503242756.md,24526cfb18c68e3a97007fc21d3365d2b64526ee,2026-06-25T08:25:12.830680+00:00,D:\Auto_capture_info\documents\structured_announcements\raw_json\xingye_securities\21db27a019e2930503242756.json,兴业证券,2026-03-25,采购招标,IT软硬件,基础算力与云存储,兴业证券2026年第一批次信创服务器采购项目-包件2：鲲鹏路线服务器,公开招标,,,,,,,,,
xingye_securities,21db27a019e2930503242756.md,24526cfb18c68e3a97007fc21d3365d2b64526ee,2026-06-25T08:25:12.830680+00:00,D:\Auto_capture_info\documents\structured_announcements\raw_json\xingye_securities\21db27a019e2930503242756.json,兴业证券,2026-03-25,采购招标,IT软硬件,基础算力与云存储,兴业证券2026年第一批次信创服务器采购项目-包件3：海光路线服务器,公开招标,,,,,,,,,
xingye_securities,265af3b3fc5fd275637ec3ed.md,507f9de0b5e3e8a9645ff592a73f7db34822a20b,2026-06-25T08:25:12.830914+00:00,D:\Auto_capture_info\documents\structured_announcements\raw_json\xingye_securities\265af3b3fc5fd275637ec3ed.json,兴业证券,2026-03-10,结果公示,IT软硬件,基础算力与云存储,兴业证券2026-2028年度信创云平台软件及服务采购项目,,,,,,13177003,,,,深圳华云信息系统科技股份有限公司
xingye_securities,28b03b8a3acfefaea80583c3.md,7cdc283ff6a9d941bae18a20fde2d1285a256e04,2026-06-25T08:25:12.831382+00:00,D:\Auto_capture_info\documents\structured_announcements\raw_json\xingye_securities\28b03b8a3acfefaea80583c3.json,兴业证券,2026-04-03,采购招标,IT软硬件,基础算力与云存储,兴业证券核心交易系统信创建设项目服务器采购项目,公开招标,,,,,,,,,
xingye_securities,2a66d798e0d10e13795440d4.md,b618bd6f34046dd69db6e425af94a38be3a37479,2026-06-25T08:25:12.832019+00:00,D:\Auto_capture_info\documents\structured_announcements\raw_json\xingye_securities\2a66d798e0d10e13795440d4.json,兴业证券,,采购招标,IT软硬件,基础算力与云存储,2025年第二批次信创服务器采购项目-合同包1：海光、鲲鹏均可路线服务器采购,公开招标,,,,,,,,,
xingye_securities,2a66d798e0d10e13795440d4.md,b618bd6f34046dd69db6e425af94a38be3a37479,2026-06-25T08:25:12.832019+00:00,D:\Auto_capture_info\documents\structured_announcements\raw_json\xingye_securities\2a66d798e0d10e13795440d4.json,兴业证券,,采购招标,IT软硬件,基础算力与云存储,2025年第二批次信创服务器采购项目-合同包2：海光路线服务器采购,公开招标,,,,,,,,,
xingye_securities,2e7b09ee5ab05c0af8ad23a4.md,5c228077432058ea04eb95767ff44d5dbe6883fd,2026-06-25T08:25:12.832155+00:00,D:\Auto_capture_info\documents\structured_announcements\raw_json\xingye_securities\2e7b09ee5ab05c0af8ad23a4.json,兴证全球基金管理有限公司,2026-03-30,采购招标,专业及金融服务,营销与投研数据,兴证全球基金管理有限公司ETF流动性服务商采购项目,公开招标,,,,,,,,,
xingye_securities,2f4c49aad5534b3f4665f746.md,fb83479877a5cb030d3f3e9a276b3ec252f7f74e,2026-06-25T08:25:12.838487+00:00,D:\Auto_capture_info\documents\structured_announcements\raw_json\xingye_securities\2f4c49aad5534b3f4665f746.json,兴业证券,2026-02-05,采购招标,IT软硬件,IT运维与外包,兴业证券数据中心网络及存储设备原厂深度健康检查及软件版本评估服务项目（包件1：思科原厂高级服务）,公开招标,,,,,,,,,
xingye_securities,2fda02071d1c6d4a5041c4f8.md,683d9c2234d4d08b7e1638a8810cc1aa5dd21943,2026-06-25T08:25:12.839103+00:00,D:\Auto_capture_info\documents\structured_announcements\raw_json\xingye_securities\2fda02071d1c6d4a5041c4f8.json,兴业证券,2026-01-29,流标废标,IT软硬件,基础算力与云存储,兴业证券股份有限公司大模型算力服务器租赁服务项目,公开招标,,,,,,,,,
xingye_securities,404f7eac5234e1c298b90050.md,b9dfffa0fecadf39df26b9cf28ed31c4e6b4e5f0,2026-06-25T08:25:12.838690+00:00,D:\Auto_capture_info\documents\structured_announcements\raw_json\xingye_securities\404f7eac5234e1c298b90050.json,兴业证券,,采购招标,其他,工程装修与物业,兴业证券扬州分公司装修工程采购项目,,,,,,,,,,
xingye_securities,40f899edec2092dce85b7e78.md,6faea171026e310da91e68293b3b2e22cfa61294,2026-06-25T08:25:12.838975+00:00,D:\Auto_capture_info\documents\structured_announcements\raw_json\xingye_securities\40f899edec2092dce85b7e78.json,兴业证券,2026-04-21,结果公示,IT软硬件,基础算力与云存储,兴业证券2026年第一批次信创服务器采购项目-包件1,公开招标,,,,,18040008,,,,上海云选信息技术有限公司
xingye_securities,40f899edec2092dce85b7e78.md,6faea171026e310da91e68293b3b2e22cfa61294,2026-06-25T08:25:12.838975+00:00,D:\Auto_capture_info\documents\structured_announcements\raw_json\xingye_securities\40f899edec2092dce85b7e78.json,兴业证券,2026-04-21,结果公示,IT软硬件,基础算力与云存储,兴业证券2026年第一批次信创服务器采购项目-包件2,公开招标,,,,,7479306,,,,上海南天电脑系统有限公司
xingye_securities,40f899edec2092dce85b7e78.md,6faea171026e310da91e68293b3b2e22cfa61294,2026-06-25T08:25:12.838975+00:00,D:\Auto_capture_info\documents\structured_announcements\raw_json\xingye_securities\40f899edec2092dce85b7e78.json,兴业证券,2026-04-21,结果公示,IT软硬件,基础算力与云存储,兴业证券2026年第一批次信创服务器采购项目-包件3,公开招标,,,,,9344352,,,,上海沐高网络科技有限公司
xingye_securities,43a1e7ffe2b905db4a45f052.md,79f25249c5218595279bf43d075b02aaf2d4539c,2026-06-25T08:25:12.838222+00:00,D:\Auto_capture_info\documents\structured_announcements\raw_json\xingye_securities\43a1e7ffe2b905db4a45f052.json,兴业证券,2026-01-07,流标废标,专业及金融服务,审计与咨询服务,兴业证券股份有限公司2025-2026年IT项目投资评审服务项目,公开招标,,,,,,,,,
xingye_securities,4458e687ed96beec6f8876ed.md,60a3ab4cc3fefd4e567c14ef7e61b5ef695acdd8,2026-06-25T08:25:12.841120+00:00,D:\Auto_capture_info\documents\structured_announcements\raw_json\xingye_securities\4458e687ed96beec6f8876ed.json,,,采购招标,IT软硬件,业务系统与软件,数据开发与治理技术平台采购项目,公开招标,,,,,,,,,
xingye_securities,450abd45273f7d1256c341a3.md,81b179b805f6b08bb357981a71b71f372d79c9c7,2026-06-25T08:25:12.843274+00:00,D:\Auto_capture_info\documents\structured_announcements\raw_json\xingye_securities\450abd45273f7d1256c341a3.json,兴业证券,,流标废标,IT软硬件,IT运维与外包,兴业证券2026年度集团数据中心基础设施维保服务采购项目(包5重新招标),公开招标,,,,,,,,,
xingye_securities,455f9722205c4a8df08ce0ca.md,5fb6060de5c89604e14faf981bb512285c0cbde4,2026-06-25T08:25:12.846454+00:00,D:\Auto_capture_info\documents\structured_announcements\raw_json\xingye_securities\455f9722205c4a8df08ce0ca.json,兴业证券,2026-03-06,结果公示,IT软硬件,基础算力与云存储,2025年第二批次信创服务器采购项目（二次）合同包1（海光、鲲鹏均可路线服务器采购）,公开招标,,,,,10960000,,,,世纪怡嘉软件科技有限公司
xingye_securities,455f9722205c4a8df08ce0ca.md,5fb6060de5c89604e14faf981bb512285c0cbde4,2026-06-25T08:25:12.846454+00:00,D:\Auto_capture_info\documents\structured_announcements\raw_json\xingye_securities\455f9722205c4a8df08ce0ca.json,兴业证券,2026-03-06,结果公示,IT软硬件,基础算力与云存储,2025年第二批次信创服务器采购项目（二次）合同包2（海光路线服务器采购）,公开招标,,,,,1415232,,,,北京可利邦信息技术股份有限公司
xingye_securities,4ed417c4213a6ea8ea02bda5.md,f7ea352e4a2a847491f1f42904225d92d0ae7008,2026-06-25T08:25:12.846546+00:00,D:\Auto_capture_info\documents\structured_announcements\raw_json\xingye_securities\4ed417c4213a6ea8ea02bda5.json,兴业证券,,采购招标,其他,工程装修与物业,兴业证券广东分公司本部与广州天河路证券营业部合署办公区域改造装修工程采购项目,,,,,,,,,,
xingye_securities,525ec822414676699282f202.md,4e1837cdb6daaf4da4fe9d7295ee661ad1084854,2026-06-25T08:25:12.848732+00:00,D:\Auto_capture_info\documents\structured_announcements\raw_json\xingye_securities\525ec822414676699282f202.json,兴业证券,,采购招标,IT软硬件,业务系统与软件,兴业证券股份有限公司大投行数智化平台项目,公开招标,,,,,,,,,
xingye_securities,53bff8614aec45a17adac455.md,9bde34a5d137603e2650c5b33f9bf3abd26e61cb,2026-06-25T08:25:12.848050+00:00,D:\Auto_capture_info\documents\structured_announcements\raw_json\xingye_securities\53bff8614aec45a17adac455.json,兴业证券,2026-06-13,结果公示,IT软硬件,基础算力与云存储,兴业证券2026年第二批次信创服务器采购项目包件1,公开招标,,,,,11492700,,,,上海华讯网络系统有限公司
xingye_securities,53bff8614aec45a17adac455.md,9bde34a5d137603e2650c5b33f9bf3abd26e61cb,2026-06-25T08:25:12.848050+00:00,D:\Auto_capture_info\documents\structured_announcements\raw_json\xingye_securities\53bff8614aec45a17adac455.json,兴业证券,2026-06-13,结果公示,IT软硬件,基础算力与云存储,兴业证券2026年第二批次信创服务器采购项目包件2,公开招标,,,,,1888000,,,,上海云选信息技术有限公司
xingye_securities,53bff8614aec45a17adac455.md,9bde34a5d137603e2650c5b33f9bf3abd26e61cb,2026-06-25T08:25:12.848050+00:00,D:\Auto_capture_info\documents\structured_announcements\raw_json\xingye_securities\53bff8614aec45a17adac455.json,兴业证券,2026-06-13,结果公示,IT软硬件,基础算力与云存储,兴业证券2026年第二批次信创服务器采购项目包件3,公开招标,,,,,9349950,,,,福建创智联数据技术有限公司
xingye_securities,550c37ef8729eba3450480d9.md,8309072fd8f6900044023b40f8f82c97dec2675e,2026-06-25T08:25:12.847679+00:00,D:\Auto_capture_info\documents\structured_announcements\raw_json\xingye_securities\550c37ef8729eba3450480d9.json,兴业证券,2026-05-11,流标废标,IT软硬件,网络与信息安全,核心交易系统信创网络设备采购,公开招标,,,,,,,,,
xingye_securities,57dc54397e210c6c417777e9.md,522d1baedbd4be41ad2d1262b0b9cb2a131c0f09,2026-06-25T08:25:12.848022+00:00,D:\Auto_capture_info\documents\structured_announcements\raw_json\xingye_securities\57dc54397e210c6c417777e9.json,兴业证券,2026-06-18,结果公示,专业及金融服务,人力与外包服务,兴业证券股份有限公司网开单向视频回访服务外包项目,公开招标,,,,,3156000,,,,北京百思特捷迅科技有限公司
xingye_securities,59bc013a75c49912fd63e0ef.md,1163b2dbbf50e315e76bc1d63bf169eeb5b48f7d,2026-06-25T08:25:12.848632+00:00,D:\Auto_capture_info\documents\structured_announcements\raw_json\xingye_securities\59bc013a75c49912fd63e0ef.json,兴业证券,,采购招标,IT软硬件,基础算力与云存储,2025年第二批次信创服务器采购项目（二次）合同包1：海光、鲲鹏均可路线服务器采购,公开招标,,,,,,,,,
xingye_securities,59bc013a75c49912fd63e0ef.md,1163b2dbbf50e315e76bc1d63bf169eeb5b48f7d,2026-06-25T08:25:12.848632+00:00,D:\Auto_capture_info\documents\structured_announcements\raw_json\xingye_securities\59bc013a75c49912fd63e0ef.json,兴业证券,,采购招标,IT软硬件,基础算力与云存储,2025年第二批次信创服务器采购项目（二次）合同包2：海光路线服务器采购,公开招标,,,,,,,,,
xingye_securities,5b302c8a1693a385223553f2.md,a9bbab00c82ca6f88384f4d31f4094ce2e151d51,2026-06-25T08:25:12.853900+00:00,D:\Auto_capture_info\documents\structured_announcements\raw_json\xingye_securities\5b302c8a1693a385223553f2.json,兴业证券,2026-03-11,结果公示,IT软硬件,IT运维与外包,兴业证券数据中心网络及存储设备原厂深度健康检查及软件版本评估服务项目（包件3：日立原厂高级服务）,公开招标,,,,,138000,,,,金锐同创（北京）科技股份有限公司
xingye_securities,5cdda1046aafc170e57ce6cb.md,51504890a1c6190cf850915831fb959a0860af1e,2026-06-25T08:25:12.853451+00:00,D:\Auto_capture_info\documents\structured_announcements\raw_json\xingye_securities\5cdda1046aafc170e57ce6cb.json,兴业证券,2026-02-05,采购招标,IT软硬件,IT运维与外包,兴业证券数据中心网络及存储设备原厂深度健康检查及软件版本评估服务项目（包件3：日立原厂高级服务）,公开招标,,,,,,,,,
xingye_securities,5e0d92271703f6836430330f.md,aca2afd649ff7250869923fbd3eabf238cf9a79c,2026-06-25T08:25:12.854888+00:00,D:\Auto_capture_info\documents\structured_announcements\raw_json\xingye_securities\5e0d92271703f6836430330f.json,兴业证券,,结果公示,IT软硬件,基础算力与云存储,兴业证券2026年第一批次信创服务器采购项目-包件1,,,,,,18040008,,,,上海云选信息技术有限公司
xingye_securities,5e0d92271703f6836430330f.md,aca2afd649ff7250869923fbd3eabf238cf9a79c,2026-06-25T08:25:12.854888+00:00,D:\Auto_capture_info\documents\structured_announcements\raw_json\xingye_securities\5e0d92271703f6836430330f.json,兴业证券,,结果公示,IT软硬件,基础算力与云存储,兴业证券2026年第一批次信创服务器采购项目-包件2,,,,,,7479306,,,,上海南天电脑系统有限公司
xingye_securities,5e0d92271703f6836430330f.md,aca2afd649ff7250869923fbd3eabf238cf9a79c,2026-06-25T08:25:12.854888+00:00,D:\Auto_capture_info\documents\structured_announcements\raw_json\xingye_securities\5e0d92271703f6836430330f.json,兴业证券,,结果公示,IT软硬件,基础算力与云存储,兴业证券2026年第一批次信创服务器采购项目-包件3,,,,,,9344352,,,,上海沐高网络科技有限公司
xingye_securities,5ec911c41aab376b7217ca70.md,5605482452a54c56d6da54656cf9b2a851370b5c,2026-06-25T08:25:12.854971+00:00,D:\Auto_capture_info\documents\structured_announcements\raw_json\xingye_securities\5ec911c41aab376b7217ca70.json,兴业证券,2026-03-12,采购招标,IT软硬件,业务系统与软件,2026年集团RPA智能机器人平台UiPath许可采购（二次）,公开招标,,,,,,,,,
xingye_securities,63baca7d6f4ad30ac96bfc4d.md,d235240a9de94c8d84d76a19404e61e6ba106e94,2026-06-25T08:25:12.854071+00:00,D:\Auto_capture_info\documents\structured_announcements\raw_json\xingye_securities\63baca7d6f4ad30ac96bfc4d.json,兴业证券,2026-03-10,结果公示,IT软硬件,业务系统与软件,兴业证券股份有限公司大投行数智化平台,,,,,,2667600,,,,苏州工业园区凌志软件股份有限公司
xingye_securities,64bf29899d217411d8e7d455.md,d8136a99a01fb9bb709462f86a4876c84de11b31,2026-06-25T08:25:12.853978+00:00,D:\Auto_capture_info\documents\structured_announcements\raw_json\xingye_securities\64bf29899d217411d8e7d455.json,兴业证券,,结果公示,IT软硬件,IT运维与外包,兴业证券2026年度集团数据中心基础设施维保服务采购项目(包7、包8、包9重新招标)-标包7:HPE存储原厂维保,公开招标,,,,,1078000,,,,福建金科信息技术股份有限公司
xingye_securities,66554b205e43e0c52fa95240.md,7c9142ffb958a70cdedf7ac72abd2fc897574f79,2026-06-25T08:25:12.854265+00:00,D:\Auto_capture_info\documents\structured_announcements\raw_json\xingye_securities\66554b205e43e0c52fa95240.json,兴业证券,2026-04-09,采购招标,其他,行政与办公后勤,兴业证券工作服采购项目,公开招标,,,,,,,,,
xingye_securities,68f6029211f51945566eeb93.md,5aa0687e59d5d2930a73a5da3ab0b2ee048f0659,2026-06-25T08:25:12.860984+00:00,D:\Auto_capture_info\documents\structured_announcements\raw_json\xingye_securities\68f6029211f51945566eeb93.json,兴业证券,,流标废标,IT软硬件,IT运维与外包,兴业证券2026年度集团数据中心基础设施维保服务采购项目(包7、包8、包9重新招标)-标包8:其他原厂维保(时间同步服务器、华为存储、IBM存储)原厂维保,公开招标,,,,,,,,,
xingye_securities,68f6029211f51945566eeb93.md,5aa0687e59d5d2930a73a5da3ab0b2ee048f0659,2026-06-25T08:25:12.860984+00:00,D:\Auto_capture_info\documents\structured_announcements\raw_json\xingye_securities\68f6029211f51945566eeb93.json,兴业证券,,流标废标,IT软硬件,IT运维与外包,兴业证券2026年度集团数据中心基础设施维保服务采购项目(包7、包8、包9重新招标)-标包9:第三方维保,公开招标,,,,,,,,,
xingye_securities,6a4230540ed859272e0ad8bf.md,ade697b72f21ea4ad4780bffabc4a7396c4499ef,2026-06-25T08:25:12.862724+00:00,D:\Auto_capture_info\documents\structured_announcements\raw_json\xingye_securities\6a4230540ed859272e0ad8bf.json,兴业证券,,结果公示,IT软硬件,基础算力与云存储,兴业证券核心交易系统信创建设项目服务器采购项目,,,,,,19839045.2,,,,深圳华云信息系统科技股份有限公司
xingye_securities,72c9c5334b6f6e03ec29f0b3.md,ae575f169293adfabfa42aacfd8bdd88a250e8a3,2026-06-25T08:25:12.862961+00:00,D:\Auto_capture_info\documents\structured_announcements\raw_json\xingye_securities\72c9c5334b6f6e03ec29f0b3.json,兴业证券,2026-06-17,结果公示,IT软硬件,业务系统与软件,2026~2029年度WPS365与WPS文档中台信创软件授权采购-合同包1,公开招标,,,,,2681640,,,,福建东方龙在线信息技术有限公司
xingye_securities,72c9c5334b6f6e03ec29f0b3.md,ae575f169293adfabfa42aacfd8bdd88a250e8a3,2026-06-25T08:25:12.862961+00:00,D:\Auto_capture_info\documents\structured_announcements\raw_json\xingye_securities\72c9c5334b6f6e03ec29f0b3.json,兴业证券,2026-06-17,结果公示,IT软硬件,业务系统与软件,2026~2029年度WPS365与WPS文档中台信创软件授权采购-合同包2,公开招标,,,,,2238000,,,,福建升腾资讯有限公司
xingye_securities,76291e2a3caabc98f229e35e.md,c23e274d72587428894a92954fbad282e2794ba4,2026-06-25T08:25:12.862907+00:00,D:\Auto_capture_info\documents\structured_announcements\raw_json\xingye_securities\76291e2a3caabc98f229e35e.json,兴业证券,2026-05-18,结果公示,IT软硬件,基础算力与云存储,集团大模型算力资源池及网络机房配套基础设施建设算力服务器租赁项目-合同包1：8台昇腾910B算力服务器本地租赁服务,公开招标,,,,,6624000,,,,福建省数字福建云计算运营有限公司
xingye_securities,76291e2a3caabc98f229e35e.md,c23e274d72587428894a92954fbad282e2794ba4,2026-06-25T08:25:12.862907+00:00,D:\Auto_capture_info\documents\structured_announcements\raw_json\xingye_securities\76291e2a3caabc98f229e35e.json,兴业证券,2026-05-18,结果公示,IT软硬件,基础算力与云存储,集团大模型算力资源池及网络机房配套基础设施建设算力服务器租赁项目-合同包2：2台CUDA算力服务器本地租赁服务,公开招标,,,,,5220000,,,,福建省数字福建云计算运营有限公司
xingye_securities,792826549c946693d0274963.md,660bbf6d9a89db60cf6db6c1c5f4864657abda8a,2026-06-25T08:25:12.862797+00:00,D:\Auto_capture_info\documents\structured_announcements\raw_json\xingye_securities\792826549c946693d0274963.json,兴业证券,,采购招标,其他,工程装修与物业,兴业证券宿迁分公司装修工程采购项目,,,,,,,,,,
xingye_securities,8b028ead0487e00ad4be1267.md,adf6012abb08e670e4ab1b3170b7372d02659b18,2026-06-25T08:25:12.863866+00:00,D:\Auto_capture_info\documents\structured_announcements\raw_json\xingye_securities\8b028ead0487e00ad4be1267.json,兴业证券,2026-03-11,结果公示,IT软硬件,IT运维与外包,兴业证券数据中心网络及存储设备原厂深度健康检查及软件版本评估服务项目（包件2：华为原厂高级服务）,公开招标,,,,,676000,,,,上海鹏生科技有限公司
xingye_securities,8e29650d6590f0172cb5b768.md,b7503e1ed4d97095022ff102f52d2abfb48a1740,2026-06-25T08:25:12.865862+00:00,D:\Auto_capture_info\documents\structured_announcements\raw_json\xingye_securities\8e29650d6590f0172cb5b768.json,兴业证券,2026-01-13,采购招标,IT软硬件,IT运维与外包,兴业证券2026年度集团数据中心基础设施维保服务采购项目（包7、包8、包9重新招标）,公开招标,,,,,,,,,
xingye_securities,9af4799798591d90967bd9d6.md,792ff92712b03c37f89a0e95d3446426c4dbc1ca,2026-06-25T08:25:12.870395+00:00,D:\Auto_capture_info\documents\structured_announcements\raw_json\xingye_securities\9af4799798591d90967bd9d6.json,兴业证券,,结果公示,IT软硬件,IT运维与外包,兴业证券2026年度集团数据中心基础设施维保服务采购项目(包7、包8、包9重新招标)-标包7:HPE存储原厂维保,公开招标,,,,,1078000.0,,,,福建金科信息技术股份有限公司
xingye_securities,a1b0edef099e7c0fde186f08.md,09d37eafca9b292293a8967c03298b5a80705a78,2026-06-25T08:25:12.869950+00:00,D:\Auto_capture_info\documents\structured_announcements\raw_json\xingye_securities\a1b0edef099e7c0fde186f08.json,兴业证券,,采购招标,IT软硬件,基础算力与云存储,商用大数据平台信创改造项目,公开招标,,,,,,,,,
xingye_securities,a82fcb6ff67d5e04c9e7b073.md,ce77b90ffccdee44edb08861b26b466251aa38c1,2026-06-25T08:25:12.870013+00:00,D:\Auto_capture_info\documents\structured_announcements\raw_json\xingye_securities\a82fcb6ff67d5e04c9e7b073.json,兴业证券,2026-03-16,结果公示,IT软硬件,基础算力与云存储,2026-2028年度麒麟服务器操作系统场地授权采购项目,公开招标,,,,,4500000,,,,北京丁合科技有限公司
xingye_securities,a8914c046350e281947b7d2f.md,d5b46170ce5cd0b03775a89c26aee55ba51110aa,2026-06-25T08:25:12.869420+00:00,D:\Auto_capture_info\documents\structured_announcements\raw_json\xingye_securities\a8914c046350e281947b7d2f.json,兴业证券,2026-06-02,采购招标,专业及金融服务,人力与外包服务,兴业证券股份有限公司网开单向视频回访服务外包项目,公开招标,,,,,,,,,
xingye_securities,ab4648cbade392cf70b1d82c.md,1ab61119254981ee6efcd6308fec4d81add3d645,2026-06-25T08:25:12.870551+00:00,D:\Auto_capture_info\documents\structured_announcements\raw_json\xingye_securities\ab4648cbade392cf70b1d82c.json,兴业证券,2026-05-21,采购招标,IT软硬件,基础算力与云存储,兴业证券2026年第二批次信创服务器采购项目-包件1：海光、鲲鹏均可路线服务器,公开招标,,,,,,,,,
xingye_securities,ab4648cbade392cf70b1d82c.md,1ab61119254981ee6efcd6308fec4d81add3d645,2026-06-25T08:25:12.870551+00:00,D:\Auto_capture_info\documents\structured_announcements\raw_json\xingye_securities\ab4648cbade392cf70b1d82c.json,兴业证券,2026-05-21,采购招标,IT软硬件,基础算力与云存储,兴业证券2026年第二批次信创服务器采购项目-包件2：鲲鹏路线服务器,公开招标,,,,,,,,,
xingye_securities,ab4648cbade392cf70b1d82c.md,1ab61119254981ee6efcd6308fec4d81add3d645,2026-06-25T08:25:12.870551+00:00,D:\Auto_capture_info\documents\structured_announcements\raw_json\xingye_securities\ab4648cbade392cf70b1d82c.json,兴业证券,2026-05-21,采购招标,IT软硬件,基础算力与云存储,兴业证券2026年第二批次信创服务器采购项目-包件3：海光路线服务器,公开招标,,,,,,,,,
xingye_securities,ac759292aa36cac09ddfa1e4.md,558521074840a9cf1979e752349b74e7e83252e0,2026-06-25T08:25:12.870626+00:00,D:\Auto_capture_info\documents\structured_announcements\raw_json\xingye_securities\ac759292aa36cac09ddfa1e4.json,兴业证券,2026-01-27,采购招标,IT软硬件,IT运维与外包,兴业证券2026年度集团数据中心基础设施维保服务采购项目(包5重新招标）,公开招标,,,,,,,,,
xingye_securities,acc5ac2b2fe8edefdc69bb91.md,6ca7a179e6ca5bed3033eaced419faa0a798a30c,2026-06-25T08:25:12.872736+00:00,D:\Auto_capture_info\documents\structured_announcements\raw_json\xingye_securities\acc5ac2b2fe8edefdc69bb91.json,,,采购招标,IT软硬件,基础算力与云存储,信创大数据平台采购项目,公开招标,,,,,,,,,
xingye_securities,b2340566600ab1fbcb46f40d.md,0eed5cee45011b8284c16c4eefc56069e7d9e479,2026-06-25T08:25:12.877529+00:00,D:\Auto_capture_info\documents\structured_announcements\raw_json\xingye_securities\b2340566600ab1fbcb46f40d.json,兴业证券,,采购招标,其他,工程装修与物业,兴业证券宜兴解放东路证券营业部装修工程采购项目,,,,,,,,,,
xingye_securities,bb42e6717fc50ab58745af49.md,b9acd00ce9a901401524de9c397e8c8cb5b68ae0,2026-06-25T08:25:12.877203+00:00,D:\Auto_capture_info\documents\structured_announcements\raw_json\xingye_securities\bb42e6717fc50ab58745af49.json,兴业证券,2026-03-11,结果公示,IT软硬件,基础算力与云存储,2026-2028年度麒麟服务器操作系统场地授权采购项目,公开招标,,,,,4500000,,,,北京丁合科技有限公司
xingye_securities,c13104c69762baa8a1cf7fd0.md,a8381229edb53828ea9c6f1d51ae61999c563ca1,2026-06-25T08:25:12.876359+00:00,D:\Auto_capture_info\documents\structured_announcements\raw_json\xingye_securities\c13104c69762baa8a1cf7fd0.json,兴业证券,,结果公示,IT软硬件,基础算力与云存储,兴业证券2026年第二批次信创服务器采购项目-包件1,,,,,,11492700,,,,上海华讯网络系统有限公司
xingye_securities,c13104c69762baa8a1cf7fd0.md,a8381229edb53828ea9c6f1d51ae61999c563ca1,2026-06-25T08:25:12.876359+00:00,D:\Auto_capture_info\documents\structured_announcements\raw_json\xingye_securities\c13104c69762baa8a1cf7fd0.json,兴业证券,,结果公示,IT软硬件,基础算力与云存储,兴业证券2026年第二批次信创服务器采购项目-包件2,,,,,,1888000,,,,上海云选信息技术有限公司
xingye_securities,c13104c69762baa8a1cf7fd0.md,a8381229edb53828ea9c6f1d51ae61999c563ca1,2026-06-25T08:25:12.876359+00:00,D:\Auto_capture_info\documents\structured_announcements\raw_json\xingye_securities\c13104c69762baa8a1cf7fd0.json,兴业证券,,结果公示,IT软硬件,基础算力与云存储,兴业证券2026年第二批次信创服务器采购项目-包件3,,,,,,9349950,,,,福建创智联数据技术有限公司
xingye_securities,c152c03358c9150056c8203d.md,f53d36e50f1ffed2175a7e84eaf0ef303dd3a25c,2026-06-25T08:25:12.878812+00:00,D:\Auto_capture_info\documents\structured_announcements\raw_json\xingye_securities\c152c03358c9150056c8203d.json,兴业证券,2026-05-25,采购招标,专业及金融服务,人力与外包服务,兴业证券股份有限公司网开单向视频回访服务外包项目,公开招标,,,,,,,,,
xingye_securities,c2a80476479f1862d24b0956.md,0244e7453f12278c3a587c1d03e3e2ee4b837f51,2026-06-25T08:25:12.882464+00:00,D:\Auto_capture_info\documents\structured_announcements\raw_json\xingye_securities\c2a80476479f1862d24b0956.json,兴业证券,2026-04-23,采购招标,IT软硬件,基础算力与云存储,集团大模型算力资源池及网络机房配套基础设施建设算力服务器租赁项目（合同包1：8台昇腾910B算力服务器本地租赁服务）,公开招标,,,,,,,,,
xingye_securities,c2a80476479f1862d24b0956.md,0244e7453f12278c3a587c1d03e3e2ee4b837f51,2026-06-25T08:25:12.882464+00:00,D:\Auto_capture_info\documents\structured_announcements\raw_json\xingye_securities\c2a80476479f1862d24b0956.json,兴业证券,2026-04-23,采购招标,IT软硬件,基础算力与云存储,集团大模型算力资源池及网络机房配套基础设施建设算力服务器租赁项目（合同包2：2台CUDA算力服务器本地租赁服务）,公开招标,,,,,,,,,
xingye_securities,c2d6c2c9bb5c10be3095de5c.md,3db98f8eb7da773967e5e7fcf53588c727bada47,2026-06-25T08:25:12.885663+00:00,D:\Auto_capture_info\documents\structured_announcements\raw_json\xingye_securities\c2d6c2c9bb5c10be3095de5c.json,兴证全球基金管理有限公司,2026-05-01,结果公示,专业及金融服务,营销与投研数据,兴证全球基金管理有限公司ETF流动性服务商采购项目,公开招标,,,,,,,,,中信建投证券股份有限公司
xingye_securities,c2d6c2c9bb5c10be3095de5c.md,3db98f8eb7da773967e5e7fcf53588c727bada47,2026-06-25T08:25:12.885663+00:00,D:\Auto_capture_info\documents\structured_announcements\raw_json\xingye_securities\c2d6c2c9bb5c10be3095de5c.json,兴证全球基金管理有限公司,2026-05-01,结果公示,专业及金融服务,营销与投研数据,兴证全球基金管理有限公司ETF流动性服务商采购项目,公开招标,,,,,,,,,中信证券股份有限公司
xingye_securities,c2d6c2c9bb5c10be3095de5c.md,3db98f8eb7da773967e5e7fcf53588c727bada47,2026-06-25T08:25:12.885663+00:00,D:\Auto_capture_info\documents\structured_announcements\raw_json\xingye_securities\c2d6c2c9bb5c10be3095de5c.json,兴证全球基金管理有限公司,2026-05-01,结果公示,专业及金融服务,营销与投研数据,兴证全球基金管理有限公司ETF流动性服务商采购项目,公开招标,,,,,,,,,国信证券股份有限公司
xingye_securities,c2d6c2c9bb5c10be3095de5c.md,3db98f8eb7da773967e5e7fcf53588c727bada47,2026-06-25T08:25:12.885663+00:00,D:\Auto_capture_info\documents\structured_announcements\raw_json\xingye_securities\c2d6c2c9bb5c10be3095de5c.json,兴证全球基金管理有限公司,2026-05-01,结果公示,专业及金融服务,营销与投研数据,兴证全球基金管理有限公司ETF流动性服务商采购项目,公开招标,,,,,,,,,国泰海通证券股份有限公司
xingye_securities,c2d6c2c9bb5c10be3095de5c.md,3db98f8eb7da773967e5e7fcf53588c727bada47,2026-06-25T08:25:12.885663+00:00,D:\Auto_capture_info\documents\structured_announcements\raw_json\xingye_securities\c2d6c2c9bb5c10be3095de5c.json,兴证全球基金管理有限公司,2026-05-01,结果公示,专业及金融服务,营销与投研数据,兴证全球基金管理有限公司ETF流动性服务商采购项目,公开招标,,,,,,,,,招商证券股份有限公司
xingye_securities,c469dc3e3aa2e09b11dca7c6.md,9e1af9df9fce8abf3ff9bb3fd5e7ca17032bbfa5,2026-06-25T08:25:12.883830+00:00,D:\Auto_capture_info\documents\structured_announcements\raw_json\xingye_securities\c469dc3e3aa2e09b11dca7c6.json,兴业证券,,采购招标,其他,工程装修与物业,兴业证券广西桂林分公司办公改造装修工程采购项目,,,,,,,,,,
xingye_securities,c71eff783ada35aa1cc57c17.md,dacf28e2daf0f13ed700a5e2a070b2e927308ced,2026-06-25T08:25:12.882707+00:00,D:\Auto_capture_info\documents\structured_announcements\raw_json\xingye_securities\c71eff783ada35aa1cc57c17.json,兴业证券,2025-01-27,结果公示,IT软硬件,基础算力与云存储,2025年信息技术应用创新笔记本电脑框架采购项目,,,,,,,,,,
xingye_securities,c71eff783ada35aa1cc57c17.md,dacf28e2daf0f13ed700a5e2a070b2e927308ced,2026-06-25T08:25:12.882707+00:00,D:\Auto_capture_info\documents\structured_announcements\raw_json\xingye_securities\c71eff783ada35aa1cc57c17.json,兴业证券,2024-04-15,采购招标,其他,其他未分类,关于兴业证券股份有限公司电子设备报废处置供应商征集公告,,,,,,,,,,
xingye_securities,c71eff783ada35aa1cc57c17.md,dacf28e2daf0f13ed700a5e2a070b2e927308ced,2026-06-25T08:25:12.882707+00:00,D:\Auto_capture_info\documents\structured_announcements\raw_json\xingye_securities\c71eff783ada35aa1cc57c17.json,兴业证券,2024-01-25,结果公示,专业及金融服务,营销与投研数据,兴业证券2023-2024年度万得资讯终端集团采购项目,,,,,,,,,,
xingye_securities,c71eff783ada35aa1cc57c17.md,dacf28e2daf0f13ed700a5e2a070b2e927308ced,2026-06-25T08:25:12.882707+00:00,D:\Auto_capture_info\documents\structured_announcements\raw_json\xingye_securities\c71eff783ada35aa1cc57c17.json,兴业证券,2024-01-11,结果公示,专业及金融服务,审计与咨询服务,兴业证券2024年外债发行审计及翻译服务项目,,,,,,,,,,
xingye_securities,c71eff783ada35aa1cc57c17.md,dacf28e2daf0f13ed700a5e2a070b2e927308ced,2026-06-25T08:25:12.882707+00:00,D:\Auto_capture_info\documents\structured_announcements\raw_json\xingye_securities\c71eff783ada35aa1cc57c17.json,兴业证券,2024-01-25,结果公示,专业及金融服务,人力与外包服务,兴业证券2024年背景调查项目,,,,,,,,,,
xingye_securities,c71eff783ada35aa1cc57c17.md,dacf28e2daf0f13ed700a5e2a070b2e927308ced,2026-06-25T08:25:12.882707+00:00,D:\Auto_capture_info\documents\structured_announcements\raw_json\xingye_securities\c71eff783ada35aa1cc57c17.json,兴业证券,2024-01-02,结果公示,IT软硬件,业务系统与软件,兴业证券上海股息红利税PROP实时接口申报项目,,,,,,,,,,
xingye_securities,c71eff783ada35aa1cc57c17.md,dacf28e2daf0f13ed700a5e2a070b2e927308ced,2026-06-25T08:25:12.882707+00:00,D:\Auto_capture_info\documents\structured_announcements\raw_json\xingye_securities\c71eff783ada35aa1cc57c17.json,兴业证券,2025-11-07,结果公示,IT软硬件,业务系统与软件,兴业证券固定收益系统本币交易接口2025年监管改造项目,单一来源,,,,,,,,,
xingye_securities,c71eff783ada35aa1cc57c17.md,dacf28e2daf0f13ed700a5e2a070b2e927308ced,2026-06-25T08:25:12.882707+00:00,D:\Auto_capture_info\documents\structured_announcements\raw_json\xingye_securities\c71eff783ada35aa1cc57c17.json,兴业证券,2024-01-12,结果公示,IT软硬件,业务系统与软件,兴业证券新意相关系统北交所债券现券功能改造项目,单一来源,,,,,,,,,
xingye_securities,c71eff783ada35aa1cc57c17.md,dacf28e2daf0f13ed700a5e2a070b2e927308ced,2026-06-25T08:25:12.882707+00:00,D:\Auto_capture_info\documents\structured_announcements\raw_json\xingye_securities\c71eff783ada35aa1cc57c17.json,兴业证券,2025-04-28,采购招标,IT软硬件,基础算力与云存储,兴业证券股份有限公司2025年信创台式机框架采购项目,公开招标,,,,,,,,,
xingye_securities,c71eff783ada35aa1cc57c17.md,dacf28e2daf0f13ed700a5e2a070b2e927308ced,2026-06-25T08:25:12.882707+00:00,D:\Auto_capture_info\documents\structured_announcements\raw_json\xingye_securities\c71eff783ada35aa1cc57c17.json,兴业证券,2024-01-25,结果公示,其他,工程装修与物业,兴业证券股份有限公司徐州分公司装修工程,,,,,,,,,,
xingye_securities,c71eff783ada35aa1cc57c17.md,dacf28e2daf0f13ed700a5e2a070b2e927308ced,2026-06-25T08:25:12.882707+00:00,D:\Auto_capture_info\documents\structured_announcements\raw_json\xingye_securities\c71eff783ada35aa1cc57c17.json,兴业证券,2025-06-12,结果公示,IT软硬件,业务系统与软件,兴业证券股份有限公司汇点期权APP升级项目,,,,,,,,,,
xingye_securities,c71eff783ada35aa1cc57c17.md,dacf28e2daf0f13ed700a5e2a070b2e927308ced,2026-06-25T08:25:12.882707+00:00,D:\Auto_capture_info\documents\structured_announcements\raw_json\xingye_securities\c71eff783ada35aa1cc57c17.json,兴业证券,2024-01-25,结果公示,其他,工程装修与物业,兴业证券股份有限公司深圳宝安证券营业部装修工程,,,,,,,,,,
xingye_securities,c71eff783ada35aa1cc57c17.md,dacf28e2daf0f13ed700a5e2a070b2e927308ced,2026-06-25T08:25:12.882707+00:00,D:\Auto_capture_info\documents\structured_announcements\raw_json\xingye_securities\c71eff783ada35aa1cc57c17.json,兴业证券,2024-08-06,结果公示,IT软硬件,业务系统与软件,兴业证券股份有限公司自营O32北交所债券现券改造项目,,,,,,,,,,
xingye_securities,c71eff783ada35aa1cc57c17.md,dacf28e2daf0f13ed700a5e2a070b2e927308ced,2026-06-25T08:25:12.882707+00:00,D:\Auto_capture_info\documents\structured_announcements\raw_json\xingye_securities\c71eff783ada35aa1cc57c17.json,兴业证券,2024-01-25,结果公示,IT软硬件,业务系统与软件,兴业证券财务共享五期项目,,,,,,,,,,
xingye_securities,c71eff783ada35aa1cc57c17.md,dacf28e2daf0f13ed700a5e2a070b2e927308ced,2026-06-25T08:25:12.882707+00:00,D:\Auto_capture_info\documents\structured_announcements\raw_json\xingye_securities\c71eff783ada35aa1cc57c17.json,兴业证券,2024-01-25,结果公示,IT软硬件,IT运维与外包,兴证资管赢时胜估值核算系统、TA资金清算系统和FISP监管报送系统维护费统一采购项目,,,,,,,,,,
xingye_securities,cc876d8d51dd92f4ca3b88e1.md,3ac8cbec85040ac8bf974fed0bc6e351b36937b1,2026-06-25T08:25:12.891051+00:00,D:\Auto_capture_info\documents\structured_announcements\raw_json\xingye_securities\cc876d8d51dd92f4ca3b88e1.json,兴业证券,2026-03-11,结果公示,IT软硬件,IT运维与外包,兴业证券数据中心网络及存储设备原厂深度健康检查及软件版本评估服务项目（包件1：思科原厂高级服务）,公开招标,,,,,968000,,,,深圳华云信息系统科技股份有限公司
xingye_securities,ced511181e75fd971456b3fe.md,1e9acdaa4e66cae92713304147ebf5754f2afa50,2026-06-25T08:25:12.885114+00:00,D:\Auto_capture_info\documents\structured_announcements\raw_json\xingye_securities\ced511181e75fd971456b3fe.json,兴业证券,2026-05-25,采购招标,IT软硬件,业务系统与软件,2026~2029年度WPS 365信创软件授权采购,公开招标,,,,,,,,,
xingye_securities,ced511181e75fd971456b3fe.md,1e9acdaa4e66cae92713304147ebf5754f2afa50,2026-06-25T08:25:12.885114+00:00,D:\Auto_capture_info\documents\structured_announcements\raw_json\xingye_securities\ced511181e75fd971456b3fe.json,兴业证券,2026-05-25,采购招标,IT软硬件,业务系统与软件,2026~2029年度WPS文档中台信创软件授权采购,公开招标,,,,,,,,,
xingye_securities,cff4c3510bf7a7a580b203a3.md,4185b61779b75069179b5dcb1b9db52339eefa8c,2026-06-25T08:25:12.894459+00:00,D:\Auto_capture_info\documents\structured_announcements\raw_json\xingye_securities\cff4c3510bf7a7a580b203a3.json,兴业证券,2026-01-30,采购招标,IT软硬件,基础算力与云存储,2026-2028年度麒麟服务器操作系统场地授权采购项目,公开招标,,,,,,,,,
xingye_securities,d5683a86b40ef24f85815a38.md,2a8f2d5b855b9fede101b1238317d580ac519c54,2026-06-25T08:25:12.894290+00:00,D:\Auto_capture_info\documents\structured_announcements\raw_json\xingye_securities\d5683a86b40ef24f85815a38.json,兴业证券,2026-06-23,结果公示,IT软硬件,业务系统与软件,2026~2029年度WPS365与WPS文档中台信创软件授权采购-合同包1,,,,,,2681640,,,,福建东方龙在线信息技术有限公司
xingye_securities,d5683a86b40ef24f85815a38.md,2a8f2d5b855b9fede101b1238317d580ac519c54,2026-06-25T08:25:12.894290+00:00,D:\Auto_capture_info\documents\structured_announcements\raw_json\xingye_securities\d5683a86b40ef24f85815a38.json,兴业证券,2026-06-23,结果公示,IT软硬件,业务系统与软件,2026~2029年度WPS365与WPS文档中台信创软件授权采购-合同包2,,,,,,2238000,,,,福建升腾资讯有限公司
xingye_securities,d79a97847ec407d8642861fb.md,299a9cd3f6a249e502200cbf5ffb8f6e21188d0f,2026-06-25T08:25:12.893828+00:00,D:\Auto_capture_info\documents\structured_announcements\raw_json\xingye_securities\d79a97847ec407d8642861fb.json,兴业证券,,采购招标,IT软硬件,网络与信息安全,核心交易系统信创网络设备采购（二次）合同包1,公开招标,,,,,,,,,
xingye_securities,d79a97847ec407d8642861fb.md,299a9cd3f6a249e502200cbf5ffb8f6e21188d0f,2026-06-25T08:25:12.893828+00:00,D:\Auto_capture_info\documents\structured_announcements\raw_json\xingye_securities\d79a97847ec407d8642861fb.json,兴业证券,,采购招标,IT软硬件,网络与信息安全,核心交易系统信创网络设备采购（二次）合同包2,公开招标,,,,,,,,,
xingye_securities,d8b4447076ce4fd25661c20f.md,d870f407ad386ddb1c59a02958177ef3a0ff9d83,2026-06-25T08:25:12.894624+00:00,D:\Auto_capture_info\documents\structured_announcements\raw_json\xingye_securities\d8b4447076ce4fd25661c20f.json,兴业证券,2026-06-22,结果公示,专业及金融服务,人力与外包服务,兴业证券股份有限公司网开单向视频回访服务外包项目,公开招标,,,,,3156000,,,,北京百思特捷迅科技有限公司
xingye_securities,d955f10883b19c997addae0e.md,8c7c4d9f4773216f396544266a31660eefe968b6,2026-06-25T08:25:12.897138+00:00,D:\Auto_capture_info\documents\structured_announcements\raw_json\xingye_securities\d955f10883b19c997addae0e.json,兴业证券,,采购招标,其他,工程装修与物业,兴业证券宜昌分公司搬迁装修工程采购项目,,,,,,,,,,
xingye_securities,da71f08a35216abf6a54ea75.md,bc5d437d9c0efa5d36de3bf2f1274527d11b36e2,2026-06-25T08:25:12.895301+00:00,D:\Auto_capture_info\documents\structured_announcements\raw_json\xingye_securities\da71f08a35216abf6a54ea75.json,兴业证券,2026-02-05,采购招标,IT软硬件,IT运维与外包,兴业证券数据中心网络及存储设备原厂深度健康检查及软件版本评估服务项目（包件2：华为原厂高级服务）,公开招标,,,,,,,,,
xingye_securities,def62b332cd7b80d288d25e8.md,6a6a2f9113573e5f948d283152ab915a9a7c9197,2026-06-25T08:25:12.896176+00:00,D:\Auto_capture_info\documents\structured_announcements\raw_json\xingye_securities\def62b332cd7b80d288d25e8.json,兴业证券,2026-05-26,采购招标,IT软硬件,IT运维与外包,兴业证券2026年集团数据中心网络设备原厂维保项目,公开招标,,,,,,,,,
xingye_securities,e4b156470b6e56b9b25ee0e8.md,f0b691378ca861e302ebc65d6d108e9e3c1b99a1,2026-06-25T08:25:12.898380+00:00,D:\Auto_capture_info\documents\structured_announcements\raw_json\xingye_securities\e4b156470b6e56b9b25ee0e8.json,兴业证券,2026-02-11,采购招标,IT软硬件,基础算力与云存储,兴业证券股份有限公司2026-2028年度麒麟服务器操作系统场地授权采购项目,公开招标,,,,,,,,,
xingye_securities,e7c72f00604f3c88c106ccf4.md,2dec90ccbd95ea7da0b03b23247a4a2739717cfe,2026-06-25T08:25:12.901470+00:00,D:\Auto_capture_info\documents\structured_announcements\raw_json\xingye_securities\e7c72f00604f3c88c106ccf4.json,兴业证券,2026-05-07,结果公示,IT软硬件,基础算力与云存储,兴业证券核心交易系统信创建设项目服务器采购项目,公开招标,,,,,19839045.2,,,,深圳华云信息系统科技股份有限公司
xingye_securities,e8f29735e7ef636a75f61a43.md,951e7c55f21e3e0c3ad97522cd72da25e2be54c0,2026-06-25T08:25:12.901521+00:00,D:\Auto_capture_info\documents\structured_announcements\raw_json\xingye_securities\e8f29735e7ef636a75f61a43.json,兴业证券,2026-05-22,结果公示,IT软硬件,基础算力与云存储,集团大模型算力资源池及网络机房配套基础设施建设算力服务器租赁项目-合同包1：8台昇腾910B算力服务器本地租赁服务,,,,,,6624000,,,,福建省数字福建云计算运营有限公司
xingye_securities,e8f29735e7ef636a75f61a43.md,951e7c55f21e3e0c3ad97522cd72da25e2be54c0,2026-06-25T08:25:12.901521+00:00,D:\Auto_capture_info\documents\structured_announcements\raw_json\xingye_securities\e8f29735e7ef636a75f61a43.json,兴业证券,2026-05-22,结果公示,IT软硬件,基础算力与云存储,集团大模型算力资源池及网络机房配套基础设施建设算力服务器租赁项目-合同包2：2台CUDA算力服务器本地租赁服务,,,,,,5220000,,,,福建省数字福建云计算运营有限公司
xingye_securities,eb6a99bef95e7d1bd1f5ff71.md,66b18d8fc25b097e6de073984f94c7cd415bb915,2026-06-25T08:25:12.900827+00:00,D:\Auto_capture_info\documents\structured_announcements\raw_json\xingye_securities\eb6a99bef95e7d1bd1f5ff71.json,兴业证券,,采购招标,IT软硬件,业务系统与软件,2026年集团RPA智能机器人平台UiPath许可采购,公开招标,,,,,,,,,
xingye_securities,f1d2c14e3641b69aee5339ca.md,cb5cc0158cfe880d61fc7c0b8fa543262f7b9a0f,2026-06-25T08:25:12.902587+00:00,D:\Auto_capture_info\documents\structured_announcements\raw_json\xingye_securities\f1d2c14e3641b69aee5339ca.json,兴业证券,,采购招标,其他,工程装修与物业,兴业证券湖北分公司搬迁装修工程采购项目,,,,,,,,,,
zhongtai_securities,4a25aaa672315ab1c4381c10.md,591d398d652c55e89a83a0d8dd217161516ebe58,2026-06-25T08:25:12.901917+00:00,D:\Auto_capture_info\documents\structured_announcements\raw_json\zhongtai_securities\4a25aaa672315ab1c4381c10.json,中泰证券,2026-06-18,采购招标,其他,行政与办公后勤,中泰证券员工之家专项管理服务采购项目,公开招标,,,,,,,,,
zhongtai_securities,4cd68b6f6e9289d631116b3a.md,7d7c06f6db89dfa9f98998a0ad158159b8d3a6b3,2026-06-25T08:25:12.903875+00:00,D:\Auto_capture_info\documents\structured_announcements\raw_json\zhongtai_securities\4cd68b6f6e9289d631116b3a.json,中泰证券,2026-06-18,结果公示,其他,行政与办公后勤,中泰证券第六届员工运动会项目,,,,,,1446686.5,,,,山东海马体育文化传播有限公司
zhongtai_securities,5406ef2bf89b4097c39f57f2.md,143a1786ced5f78102537e2afd9cbf28050bbe7f,2026-06-25T08:25:12.903587+00:00,D:\Auto_capture_info\documents\structured_announcements\raw_json\zhongtai_securities\5406ef2bf89b4097c39f57f2.json,中泰证券,2026-06-22,结果公示,IT软硬件,基础算力与云存储,中泰证券智算机柜租赁项目,,,,,,1137600,,,,中国电信集团有限公司济南分公司
zhongtai_securities,5406ef2bf89b4097c39f57f2.md,143a1786ced5f78102537e2afd9cbf28050bbe7f,2026-06-25T08:25:12.903587+00:00,D:\Auto_capture_info\documents\structured_announcements\raw_json\zhongtai_securities\5406ef2bf89b4097c39f57f2.json,中泰证券,2026-06-22,结果公示,IT软硬件,基础算力与云存储,中泰证券智算机柜租赁项目,,,,,,744480,,,,中国移动通信集团山东有限公司
zhongtai_securities,5406ef2bf89b4097c39f57f2.md,143a1786ced5f78102537e2afd9cbf28050bbe7f,2026-06-25T08:25:12.903587+00:00,D:\Auto_capture_info\documents\structured_announcements\raw_json\zhongtai_securities\5406ef2bf89b4097c39f57f2.json,中泰证券,2026-06-22,结果公示,IT软硬件,基础算力与云存储,中泰证券智算机柜租赁项目,,,,,,864000,,,,中国联合网络通信有限公司济南市分公司
zhongtai_securities,811d0d7bd2f8f31989ac11f8.md,fa9cdc87c1b380c4ea6870b405ebe7c1ae5d4b0a,2026-06-25T08:25:12.907646+00:00,D:\Auto_capture_info\documents\structured_announcements\raw_json\zhongtai_securities\811d0d7bd2f8f31989ac11f8.json,中泰证券,2026-06-15,结果公示,专业及金融服务,审计与咨询服务,中泰证券组织级DevOps平台能力成熟度标准咨询和评估服务二期项目,,,,,,572000,,,,北京华佑科技有限公司
zhongtai_securities,9d05bcacf35ffb20d12ccc97.md,9b8b6560c82fe37d6ec6d46b95cbb5096d57e0c1,2026-06-25T08:25:12.916168+00:00,D:\Auto_capture_info\documents\structured_announcements\raw_json\zhongtai_securities\9d05bcacf35ffb20d12ccc97.json,中泰证券,2026-06-15,结果公示,其他,行政与办公后勤,中泰证券第六届员工运动会项目,,,,,,1439296,,,,山东博悦体育产业有限公司
zhongtai_securities,9d05bcacf35ffb20d12ccc97.md,9b8b6560c82fe37d6ec6d46b95cbb5096d57e0c1,2026-06-25T08:25:12.916168+00:00,D:\Auto_capture_info\documents\structured_announcements\raw_json\zhongtai_securities\9d05bcacf35ffb20d12ccc97.json,中泰证券,2026-06-15,结果公示,其他,行政与办公后勤,中泰证券第六届员工运动会项目,,,,,,1446686.5,,,,山东海马体育文化传播有限公司
zhongtai_securities,9d05bcacf35ffb20d12ccc97.md,9b8b6560c82fe37d6ec6d46b95cbb5096d57e0c1,2026-06-25T08:25:12.916168+00:00,D:\Auto_capture_info\documents\structured_announcements\raw_json\zhongtai_securities\9d05bcacf35ffb20d12ccc97.json,中泰证券,2026-06-15,结果公示,其他,行政与办公后勤,中泰证券第六届员工运动会项目,,,,,,844613.3,,,,青岛思搏特体育文化有限公司
zhongtai_securities,a67d06166de4e9063dbbf970.md,9c9e54dd118671bbaeb389bcd6b43ee63404e579,2026-06-29T01:31:05.827219+00:00,D:\Auto_capture_info\documents\structured_announcements\raw_json\zhongtai_securities\a67d06166de4e9063dbbf970.json,中泰证券,2026-06-25,结果公示,IT软硬件,基础算力与云存储,中泰证券智算机柜租赁项目,,,,,,744480,,,,中国移动通信集团山东有限公司
zhongtai_securities,b872c64cb1d86fd53dc965fe.md,3b04f8e62af8ca659891115121d1dfebe5dc4704,2026-06-25T08:25:12.912191+00:00,D:\Auto_capture_info\documents\structured_announcements\raw_json\zhongtai_securities\b872c64cb1d86fd53dc965fe.json,中泰证券,2026-06-18,采购招标,IT软硬件,基础算力与云存储,中泰证券中金所上海唐镇机房专线项目（第二次）,公开招标,,,,,,,,,
zhongtai_securities,d3eb40410ef66da0eab5c4ca.md,bf2f3a90b03d761fed6ab2fa8ebc82730a13379d,2026-06-29T01:26:26.812142+00:00,D:\Auto_capture_info\documents\structured_announcements\raw_json\zhongtai_securities\d3eb40410ef66da0eab5c4ca.json,中泰证券,2026-06-24,采购招标,其他,工程装修与物业,中泰证券北京集中办公区物业管理项目,公开招标,,,,,,,,,
zhongtai_securities,f37c0be27e3374784e6f40f1.md,4cc2e4f6d7f71dd55ede9585de13693b6a532557,2026-06-25T08:25:12.912079+00:00,D:\Auto_capture_info\documents\structured_announcements\raw_json\zhongtai_securities\f37c0be27e3374784e6f40f1.json,中泰证券,2026-06-15,流标废标,IT软硬件,基础算力与云存储,中泰证券中金所上海唐镇机房专线项目,,,,,,,,,,
zhongyuan_securities,2e5b8725ab3cac490a65e66c.md,2dea3c2f5a662b6b64295a3086d0aab49473bb1b,2026-06-25T08:25:12.912639+00:00,D:\Auto_capture_info\documents\structured_announcements\raw_json\zhongyuan_securities\2e5b8725ab3cac490a65e66c.json,中原证券,,采购招标,IT软硬件,IT运维与外包,中原证券禹州府东路证券营业部迁址信息系统建设工程项目,公开招标,,,,,,,,,
zhongyuan_securities,978688bf549438cb98baa444.md,6e5a7ea559a8fc78bbd53b1d1a0b9f26a54f7f37,2026-06-25T08:25:12.913737+00:00,D:\Auto_capture_info\documents\structured_announcements\raw_json\zhongyuan_securities\978688bf549438cb98baa444.json,中原证券,,采购招标,其他,行政与办公后勤,保安服务采购项目,公开招标,,,,,,,,,
zhongyuan_securities,a61bb2026cc29e49fc03faf8.md,90b9987a8d36d530382c25fd0cc06ff547fcc635,2026-06-25T08:25:12.913687+00:00,D:\Auto_capture_info\documents\structured_announcements\raw_json\zhongyuan_securities\a61bb2026cc29e49fc03faf8.json,中原证券,,采购招标,其他,行政与办公后勤,保洁服务采购项目,公开招标,,,,,,,,,
zhongyuan_securities,a6d0eb73c4cf05524562b725.md,3d8a023c2fa7cc3802fe407cc7ec75d7b31e67fe,2026-06-25T08:25:12.915602+00:00,D:\Auto_capture_info\documents\structured_announcements\raw_json\zhongyuan_securities\a6d0eb73c4cf05524562b725.json,中原证券,,采购招标,其他,工程装修与物业,中原证券禹州府东路证券营业部空调采购项目,询比采购,,,,,,,,,
zhongyuan_securities,abf593ea1f1d7d03c0302594.md,ec9bd087402b431479ac408f232aa2e9769b5bbe,2026-06-25T08:25:12.919786+00:00,D:\Auto_capture_info\documents\structured_announcements\raw_json\zhongyuan_securities\abf593ea1f1d7d03c0302594.json,中原证券,,采购招标,其他,工程装修与物业,中原证券禹州府东路证券营业部空调采购项目,询比采购,,,,,,,,,
zhongyuan_securities,b8c4a530abecac4da69a8010.md,82fd89d11773a823bfdefed18ac65ee108a71352,2026-06-25T08:25:12.920630+00:00,D:\Auto_capture_info\documents\structured_announcements\raw_json\zhongyuan_securities\b8c4a530abecac4da69a8010.json,中原证券,,采购招标,其他,行政与办公后勤,保洁服务采购项目,公开招标,,,,,,,,,
zhongyuan_securities,ed312f392954cfa0158b70e6.md,59ffba7040a426035f44f5b2804f412545d6d1f1,2026-06-25T08:25:12.921799+00:00,D:\Auto_capture_info\documents\structured_announcements\raw_json\zhongyuan_securities\ed312f392954cfa0158b70e6.json,中原证券,,采购招标,IT软硬件,基础算力与云存储,中原证券上海固收平台迁移采购项目,询比采购,,,,,,,,,
zhongyuan_securities,fe3efb3a3905acba04dde3f1.md,d9715333d114fe132c23c16e6162af3cf845da89,2026-06-25T08:25:12.923699+00:00,D:\Auto_capture_info\documents\structured_announcements\raw_json\zhongyuan_securities\fe3efb3a3905acba04dde3f1.json,中原证券,,采购招标,IT软硬件,IT运维与外包,中原证券禹州府东路证券营业部迁址信息系统建设工程项目,公开招标,,,,,,,,,
